xml_id,url
pmb298224,https://www.schnitzler-kultur.acdh.oeaw.ac.at/pmb298224.html
pmb298221,https://www.schnitzler-kultur.acdh.oeaw.ac.at/pmb298221.html
pmb298218,https://www.schnitzler-kultur.acdh.oeaw.ac.at/pmb298218.html
pmb298215,https://www.schnitzler-kultur.acdh.oeaw.ac.at/pmb298215.html
pmb298212,https://www.schnitzler-kultur.acdh.oeaw.ac.at/pmb298212.html
pmb298209,https://www.schnitzler-kultur.acdh.oeaw.ac.at/pmb298209.html
pmb298206,https://www.schnitzler-kultur.acdh.oeaw.ac.at/pmb298206.html
pmb298203,https://www.schnitzler-kultur.acdh.oeaw.ac.at/pmb298203.html
pmb298200,https://www.schnitzler-kultur.acdh.oeaw.ac.at/pmb298200.html
pmb298197,https://www.schnitzler-kultur.acdh.oeaw.ac.at/pmb298197.html
pmb298194,https://www.schnitzler-kultur.acdh.oeaw.ac.at/pmb298194.html
pmb298191,https://www.schnitzler-kultur.acdh.oeaw.ac.at/pmb298191.html
pmb298188,https://www.schnitzler-kultur.acdh.oeaw.ac.at/pmb298188.html
pmb298185,https://www.schnitzler-kultur.acdh.oeaw.ac.at/pmb298185.html
pmb298182,https://www.schnitzler-kultur.acdh.oeaw.ac.at/pmb298182.html
pmb298179,https://www.schnitzler-kultur.acdh.oeaw.ac.at/pmb298179.html
pmb298176,https://www.schnitzler-kultur.acdh.oeaw.ac.at/pmb298176.html
pmb298173,https://www.schnitzler-kultur.acdh.oeaw.ac.at/pmb298173.html
pmb298170,https://www.schnitzler-kultur.acdh.oeaw.ac.at/pmb298170.html
pmb298167,https://www.schnitzler-kultur.acdh.oeaw.ac.at/pmb298167.html
pmb298164,https://www.schnitzler-kultur.acdh.oeaw.ac.at/pmb298164.html
pmb298161,https://www.schnitzler-kultur.acdh.oeaw.ac.at/pmb298161.html
pmb298158,https://www.schnitzler-kultur.acdh.oeaw.ac.at/pmb298158.html
pmb298155,https://www.schnitzler-kultur.acdh.oeaw.ac.at/pmb298155.html
pmb298152,https://www.schnitzler-kultur.acdh.oeaw.ac.at/pmb298152.html
pmb298149,https://www.schnitzler-kultur.acdh.oeaw.ac.at/pmb298149.html
pmb298146,https://www.schnitzler-kultur.acdh.oeaw.ac.at/pmb298146.html
pmb298143,https://www.schnitzler-kultur.acdh.oeaw.ac.at/pmb298143.html
pmb298140,https://www.schnitzler-kultur.acdh.oeaw.ac.at/pmb298140.html
pmb298137,https://www.schnitzler-kultur.acdh.oeaw.ac.at/pmb298137.html
pmb298134,https://www.schnitzler-kultur.acdh.oeaw.ac.at/pmb298134.html
pmb298131,https://www.schnitzler-kultur.acdh.oeaw.ac.at/pmb298131.html
pmb298128,https://www.schnitzler-kultur.acdh.oeaw.ac.at/pmb298128.html
pmb298125,https://www.schnitzler-kultur.acdh.oeaw.ac.at/pmb298125.html
pmb298122,https://www.schnitzler-kultur.acdh.oeaw.ac.at/pmb298122.html
pmb298119,https://www.schnitzler-kultur.acdh.oeaw.ac.at/pmb298119.html
pmb298116,https://www.schnitzler-kultur.acdh.oeaw.ac.at/pmb298116.html
pmb298113,https://www.schnitzler-kultur.acdh.oeaw.ac.at/pmb298113.html
pmb298110,https://www.schnitzler-kultur.acdh.oeaw.ac.at/pmb298110.html
pmb298107,https://www.schnitzler-kultur.acdh.oeaw.ac.at/pmb298107.html
pmb298104,https://www.schnitzler-kultur.acdh.oeaw.ac.at/pmb298104.html
pmb298101,https://www.schnitzler-kultur.acdh.oeaw.ac.at/pmb298101.html
pmb298098,https://www.schnitzler-kultur.acdh.oeaw.ac.at/pmb298098.html
pmb298095,https://www.schnitzler-kultur.acdh.oeaw.ac.at/pmb298095.html
pmb298092,https://www.schnitzler-kultur.acdh.oeaw.ac.at/pmb298092.html
pmb298089,https://www.schnitzler-kultur.acdh.oeaw.ac.at/pmb298089.html
pmb298086,https://www.schnitzler-kultur.acdh.oeaw.ac.at/pmb298086.html
pmb298083,https://www.schnitzler-kultur.acdh.oeaw.ac.at/pmb298083.html
pmb298080,https://www.schnitzler-kultur.acdh.oeaw.ac.at/pmb298080.html
pmb298077,https://www.schnitzler-kultur.acdh.oeaw.ac.at/pmb298077.html
pmb298074,https://www.schnitzler-kultur.acdh.oeaw.ac.at/pmb298074.html
pmb298071,https://www.schnitzler-kultur.acdh.oeaw.ac.at/pmb298071.html
pmb298068,https://www.schnitzler-kultur.acdh.oeaw.ac.at/pmb298068.html
pmb298065,https://www.schnitzler-kultur.acdh.oeaw.ac.at/pmb298065.html
pmb298062,https://www.schnitzler-kultur.acdh.oeaw.ac.at/pmb298062.html
pmb298059,https://www.schnitzler-kultur.acdh.oeaw.ac.at/pmb298059.html
pmb298056,https://www.schnitzler-kultur.acdh.oeaw.ac.at/pmb298056.html
pmb298053,https://www.schnitzler-kultur.acdh.oeaw.ac.at/pmb298053.html
pmb298050,https://www.schnitzler-kultur.acdh.oeaw.ac.at/pmb298050.html
pmb298047,https://www.schnitzler-kultur.acdh.oeaw.ac.at/pmb298047.html
pmb298044,https://www.schnitzler-kultur.acdh.oeaw.ac.at/pmb298044.html
pmb298041,https://www.schnitzler-kultur.acdh.oeaw.ac.at/pmb298041.html
pmb298038,https://www.schnitzler-kultur.acdh.oeaw.ac.at/pmb298038.html
pmb298035,https://www.schnitzler-kultur.acdh.oeaw.ac.at/pmb298035.html
pmb298032,https://www.schnitzler-kultur.acdh.oeaw.ac.at/pmb298032.html
pmb298029,https://www.schnitzler-kultur.acdh.oeaw.ac.at/pmb298029.html
pmb298026,https://www.schnitzler-kultur.acdh.oeaw.ac.at/pmb298026.html
pmb298023,https://www.schnitzler-kultur.acdh.oeaw.ac.at/pmb298023.html
pmb298020,https://www.schnitzler-kultur.acdh.oeaw.ac.at/pmb298020.html
pmb298017,https://www.schnitzler-kultur.acdh.oeaw.ac.at/pmb298017.html
pmb298014,https://www.schnitzler-kultur.acdh.oeaw.ac.at/pmb298014.html
pmb298011,https://www.schnitzler-kultur.acdh.oeaw.ac.at/pmb298011.html
pmb298008,https://www.schnitzler-kultur.acdh.oeaw.ac.at/pmb298008.html
pmb298005,https://www.schnitzler-kultur.acdh.oeaw.ac.at/pmb298005.html
pmb298002,https://www.schnitzler-kultur.acdh.oeaw.ac.at/pmb298002.html
pmb297999,https://www.schnitzler-kultur.acdh.oeaw.ac.at/pmb297999.html
pmb297996,https://www.schnitzler-kultur.acdh.oeaw.ac.at/pmb297996.html
pmb297993,https://www.schnitzler-kultur.acdh.oeaw.ac.at/pmb297993.html
pmb297990,https://www.schnitzler-kultur.acdh.oeaw.ac.at/pmb297990.html
pmb297987,https://www.schnitzler-kultur.acdh.oeaw.ac.at/pmb297987.html
pmb297984,https://www.schnitzler-kultur.acdh.oeaw.ac.at/pmb297984.html
pmb297981,https://www.schnitzler-kultur.acdh.oeaw.ac.at/pmb297981.html
pmb297978,https://www.schnitzler-kultur.acdh.oeaw.ac.at/pmb297978.html
pmb297975,https://www.schnitzler-kultur.acdh.oeaw.ac.at/pmb297975.html
pmb297972,https://www.schnitzler-kultur.acdh.oeaw.ac.at/pmb297972.html
pmb297969,https://www.schnitzler-kultur.acdh.oeaw.ac.at/pmb297969.html
pmb297966,https://www.schnitzler-kultur.acdh.oeaw.ac.at/pmb297966.html
pmb297963,https://www.schnitzler-kultur.acdh.oeaw.ac.at/pmb297963.html
pmb297960,https://www.schnitzler-kultur.acdh.oeaw.ac.at/pmb297960.html
pmb297957,https://www.schnitzler-kultur.acdh.oeaw.ac.at/pmb297957.html
pmb297954,https://www.schnitzler-kultur.acdh.oeaw.ac.at/pmb297954.html
pmb297951,https://www.schnitzler-kultur.acdh.oeaw.ac.at/pmb297951.html
pmb297948,https://www.schnitzler-kultur.acdh.oeaw.ac.at/pmb297948.html
pmb297945,https://www.schnitzler-kultur.acdh.oeaw.ac.at/pmb297945.html
pmb297942,https://www.schnitzler-kultur.acdh.oeaw.ac.at/pmb297942.html
pmb297939,https://www.schnitzler-kultur.acdh.oeaw.ac.at/pmb297939.html
pmb297936,https://www.schnitzler-kultur.acdh.oeaw.ac.at/pmb297936.html
pmb297933,https://www.schnitzler-kultur.acdh.oeaw.ac.at/pmb297933.html
pmb297930,https://www.schnitzler-kultur.acdh.oeaw.ac.at/pmb297930.html
pmb297927,https://www.schnitzler-kultur.acdh.oeaw.ac.at/pmb297927.html
pmb297924,https://www.schnitzler-kultur.acdh.oeaw.ac.at/pmb297924.html
pmb297921,https://www.schnitzler-kultur.acdh.oeaw.ac.at/pmb297921.html
pmb297918,https://www.schnitzler-kultur.acdh.oeaw.ac.at/pmb297918.html
pmb297915,https://www.schnitzler-kultur.acdh.oeaw.ac.at/pmb297915.html
pmb297912,https://www.schnitzler-kultur.acdh.oeaw.ac.at/pmb297912.html
pmb297909,https://www.schnitzler-kultur.acdh.oeaw.ac.at/pmb297909.html
pmb297906,https://www.schnitzler-kultur.acdh.oeaw.ac.at/pmb297906.html
pmb297903,https://www.schnitzler-kultur.acdh.oeaw.ac.at/pmb297903.html
pmb297900,https://www.schnitzler-kultur.acdh.oeaw.ac.at/pmb297900.html
pmb297897,https://www.schnitzler-kultur.acdh.oeaw.ac.at/pmb297897.html
pmb297894,https://www.schnitzler-kultur.acdh.oeaw.ac.at/pmb297894.html
pmb297891,https://www.schnitzler-kultur.acdh.oeaw.ac.at/pmb297891.html
pmb297888,https://www.schnitzler-kultur.acdh.oeaw.ac.at/pmb297888.html
pmb297885,https://www.schnitzler-kultur.acdh.oeaw.ac.at/pmb297885.html
pmb297882,https://www.schnitzler-kultur.acdh.oeaw.ac.at/pmb297882.html
pmb297879,https://www.schnitzler-kultur.acdh.oeaw.ac.at/pmb297879.html
pmb297876,https://www.schnitzler-kultur.acdh.oeaw.ac.at/pmb297876.html
pmb297873,https://www.schnitzler-kultur.acdh.oeaw.ac.at/pmb297873.html
pmb297870,https://www.schnitzler-kultur.acdh.oeaw.ac.at/pmb297870.html
pmb297867,https://www.schnitzler-kultur.acdh.oeaw.ac.at/pmb297867.html
pmb297864,https://www.schnitzler-kultur.acdh.oeaw.ac.at/pmb297864.html
pmb297861,https://www.schnitzler-kultur.acdh.oeaw.ac.at/pmb297861.html
pmb297858,https://www.schnitzler-kultur.acdh.oeaw.ac.at/pmb297858.html
pmb297855,https://www.schnitzler-kultur.acdh.oeaw.ac.at/pmb297855.html
pmb297852,https://www.schnitzler-kultur.acdh.oeaw.ac.at/pmb297852.html
pmb297849,https://www.schnitzler-kultur.acdh.oeaw.ac.at/pmb297849.html
pmb297846,https://www.schnitzler-kultur.acdh.oeaw.ac.at/pmb297846.html
pmb297843,https://www.schnitzler-kultur.acdh.oeaw.ac.at/pmb297843.html
pmb297840,https://www.schnitzler-kultur.acdh.oeaw.ac.at/pmb297840.html
pmb297837,https://www.schnitzler-kultur.acdh.oeaw.ac.at/pmb297837.html
pmb297834,https://www.schnitzler-kultur.acdh.oeaw.ac.at/pmb297834.html
pmb297831,https://www.schnitzler-kultur.acdh.oeaw.ac.at/pmb297831.html
pmb297828,https://www.schnitzler-kultur.acdh.oeaw.ac.at/pmb297828.html
pmb297825,https://www.schnitzler-kultur.acdh.oeaw.ac.at/pmb297825.html
pmb297822,https://www.schnitzler-kultur.acdh.oeaw.ac.at/pmb297822.html
pmb297819,https://www.schnitzler-kultur.acdh.oeaw.ac.at/pmb297819.html
pmb297816,https://www.schnitzler-kultur.acdh.oeaw.ac.at/pmb297816.html
pmb297813,https://www.schnitzler-kultur.acdh.oeaw.ac.at/pmb297813.html
pmb297810,https://www.schnitzler-kultur.acdh.oeaw.ac.at/pmb297810.html
pmb297807,https://www.schnitzler-kultur.acdh.oeaw.ac.at/pmb297807.html
pmb297804,https://www.schnitzler-kultur.acdh.oeaw.ac.at/pmb297804.html
pmb297801,https://www.schnitzler-kultur.acdh.oeaw.ac.at/pmb297801.html
pmb297798,https://www.schnitzler-kultur.acdh.oeaw.ac.at/pmb297798.html
pmb297795,https://www.schnitzler-kultur.acdh.oeaw.ac.at/pmb297795.html
pmb297792,https://www.schnitzler-kultur.acdh.oeaw.ac.at/pmb297792.html
pmb297789,https://www.schnitzler-kultur.acdh.oeaw.ac.at/pmb297789.html
pmb297786,https://www.schnitzler-kultur.acdh.oeaw.ac.at/pmb297786.html
pmb297783,https://www.schnitzler-kultur.acdh.oeaw.ac.at/pmb297783.html
pmb297780,https://www.schnitzler-kultur.acdh.oeaw.ac.at/pmb297780.html
pmb297777,https://www.schnitzler-kultur.acdh.oeaw.ac.at/pmb297777.html
pmb297774,https://www.schnitzler-kultur.acdh.oeaw.ac.at/pmb297774.html
pmb297771,https://www.schnitzler-kultur.acdh.oeaw.ac.at/pmb297771.html
pmb297768,https://www.schnitzler-kultur.acdh.oeaw.ac.at/pmb297768.html
pmb297765,https://www.schnitzler-kultur.acdh.oeaw.ac.at/pmb297765.html
pmb297762,https://www.schnitzler-kultur.acdh.oeaw.ac.at/pmb297762.html
pmb297759,https://www.schnitzler-kultur.acdh.oeaw.ac.at/pmb297759.html
pmb297756,https://www.schnitzler-kultur.acdh.oeaw.ac.at/pmb297756.html
pmb297753,https://www.schnitzler-kultur.acdh.oeaw.ac.at/pmb297753.html
pmb297750,https://www.schnitzler-kultur.acdh.oeaw.ac.at/pmb297750.html
pmb297747,https://www.schnitzler-kultur.acdh.oeaw.ac.at/pmb297747.html
pmb297744,https://www.schnitzler-kultur.acdh.oeaw.ac.at/pmb297744.html
pmb297741,https://www.schnitzler-kultur.acdh.oeaw.ac.at/pmb297741.html
pmb297738,https://www.schnitzler-kultur.acdh.oeaw.ac.at/pmb297738.html
pmb297735,https://www.schnitzler-kultur.acdh.oeaw.ac.at/pmb297735.html
pmb297732,https://www.schnitzler-kultur.acdh.oeaw.ac.at/pmb297732.html
pmb297729,https://www.schnitzler-kultur.acdh.oeaw.ac.at/pmb297729.html
pmb297726,https://www.schnitzler-kultur.acdh.oeaw.ac.at/pmb297726.html
pmb297723,https://www.schnitzler-kultur.acdh.oeaw.ac.at/pmb297723.html
pmb297720,https://www.schnitzler-kultur.acdh.oeaw.ac.at/pmb297720.html
pmb297717,https://www.schnitzler-kultur.acdh.oeaw.ac.at/pmb297717.html
pmb297714,https://www.schnitzler-kultur.acdh.oeaw.ac.at/pmb297714.html
pmb297711,https://www.schnitzler-kultur.acdh.oeaw.ac.at/pmb297711.html
pmb297708,https://www.schnitzler-kultur.acdh.oeaw.ac.at/pmb297708.html
pmb297705,https://www.schnitzler-kultur.acdh.oeaw.ac.at/pmb297705.html
pmb297702,https://www.schnitzler-kultur.acdh.oeaw.ac.at/pmb297702.html
pmb297699,https://www.schnitzler-kultur.acdh.oeaw.ac.at/pmb297699.html
pmb297696,https://www.schnitzler-kultur.acdh.oeaw.ac.at/pmb297696.html
pmb297693,https://www.schnitzler-kultur.acdh.oeaw.ac.at/pmb297693.html
pmb297690,https://www.schnitzler-kultur.acdh.oeaw.ac.at/pmb297690.html
pmb297687,https://www.schnitzler-kultur.acdh.oeaw.ac.at/pmb297687.html
pmb297684,https://www.schnitzler-kultur.acdh.oeaw.ac.at/pmb297684.html
pmb297681,https://www.schnitzler-kultur.acdh.oeaw.ac.at/pmb297681.html
pmb297678,https://www.schnitzler-kultur.acdh.oeaw.ac.at/pmb297678.html
pmb297675,https://www.schnitzler-kultur.acdh.oeaw.ac.at/pmb297675.html
pmb297672,https://www.schnitzler-kultur.acdh.oeaw.ac.at/pmb297672.html
pmb297669,https://www.schnitzler-kultur.acdh.oeaw.ac.at/pmb297669.html
pmb297666,https://www.schnitzler-kultur.acdh.oeaw.ac.at/pmb297666.html
pmb297663,https://www.schnitzler-kultur.acdh.oeaw.ac.at/pmb297663.html
pmb297660,https://www.schnitzler-kultur.acdh.oeaw.ac.at/pmb297660.html
pmb297657,https://www.schnitzler-kultur.acdh.oeaw.ac.at/pmb297657.html
pmb297654,https://www.schnitzler-kultur.acdh.oeaw.ac.at/pmb297654.html
pmb297651,https://www.schnitzler-kultur.acdh.oeaw.ac.at/pmb297651.html
pmb297648,https://www.schnitzler-kultur.acdh.oeaw.ac.at/pmb297648.html
pmb297645,https://www.schnitzler-kultur.acdh.oeaw.ac.at/pmb297645.html
pmb297642,https://www.schnitzler-kultur.acdh.oeaw.ac.at/pmb297642.html
pmb297639,https://www.schnitzler-kultur.acdh.oeaw.ac.at/pmb297639.html
pmb297636,https://www.schnitzler-kultur.acdh.oeaw.ac.at/pmb297636.html
pmb297633,https://www.schnitzler-kultur.acdh.oeaw.ac.at/pmb297633.html
pmb297630,https://www.schnitzler-kultur.acdh.oeaw.ac.at/pmb297630.html
pmb297627,https://www.schnitzler-kultur.acdh.oeaw.ac.at/pmb297627.html
pmb297624,https://www.schnitzler-kultur.acdh.oeaw.ac.at/pmb297624.html
pmb297621,https://www.schnitzler-kultur.acdh.oeaw.ac.at/pmb297621.html
pmb297618,https://www.schnitzler-kultur.acdh.oeaw.ac.at/pmb297618.html
pmb297615,https://www.schnitzler-kultur.acdh.oeaw.ac.at/pmb297615.html
pmb297612,https://www.schnitzler-kultur.acdh.oeaw.ac.at/pmb297612.html
pmb297609,https://www.schnitzler-kultur.acdh.oeaw.ac.at/pmb297609.html
pmb297606,https://www.schnitzler-kultur.acdh.oeaw.ac.at/pmb297606.html
pmb297603,https://www.schnitzler-kultur.acdh.oeaw.ac.at/pmb297603.html
pmb297600,https://www.schnitzler-kultur.acdh.oeaw.ac.at/pmb297600.html
pmb297597,https://www.schnitzler-kultur.acdh.oeaw.ac.at/pmb297597.html
pmb297594,https://www.schnitzler-kultur.acdh.oeaw.ac.at/pmb297594.html
pmb297591,https://www.schnitzler-kultur.acdh.oeaw.ac.at/pmb297591.html
pmb297588,https://www.schnitzler-kultur.acdh.oeaw.ac.at/pmb297588.html
pmb297585,https://www.schnitzler-kultur.acdh.oeaw.ac.at/pmb297585.html
pmb297582,https://www.schnitzler-kultur.acdh.oeaw.ac.at/pmb297582.html
pmb297579,https://www.schnitzler-kultur.acdh.oeaw.ac.at/pmb297579.html
pmb297576,https://www.schnitzler-kultur.acdh.oeaw.ac.at/pmb297576.html
pmb297573,https://www.schnitzler-kultur.acdh.oeaw.ac.at/pmb297573.html
pmb297570,https://www.schnitzler-kultur.acdh.oeaw.ac.at/pmb297570.html
pmb297567,https://www.schnitzler-kultur.acdh.oeaw.ac.at/pmb297567.html
pmb297564,https://www.schnitzler-kultur.acdh.oeaw.ac.at/pmb297564.html
pmb297561,https://www.schnitzler-kultur.acdh.oeaw.ac.at/pmb297561.html
pmb297558,https://www.schnitzler-kultur.acdh.oeaw.ac.at/pmb297558.html
pmb297555,https://www.schnitzler-kultur.acdh.oeaw.ac.at/pmb297555.html
pmb297552,https://www.schnitzler-kultur.acdh.oeaw.ac.at/pmb297552.html
pmb297549,https://www.schnitzler-kultur.acdh.oeaw.ac.at/pmb297549.html
pmb297546,https://www.schnitzler-kultur.acdh.oeaw.ac.at/pmb297546.html
pmb297543,https://www.schnitzler-kultur.acdh.oeaw.ac.at/pmb297543.html
pmb297540,https://www.schnitzler-kultur.acdh.oeaw.ac.at/pmb297540.html
pmb297537,https://www.schnitzler-kultur.acdh.oeaw.ac.at/pmb297537.html
pmb297534,https://www.schnitzler-kultur.acdh.oeaw.ac.at/pmb297534.html
pmb297531,https://www.schnitzler-kultur.acdh.oeaw.ac.at/pmb297531.html
pmb297528,https://www.schnitzler-kultur.acdh.oeaw.ac.at/pmb297528.html
pmb297525,https://www.schnitzler-kultur.acdh.oeaw.ac.at/pmb297525.html
pmb297522,https://www.schnitzler-kultur.acdh.oeaw.ac.at/pmb297522.html
pmb297519,https://www.schnitzler-kultur.acdh.oeaw.ac.at/pmb297519.html
pmb297516,https://www.schnitzler-kultur.acdh.oeaw.ac.at/pmb297516.html
pmb297513,https://www.schnitzler-kultur.acdh.oeaw.ac.at/pmb297513.html
pmb297510,https://www.schnitzler-kultur.acdh.oeaw.ac.at/pmb297510.html
pmb297507,https://www.schnitzler-kultur.acdh.oeaw.ac.at/pmb297507.html
pmb297504,https://www.schnitzler-kultur.acdh.oeaw.ac.at/pmb297504.html
pmb297501,https://www.schnitzler-kultur.acdh.oeaw.ac.at/pmb297501.html
pmb297498,https://www.schnitzler-kultur.acdh.oeaw.ac.at/pmb297498.html
pmb297495,https://www.schnitzler-kultur.acdh.oeaw.ac.at/pmb297495.html
pmb297492,https://www.schnitzler-kultur.acdh.oeaw.ac.at/pmb297492.html
pmb297489,https://www.schnitzler-kultur.acdh.oeaw.ac.at/pmb297489.html
pmb297486,https://www.schnitzler-kultur.acdh.oeaw.ac.at/pmb297486.html
pmb297483,https://www.schnitzler-kultur.acdh.oeaw.ac.at/pmb297483.html
pmb297480,https://www.schnitzler-kultur.acdh.oeaw.ac.at/pmb297480.html
pmb297477,https://www.schnitzler-kultur.acdh.oeaw.ac.at/pmb297477.html
pmb297474,https://www.schnitzler-kultur.acdh.oeaw.ac.at/pmb297474.html
pmb297471,https://www.schnitzler-kultur.acdh.oeaw.ac.at/pmb297471.html
pmb297468,https://www.schnitzler-kultur.acdh.oeaw.ac.at/pmb297468.html
pmb297465,https://www.schnitzler-kultur.acdh.oeaw.ac.at/pmb297465.html
pmb297462,https://www.schnitzler-kultur.acdh.oeaw.ac.at/pmb297462.html
pmb297459,https://www.schnitzler-kultur.acdh.oeaw.ac.at/pmb297459.html
pmb297456,https://www.schnitzler-kultur.acdh.oeaw.ac.at/pmb297456.html
pmb297453,https://www.schnitzler-kultur.acdh.oeaw.ac.at/pmb297453.html
pmb297450,https://www.schnitzler-kultur.acdh.oeaw.ac.at/pmb297450.html
pmb297447,https://www.schnitzler-kultur.acdh.oeaw.ac.at/pmb297447.html
pmb297444,https://www.schnitzler-kultur.acdh.oeaw.ac.at/pmb297444.html
pmb297441,https://www.schnitzler-kultur.acdh.oeaw.ac.at/pmb297441.html
pmb297438,https://www.schnitzler-kultur.acdh.oeaw.ac.at/pmb297438.html
pmb297435,https://www.schnitzler-kultur.acdh.oeaw.ac.at/pmb297435.html
pmb297432,https://www.schnitzler-kultur.acdh.oeaw.ac.at/pmb297432.html
pmb297429,https://www.schnitzler-kultur.acdh.oeaw.ac.at/pmb297429.html
pmb297426,https://www.schnitzler-kultur.acdh.oeaw.ac.at/pmb297426.html
pmb297423,https://www.schnitzler-kultur.acdh.oeaw.ac.at/pmb297423.html
pmb297420,https://www.schnitzler-kultur.acdh.oeaw.ac.at/pmb297420.html
pmb297417,https://www.schnitzler-kultur.acdh.oeaw.ac.at/pmb297417.html
pmb297414,https://www.schnitzler-kultur.acdh.oeaw.ac.at/pmb297414.html
pmb297411,https://www.schnitzler-kultur.acdh.oeaw.ac.at/pmb297411.html
pmb297408,https://www.schnitzler-kultur.acdh.oeaw.ac.at/pmb297408.html
pmb297405,https://www.schnitzler-kultur.acdh.oeaw.ac.at/pmb297405.html
pmb297402,https://www.schnitzler-kultur.acdh.oeaw.ac.at/pmb297402.html
pmb297399,https://www.schnitzler-kultur.acdh.oeaw.ac.at/pmb297399.html
pmb297396,https://www.schnitzler-kultur.acdh.oeaw.ac.at/pmb297396.html
pmb297393,https://www.schnitzler-kultur.acdh.oeaw.ac.at/pmb297393.html
pmb297390,https://www.schnitzler-kultur.acdh.oeaw.ac.at/pmb297390.html
pmb297387,https://www.schnitzler-kultur.acdh.oeaw.ac.at/pmb297387.html
pmb297384,https://www.schnitzler-kultur.acdh.oeaw.ac.at/pmb297384.html
pmb297381,https://www.schnitzler-kultur.acdh.oeaw.ac.at/pmb297381.html
pmb297378,https://www.schnitzler-kultur.acdh.oeaw.ac.at/pmb297378.html
pmb297375,https://www.schnitzler-kultur.acdh.oeaw.ac.at/pmb297375.html
pmb297372,https://www.schnitzler-kultur.acdh.oeaw.ac.at/pmb297372.html
pmb297369,https://www.schnitzler-kultur.acdh.oeaw.ac.at/pmb297369.html
pmb297366,https://www.schnitzler-kultur.acdh.oeaw.ac.at/pmb297366.html
pmb297363,https://www.schnitzler-kultur.acdh.oeaw.ac.at/pmb297363.html
pmb297360,https://www.schnitzler-kultur.acdh.oeaw.ac.at/pmb297360.html
pmb297357,https://www.schnitzler-kultur.acdh.oeaw.ac.at/pmb297357.html
pmb297354,https://www.schnitzler-kultur.acdh.oeaw.ac.at/pmb297354.html
pmb297351,https://www.schnitzler-kultur.acdh.oeaw.ac.at/pmb297351.html
pmb297348,https://www.schnitzler-kultur.acdh.oeaw.ac.at/pmb297348.html
pmb297345,https://www.schnitzler-kultur.acdh.oeaw.ac.at/pmb297345.html
pmb297342,https://www.schnitzler-kultur.acdh.oeaw.ac.at/pmb297342.html
pmb297339,https://www.schnitzler-kultur.acdh.oeaw.ac.at/pmb297339.html
pmb297336,https://www.schnitzler-kultur.acdh.oeaw.ac.at/pmb297336.html
pmb297333,https://www.schnitzler-kultur.acdh.oeaw.ac.at/pmb297333.html
pmb297330,https://www.schnitzler-kultur.acdh.oeaw.ac.at/pmb297330.html
pmb297327,https://www.schnitzler-kultur.acdh.oeaw.ac.at/pmb297327.html
pmb297324,https://www.schnitzler-kultur.acdh.oeaw.ac.at/pmb297324.html
pmb297321,https://www.schnitzler-kultur.acdh.oeaw.ac.at/pmb297321.html
pmb297318,https://www.schnitzler-kultur.acdh.oeaw.ac.at/pmb297318.html
pmb297315,https://www.schnitzler-kultur.acdh.oeaw.ac.at/pmb297315.html
pmb297312,https://www.schnitzler-kultur.acdh.oeaw.ac.at/pmb297312.html
pmb297309,https://www.schnitzler-kultur.acdh.oeaw.ac.at/pmb297309.html
pmb297306,https://www.schnitzler-kultur.acdh.oeaw.ac.at/pmb297306.html
pmb297303,https://www.schnitzler-kultur.acdh.oeaw.ac.at/pmb297303.html
pmb297300,https://www.schnitzler-kultur.acdh.oeaw.ac.at/pmb297300.html
pmb297297,https://www.schnitzler-kultur.acdh.oeaw.ac.at/pmb297297.html
pmb297294,https://www.schnitzler-kultur.acdh.oeaw.ac.at/pmb297294.html
pmb297291,https://www.schnitzler-kultur.acdh.oeaw.ac.at/pmb297291.html
pmb297288,https://www.schnitzler-kultur.acdh.oeaw.ac.at/pmb297288.html
pmb297285,https://www.schnitzler-kultur.acdh.oeaw.ac.at/pmb297285.html
pmb297282,https://www.schnitzler-kultur.acdh.oeaw.ac.at/pmb297282.html
pmb297279,https://www.schnitzler-kultur.acdh.oeaw.ac.at/pmb297279.html
pmb297276,https://www.schnitzler-kultur.acdh.oeaw.ac.at/pmb297276.html
pmb297273,https://www.schnitzler-kultur.acdh.oeaw.ac.at/pmb297273.html
pmb297270,https://www.schnitzler-kultur.acdh.oeaw.ac.at/pmb297270.html
pmb297267,https://www.schnitzler-kultur.acdh.oeaw.ac.at/pmb297267.html
pmb297264,https://www.schnitzler-kultur.acdh.oeaw.ac.at/pmb297264.html
pmb297261,https://www.schnitzler-kultur.acdh.oeaw.ac.at/pmb297261.html
pmb297258,https://www.schnitzler-kultur.acdh.oeaw.ac.at/pmb297258.html
pmb297255,https://www.schnitzler-kultur.acdh.oeaw.ac.at/pmb297255.html
pmb297252,https://www.schnitzler-kultur.acdh.oeaw.ac.at/pmb297252.html
pmb297249,https://www.schnitzler-kultur.acdh.oeaw.ac.at/pmb297249.html
pmb297246,https://www.schnitzler-kultur.acdh.oeaw.ac.at/pmb297246.html
pmb297243,https://www.schnitzler-kultur.acdh.oeaw.ac.at/pmb297243.html
pmb297240,https://www.schnitzler-kultur.acdh.oeaw.ac.at/pmb297240.html
pmb297237,https://www.schnitzler-kultur.acdh.oeaw.ac.at/pmb297237.html
pmb297234,https://www.schnitzler-kultur.acdh.oeaw.ac.at/pmb297234.html
pmb297231,https://www.schnitzler-kultur.acdh.oeaw.ac.at/pmb297231.html
pmb297228,https://www.schnitzler-kultur.acdh.oeaw.ac.at/pmb297228.html
pmb297225,https://www.schnitzler-kultur.acdh.oeaw.ac.at/pmb297225.html
pmb297222,https://www.schnitzler-kultur.acdh.oeaw.ac.at/pmb297222.html
pmb297219,https://www.schnitzler-kultur.acdh.oeaw.ac.at/pmb297219.html
pmb297216,https://www.schnitzler-kultur.acdh.oeaw.ac.at/pmb297216.html
pmb297213,https://www.schnitzler-kultur.acdh.oeaw.ac.at/pmb297213.html
pmb297210,https://www.schnitzler-kultur.acdh.oeaw.ac.at/pmb297210.html
pmb297207,https://www.schnitzler-kultur.acdh.oeaw.ac.at/pmb297207.html
pmb297204,https://www.schnitzler-kultur.acdh.oeaw.ac.at/pmb297204.html
pmb297201,https://www.schnitzler-kultur.acdh.oeaw.ac.at/pmb297201.html
pmb297198,https://www.schnitzler-kultur.acdh.oeaw.ac.at/pmb297198.html
pmb297195,https://www.schnitzler-kultur.acdh.oeaw.ac.at/pmb297195.html
pmb297192,https://www.schnitzler-kultur.acdh.oeaw.ac.at/pmb297192.html
pmb297189,https://www.schnitzler-kultur.acdh.oeaw.ac.at/pmb297189.html
pmb297186,https://www.schnitzler-kultur.acdh.oeaw.ac.at/pmb297186.html
pmb297183,https://www.schnitzler-kultur.acdh.oeaw.ac.at/pmb297183.html
pmb297180,https://www.schnitzler-kultur.acdh.oeaw.ac.at/pmb297180.html
pmb297177,https://www.schnitzler-kultur.acdh.oeaw.ac.at/pmb297177.html
pmb297174,https://www.schnitzler-kultur.acdh.oeaw.ac.at/pmb297174.html
pmb297171,https://www.schnitzler-kultur.acdh.oeaw.ac.at/pmb297171.html
pmb297168,https://www.schnitzler-kultur.acdh.oeaw.ac.at/pmb297168.html
pmb297165,https://www.schnitzler-kultur.acdh.oeaw.ac.at/pmb297165.html
pmb297162,https://www.schnitzler-kultur.acdh.oeaw.ac.at/pmb297162.html
pmb297159,https://www.schnitzler-kultur.acdh.oeaw.ac.at/pmb297159.html
pmb297156,https://www.schnitzler-kultur.acdh.oeaw.ac.at/pmb297156.html
pmb297153,https://www.schnitzler-kultur.acdh.oeaw.ac.at/pmb297153.html
pmb297150,https://www.schnitzler-kultur.acdh.oeaw.ac.at/pmb297150.html
pmb297147,https://www.schnitzler-kultur.acdh.oeaw.ac.at/pmb297147.html
pmb297144,https://www.schnitzler-kultur.acdh.oeaw.ac.at/pmb297144.html
pmb297141,https://www.schnitzler-kultur.acdh.oeaw.ac.at/pmb297141.html
pmb297138,https://www.schnitzler-kultur.acdh.oeaw.ac.at/pmb297138.html
pmb297135,https://www.schnitzler-kultur.acdh.oeaw.ac.at/pmb297135.html
pmb297132,https://www.schnitzler-kultur.acdh.oeaw.ac.at/pmb297132.html
pmb297129,https://www.schnitzler-kultur.acdh.oeaw.ac.at/pmb297129.html
pmb297126,https://www.schnitzler-kultur.acdh.oeaw.ac.at/pmb297126.html
pmb297123,https://www.schnitzler-kultur.acdh.oeaw.ac.at/pmb297123.html
pmb297120,https://www.schnitzler-kultur.acdh.oeaw.ac.at/pmb297120.html
pmb297117,https://www.schnitzler-kultur.acdh.oeaw.ac.at/pmb297117.html
pmb297114,https://www.schnitzler-kultur.acdh.oeaw.ac.at/pmb297114.html
pmb297111,https://www.schnitzler-kultur.acdh.oeaw.ac.at/pmb297111.html
pmb297108,https://www.schnitzler-kultur.acdh.oeaw.ac.at/pmb297108.html
pmb297105,https://www.schnitzler-kultur.acdh.oeaw.ac.at/pmb297105.html
pmb297102,https://www.schnitzler-kultur.acdh.oeaw.ac.at/pmb297102.html
pmb297099,https://www.schnitzler-kultur.acdh.oeaw.ac.at/pmb297099.html
pmb297096,https://www.schnitzler-kultur.acdh.oeaw.ac.at/pmb297096.html
pmb297093,https://www.schnitzler-kultur.acdh.oeaw.ac.at/pmb297093.html
pmb297090,https://www.schnitzler-kultur.acdh.oeaw.ac.at/pmb297090.html
pmb297087,https://www.schnitzler-kultur.acdh.oeaw.ac.at/pmb297087.html
pmb297084,https://www.schnitzler-kultur.acdh.oeaw.ac.at/pmb297084.html
pmb297081,https://www.schnitzler-kultur.acdh.oeaw.ac.at/pmb297081.html
pmb297078,https://www.schnitzler-kultur.acdh.oeaw.ac.at/pmb297078.html
pmb297075,https://www.schnitzler-kultur.acdh.oeaw.ac.at/pmb297075.html
pmb297072,https://www.schnitzler-kultur.acdh.oeaw.ac.at/pmb297072.html
pmb297069,https://www.schnitzler-kultur.acdh.oeaw.ac.at/pmb297069.html
pmb297066,https://www.schnitzler-kultur.acdh.oeaw.ac.at/pmb297066.html
pmb297063,https://www.schnitzler-kultur.acdh.oeaw.ac.at/pmb297063.html
pmb297060,https://www.schnitzler-kultur.acdh.oeaw.ac.at/pmb297060.html
pmb297057,https://www.schnitzler-kultur.acdh.oeaw.ac.at/pmb297057.html
pmb297054,https://www.schnitzler-kultur.acdh.oeaw.ac.at/pmb297054.html
pmb297051,https://www.schnitzler-kultur.acdh.oeaw.ac.at/pmb297051.html
pmb297048,https://www.schnitzler-kultur.acdh.oeaw.ac.at/pmb297048.html
pmb297045,https://www.schnitzler-kultur.acdh.oeaw.ac.at/pmb297045.html
pmb297042,https://www.schnitzler-kultur.acdh.oeaw.ac.at/pmb297042.html
pmb297039,https://www.schnitzler-kultur.acdh.oeaw.ac.at/pmb297039.html
pmb297036,https://www.schnitzler-kultur.acdh.oeaw.ac.at/pmb297036.html
pmb297033,https://www.schnitzler-kultur.acdh.oeaw.ac.at/pmb297033.html
pmb297030,https://www.schnitzler-kultur.acdh.oeaw.ac.at/pmb297030.html
pmb297027,https://www.schnitzler-kultur.acdh.oeaw.ac.at/pmb297027.html
pmb297024,https://www.schnitzler-kultur.acdh.oeaw.ac.at/pmb297024.html
pmb297021,https://www.schnitzler-kultur.acdh.oeaw.ac.at/pmb297021.html
pmb297018,https://www.schnitzler-kultur.acdh.oeaw.ac.at/pmb297018.html
pmb297015,https://www.schnitzler-kultur.acdh.oeaw.ac.at/pmb297015.html
pmb297012,https://www.schnitzler-kultur.acdh.oeaw.ac.at/pmb297012.html
pmb297009,https://www.schnitzler-kultur.acdh.oeaw.ac.at/pmb297009.html
pmb297006,https://www.schnitzler-kultur.acdh.oeaw.ac.at/pmb297006.html
pmb297003,https://www.schnitzler-kultur.acdh.oeaw.ac.at/pmb297003.html
pmb297000,https://www.schnitzler-kultur.acdh.oeaw.ac.at/pmb297000.html
pmb296997,https://www.schnitzler-kultur.acdh.oeaw.ac.at/pmb296997.html
pmb296994,https://www.schnitzler-kultur.acdh.oeaw.ac.at/pmb296994.html
pmb296991,https://www.schnitzler-kultur.acdh.oeaw.ac.at/pmb296991.html
pmb296988,https://www.schnitzler-kultur.acdh.oeaw.ac.at/pmb296988.html
pmb296985,https://www.schnitzler-kultur.acdh.oeaw.ac.at/pmb296985.html
pmb296982,https://www.schnitzler-kultur.acdh.oeaw.ac.at/pmb296982.html
pmb296979,https://www.schnitzler-kultur.acdh.oeaw.ac.at/pmb296979.html
pmb296976,https://www.schnitzler-kultur.acdh.oeaw.ac.at/pmb296976.html
pmb296973,https://www.schnitzler-kultur.acdh.oeaw.ac.at/pmb296973.html
pmb296970,https://www.schnitzler-kultur.acdh.oeaw.ac.at/pmb296970.html
pmb296967,https://www.schnitzler-kultur.acdh.oeaw.ac.at/pmb296967.html
pmb296964,https://www.schnitzler-kultur.acdh.oeaw.ac.at/pmb296964.html
pmb296961,https://www.schnitzler-kultur.acdh.oeaw.ac.at/pmb296961.html
pmb296958,https://www.schnitzler-kultur.acdh.oeaw.ac.at/pmb296958.html
pmb296955,https://www.schnitzler-kultur.acdh.oeaw.ac.at/pmb296955.html
pmb296952,https://www.schnitzler-kultur.acdh.oeaw.ac.at/pmb296952.html
pmb296949,https://www.schnitzler-kultur.acdh.oeaw.ac.at/pmb296949.html
pmb296946,https://www.schnitzler-kultur.acdh.oeaw.ac.at/pmb296946.html
pmb296943,https://www.schnitzler-kultur.acdh.oeaw.ac.at/pmb296943.html
pmb296940,https://www.schnitzler-kultur.acdh.oeaw.ac.at/pmb296940.html
pmb296937,https://www.schnitzler-kultur.acdh.oeaw.ac.at/pmb296937.html
pmb296934,https://www.schnitzler-kultur.acdh.oeaw.ac.at/pmb296934.html
pmb296931,https://www.schnitzler-kultur.acdh.oeaw.ac.at/pmb296931.html
pmb296928,https://www.schnitzler-kultur.acdh.oeaw.ac.at/pmb296928.html
pmb296925,https://www.schnitzler-kultur.acdh.oeaw.ac.at/pmb296925.html
pmb296922,https://www.schnitzler-kultur.acdh.oeaw.ac.at/pmb296922.html
pmb296827,https://www.schnitzler-kultur.acdh.oeaw.ac.at/pmb296827.html
pmb296714,https://www.schnitzler-kultur.acdh.oeaw.ac.at/pmb296714.html
pmb296709,https://www.schnitzler-kultur.acdh.oeaw.ac.at/pmb296709.html
pmb296700,https://www.schnitzler-kultur.acdh.oeaw.ac.at/pmb296700.html
pmb296694,https://www.schnitzler-kultur.acdh.oeaw.ac.at/pmb296694.html
pmb296492,https://www.schnitzler-kultur.acdh.oeaw.ac.at/pmb296492.html
pmb294892,https://www.schnitzler-kultur.acdh.oeaw.ac.at/pmb294892.html
pmb293237,https://www.schnitzler-kultur.acdh.oeaw.ac.at/pmb293237.html
pmb293091,https://www.schnitzler-kultur.acdh.oeaw.ac.at/pmb293091.html
pmb293069,https://www.schnitzler-kultur.acdh.oeaw.ac.at/pmb293069.html
pmb293051,https://www.schnitzler-kultur.acdh.oeaw.ac.at/pmb293051.html
pmb293041,https://www.schnitzler-kultur.acdh.oeaw.ac.at/pmb293041.html
pmb292990,https://www.schnitzler-kultur.acdh.oeaw.ac.at/pmb292990.html
pmb292915,https://www.schnitzler-kultur.acdh.oeaw.ac.at/pmb292915.html
pmb292871,https://www.schnitzler-kultur.acdh.oeaw.ac.at/pmb292871.html
pmb292841,https://www.schnitzler-kultur.acdh.oeaw.ac.at/pmb292841.html
pmb292825,https://www.schnitzler-kultur.acdh.oeaw.ac.at/pmb292825.html
pmb292821,https://www.schnitzler-kultur.acdh.oeaw.ac.at/pmb292821.html
pmb292815,https://www.schnitzler-kultur.acdh.oeaw.ac.at/pmb292815.html
pmb292794,https://www.schnitzler-kultur.acdh.oeaw.ac.at/pmb292794.html
pmb292767,https://www.schnitzler-kultur.acdh.oeaw.ac.at/pmb292767.html
pmb292700,https://www.schnitzler-kultur.acdh.oeaw.ac.at/pmb292700.html
pmb292687,https://www.schnitzler-kultur.acdh.oeaw.ac.at/pmb292687.html
pmb292503,https://www.schnitzler-kultur.acdh.oeaw.ac.at/pmb292503.html
pmb292488,https://www.schnitzler-kultur.acdh.oeaw.ac.at/pmb292488.html
pmb292483,https://www.schnitzler-kultur.acdh.oeaw.ac.at/pmb292483.html
pmb292035,https://www.schnitzler-kultur.acdh.oeaw.ac.at/pmb292035.html
pmb292027,https://www.schnitzler-kultur.acdh.oeaw.ac.at/pmb292027.html
pmb292019,https://www.schnitzler-kultur.acdh.oeaw.ac.at/pmb292019.html
pmb292007,https://www.schnitzler-kultur.acdh.oeaw.ac.at/pmb292007.html
pmb292003,https://www.schnitzler-kultur.acdh.oeaw.ac.at/pmb292003.html
pmb291959,https://www.schnitzler-kultur.acdh.oeaw.ac.at/pmb291959.html
pmb291940,https://www.schnitzler-kultur.acdh.oeaw.ac.at/pmb291940.html
pmb291873,https://www.schnitzler-kultur.acdh.oeaw.ac.at/pmb291873.html
pmb291850,https://www.schnitzler-kultur.acdh.oeaw.ac.at/pmb291850.html
pmb291803,https://www.schnitzler-kultur.acdh.oeaw.ac.at/pmb291803.html
pmb291779,https://www.schnitzler-kultur.acdh.oeaw.ac.at/pmb291779.html
pmb291767,https://www.schnitzler-kultur.acdh.oeaw.ac.at/pmb291767.html
pmb291744,https://www.schnitzler-kultur.acdh.oeaw.ac.at/pmb291744.html
pmb291726,https://www.schnitzler-kultur.acdh.oeaw.ac.at/pmb291726.html
pmb291721,https://www.schnitzler-kultur.acdh.oeaw.ac.at/pmb291721.html
pmb291528,https://www.schnitzler-kultur.acdh.oeaw.ac.at/pmb291528.html
pmb291490,https://www.schnitzler-kultur.acdh.oeaw.ac.at/pmb291490.html
pmb291469,https://www.schnitzler-kultur.acdh.oeaw.ac.at/pmb291469.html
pmb291464,https://www.schnitzler-kultur.acdh.oeaw.ac.at/pmb291464.html
pmb291460,https://www.schnitzler-kultur.acdh.oeaw.ac.at/pmb291460.html
pmb291456,https://www.schnitzler-kultur.acdh.oeaw.ac.at/pmb291456.html
pmb291448,https://www.schnitzler-kultur.acdh.oeaw.ac.at/pmb291448.html
pmb291439,https://www.schnitzler-kultur.acdh.oeaw.ac.at/pmb291439.html
pmb291433,https://www.schnitzler-kultur.acdh.oeaw.ac.at/pmb291433.html
pmb291427,https://www.schnitzler-kultur.acdh.oeaw.ac.at/pmb291427.html
pmb291421,https://www.schnitzler-kultur.acdh.oeaw.ac.at/pmb291421.html
pmb291412,https://www.schnitzler-kultur.acdh.oeaw.ac.at/pmb291412.html
pmb291407,https://www.schnitzler-kultur.acdh.oeaw.ac.at/pmb291407.html
pmb291401,https://www.schnitzler-kultur.acdh.oeaw.ac.at/pmb291401.html
pmb291393,https://www.schnitzler-kultur.acdh.oeaw.ac.at/pmb291393.html
pmb291361,https://www.schnitzler-kultur.acdh.oeaw.ac.at/pmb291361.html
pmb291346,https://www.schnitzler-kultur.acdh.oeaw.ac.at/pmb291346.html
pmb291342,https://www.schnitzler-kultur.acdh.oeaw.ac.at/pmb291342.html
pmb291333,https://www.schnitzler-kultur.acdh.oeaw.ac.at/pmb291333.html
pmb291328,https://www.schnitzler-kultur.acdh.oeaw.ac.at/pmb291328.html
pmb291315,https://www.schnitzler-kultur.acdh.oeaw.ac.at/pmb291315.html
pmb291287,https://www.schnitzler-kultur.acdh.oeaw.ac.at/pmb291287.html
pmb291282,https://www.schnitzler-kultur.acdh.oeaw.ac.at/pmb291282.html
pmb291276,https://www.schnitzler-kultur.acdh.oeaw.ac.at/pmb291276.html
pmb291272,https://www.schnitzler-kultur.acdh.oeaw.ac.at/pmb291272.html
pmb291259,https://www.schnitzler-kultur.acdh.oeaw.ac.at/pmb291259.html
pmb291240,https://www.schnitzler-kultur.acdh.oeaw.ac.at/pmb291240.html
pmb291185,https://www.schnitzler-kultur.acdh.oeaw.ac.at/pmb291185.html
pmb290897,https://www.schnitzler-kultur.acdh.oeaw.ac.at/pmb290897.html
pmb290871,https://www.schnitzler-kultur.acdh.oeaw.ac.at/pmb290871.html
pmb290789,https://www.schnitzler-kultur.acdh.oeaw.ac.at/pmb290789.html
pmb290784,https://www.schnitzler-kultur.acdh.oeaw.ac.at/pmb290784.html
pmb290766,https://www.schnitzler-kultur.acdh.oeaw.ac.at/pmb290766.html
pmb290757,https://www.schnitzler-kultur.acdh.oeaw.ac.at/pmb290757.html
pmb290739,https://www.schnitzler-kultur.acdh.oeaw.ac.at/pmb290739.html
pmb290702,https://www.schnitzler-kultur.acdh.oeaw.ac.at/pmb290702.html
pmb290676,https://www.schnitzler-kultur.acdh.oeaw.ac.at/pmb290676.html
pmb290638,https://www.schnitzler-kultur.acdh.oeaw.ac.at/pmb290638.html
pmb290623,https://www.schnitzler-kultur.acdh.oeaw.ac.at/pmb290623.html
pmb290394,https://www.schnitzler-kultur.acdh.oeaw.ac.at/pmb290394.html
pmb289727,https://www.schnitzler-kultur.acdh.oeaw.ac.at/pmb289727.html
pmb289722,https://www.schnitzler-kultur.acdh.oeaw.ac.at/pmb289722.html
pmb289710,https://www.schnitzler-kultur.acdh.oeaw.ac.at/pmb289710.html
pmb289704,https://www.schnitzler-kultur.acdh.oeaw.ac.at/pmb289704.html
pmb289687,https://www.schnitzler-kultur.acdh.oeaw.ac.at/pmb289687.html
pmb289347,https://www.schnitzler-kultur.acdh.oeaw.ac.at/pmb289347.html
pmb289341,https://www.schnitzler-kultur.acdh.oeaw.ac.at/pmb289341.html
pmb289298,https://www.schnitzler-kultur.acdh.oeaw.ac.at/pmb289298.html
pmb289283,https://www.schnitzler-kultur.acdh.oeaw.ac.at/pmb289283.html
pmb289277,https://www.schnitzler-kultur.acdh.oeaw.ac.at/pmb289277.html
pmb289271,https://www.schnitzler-kultur.acdh.oeaw.ac.at/pmb289271.html
pmb289263,https://www.schnitzler-kultur.acdh.oeaw.ac.at/pmb289263.html
pmb289258,https://www.schnitzler-kultur.acdh.oeaw.ac.at/pmb289258.html
pmb289252,https://www.schnitzler-kultur.acdh.oeaw.ac.at/pmb289252.html
pmb289244,https://www.schnitzler-kultur.acdh.oeaw.ac.at/pmb289244.html
pmb289232,https://www.schnitzler-kultur.acdh.oeaw.ac.at/pmb289232.html
pmb289226,https://www.schnitzler-kultur.acdh.oeaw.ac.at/pmb289226.html
pmb289213,https://www.schnitzler-kultur.acdh.oeaw.ac.at/pmb289213.html
pmb289185,https://www.schnitzler-kultur.acdh.oeaw.ac.at/pmb289185.html
pmb289117,https://www.schnitzler-kultur.acdh.oeaw.ac.at/pmb289117.html
pmb289104,https://www.schnitzler-kultur.acdh.oeaw.ac.at/pmb289104.html
pmb289089,https://www.schnitzler-kultur.acdh.oeaw.ac.at/pmb289089.html
pmb289049,https://www.schnitzler-kultur.acdh.oeaw.ac.at/pmb289049.html
pmb289045,https://www.schnitzler-kultur.acdh.oeaw.ac.at/pmb289045.html
pmb289013,https://www.schnitzler-kultur.acdh.oeaw.ac.at/pmb289013.html
pmb288978,https://www.schnitzler-kultur.acdh.oeaw.ac.at/pmb288978.html
pmb288970,https://www.schnitzler-kultur.acdh.oeaw.ac.at/pmb288970.html
pmb288952,https://www.schnitzler-kultur.acdh.oeaw.ac.at/pmb288952.html
pmb288915,https://www.schnitzler-kultur.acdh.oeaw.ac.at/pmb288915.html
pmb288909,https://www.schnitzler-kultur.acdh.oeaw.ac.at/pmb288909.html
pmb288894,https://www.schnitzler-kultur.acdh.oeaw.ac.at/pmb288894.html
pmb288888,https://www.schnitzler-kultur.acdh.oeaw.ac.at/pmb288888.html
pmb288872,https://www.schnitzler-kultur.acdh.oeaw.ac.at/pmb288872.html
pmb288864,https://www.schnitzler-kultur.acdh.oeaw.ac.at/pmb288864.html
pmb288800,https://www.schnitzler-kultur.acdh.oeaw.ac.at/pmb288800.html
pmb288754,https://www.schnitzler-kultur.acdh.oeaw.ac.at/pmb288754.html
pmb288719,https://www.schnitzler-kultur.acdh.oeaw.ac.at/pmb288719.html
pmb288712,https://www.schnitzler-kultur.acdh.oeaw.ac.at/pmb288712.html
pmb288648,https://www.schnitzler-kultur.acdh.oeaw.ac.at/pmb288648.html
pmb288531,https://www.schnitzler-kultur.acdh.oeaw.ac.at/pmb288531.html
pmb288478,https://www.schnitzler-kultur.acdh.oeaw.ac.at/pmb288478.html
pmb288469,https://www.schnitzler-kultur.acdh.oeaw.ac.at/pmb288469.html
pmb288464,https://www.schnitzler-kultur.acdh.oeaw.ac.at/pmb288464.html
pmb281868,https://www.schnitzler-kultur.acdh.oeaw.ac.at/pmb281868.html
pmb281819,https://www.schnitzler-kultur.acdh.oeaw.ac.at/pmb281819.html
pmb281776,https://www.schnitzler-kultur.acdh.oeaw.ac.at/pmb281776.html
pmb281745,https://www.schnitzler-kultur.acdh.oeaw.ac.at/pmb281745.html
pmb281712,https://www.schnitzler-kultur.acdh.oeaw.ac.at/pmb281712.html
pmb281697,https://www.schnitzler-kultur.acdh.oeaw.ac.at/pmb281697.html
pmb281678,https://www.schnitzler-kultur.acdh.oeaw.ac.at/pmb281678.html
pmb281669,https://www.schnitzler-kultur.acdh.oeaw.ac.at/pmb281669.html
pmb281656,https://www.schnitzler-kultur.acdh.oeaw.ac.at/pmb281656.html
pmb281641,https://www.schnitzler-kultur.acdh.oeaw.ac.at/pmb281641.html
pmb281615,https://www.schnitzler-kultur.acdh.oeaw.ac.at/pmb281615.html
pmb281607,https://www.schnitzler-kultur.acdh.oeaw.ac.at/pmb281607.html
pmb281583,https://www.schnitzler-kultur.acdh.oeaw.ac.at/pmb281583.html
pmb281562,https://www.schnitzler-kultur.acdh.oeaw.ac.at/pmb281562.html
pmb281555,https://www.schnitzler-kultur.acdh.oeaw.ac.at/pmb281555.html
pmb281518,https://www.schnitzler-kultur.acdh.oeaw.ac.at/pmb281518.html
pmb281505,https://www.schnitzler-kultur.acdh.oeaw.ac.at/pmb281505.html
pmb281478,https://www.schnitzler-kultur.acdh.oeaw.ac.at/pmb281478.html
pmb281463,https://www.schnitzler-kultur.acdh.oeaw.ac.at/pmb281463.html
pmb268205,https://www.schnitzler-kultur.acdh.oeaw.ac.at/pmb268205.html
pmb268180,https://www.schnitzler-kultur.acdh.oeaw.ac.at/pmb268180.html
pmb268144,https://www.schnitzler-kultur.acdh.oeaw.ac.at/pmb268144.html
pmb268117,https://www.schnitzler-kultur.acdh.oeaw.ac.at/pmb268117.html
pmb268107,https://www.schnitzler-kultur.acdh.oeaw.ac.at/pmb268107.html
pmb268093,https://www.schnitzler-kultur.acdh.oeaw.ac.at/pmb268093.html
pmb268062,https://www.schnitzler-kultur.acdh.oeaw.ac.at/pmb268062.html
pmb268046,https://www.schnitzler-kultur.acdh.oeaw.ac.at/pmb268046.html
pmb268012,https://www.schnitzler-kultur.acdh.oeaw.ac.at/pmb268012.html
pmb268007,https://www.schnitzler-kultur.acdh.oeaw.ac.at/pmb268007.html
pmb267999,https://www.schnitzler-kultur.acdh.oeaw.ac.at/pmb267999.html
pmb267992,https://www.schnitzler-kultur.acdh.oeaw.ac.at/pmb267992.html
pmb267984,https://www.schnitzler-kultur.acdh.oeaw.ac.at/pmb267984.html
pmb267957,https://www.schnitzler-kultur.acdh.oeaw.ac.at/pmb267957.html
pmb267952,https://www.schnitzler-kultur.acdh.oeaw.ac.at/pmb267952.html
pmb267943,https://www.schnitzler-kultur.acdh.oeaw.ac.at/pmb267943.html
pmb267933,https://www.schnitzler-kultur.acdh.oeaw.ac.at/pmb267933.html
pmb267556,https://www.schnitzler-kultur.acdh.oeaw.ac.at/pmb267556.html
pmb267552,https://www.schnitzler-kultur.acdh.oeaw.ac.at/pmb267552.html
pmb267101,https://www.schnitzler-kultur.acdh.oeaw.ac.at/pmb267101.html
pmb267022,https://www.schnitzler-kultur.acdh.oeaw.ac.at/pmb267022.html
pmb266857,https://www.schnitzler-kultur.acdh.oeaw.ac.at/pmb266857.html
pmb266833,https://www.schnitzler-kultur.acdh.oeaw.ac.at/pmb266833.html
pmb266785,https://www.schnitzler-kultur.acdh.oeaw.ac.at/pmb266785.html
pmb266703,https://www.schnitzler-kultur.acdh.oeaw.ac.at/pmb266703.html
pmb266689,https://www.schnitzler-kultur.acdh.oeaw.ac.at/pmb266689.html
pmb266666,https://www.schnitzler-kultur.acdh.oeaw.ac.at/pmb266666.html
pmb266654,https://www.schnitzler-kultur.acdh.oeaw.ac.at/pmb266654.html
pmb266623,https://www.schnitzler-kultur.acdh.oeaw.ac.at/pmb266623.html
pmb266603,https://www.schnitzler-kultur.acdh.oeaw.ac.at/pmb266603.html
pmb266591,https://www.schnitzler-kultur.acdh.oeaw.ac.at/pmb266591.html
pmb266427,https://www.schnitzler-kultur.acdh.oeaw.ac.at/pmb266427.html
pmb266390,https://www.schnitzler-kultur.acdh.oeaw.ac.at/pmb266390.html
pmb266330,https://www.schnitzler-kultur.acdh.oeaw.ac.at/pmb266330.html
pmb266290,https://www.schnitzler-kultur.acdh.oeaw.ac.at/pmb266290.html
pmb266265,https://www.schnitzler-kultur.acdh.oeaw.ac.at/pmb266265.html
pmb266253,https://www.schnitzler-kultur.acdh.oeaw.ac.at/pmb266253.html
pmb266228,https://www.schnitzler-kultur.acdh.oeaw.ac.at/pmb266228.html
pmb266149,https://www.schnitzler-kultur.acdh.oeaw.ac.at/pmb266149.html
pmb266134,https://www.schnitzler-kultur.acdh.oeaw.ac.at/pmb266134.html
pmb266120,https://www.schnitzler-kultur.acdh.oeaw.ac.at/pmb266120.html
pmb266074,https://www.schnitzler-kultur.acdh.oeaw.ac.at/pmb266074.html
pmb266068,https://www.schnitzler-kultur.acdh.oeaw.ac.at/pmb266068.html
pmb266061,https://www.schnitzler-kultur.acdh.oeaw.ac.at/pmb266061.html
pmb266044,https://www.schnitzler-kultur.acdh.oeaw.ac.at/pmb266044.html
pmb265744,https://www.schnitzler-kultur.acdh.oeaw.ac.at/pmb265744.html
pmb265564,https://www.schnitzler-kultur.acdh.oeaw.ac.at/pmb265564.html
pmb265555,https://www.schnitzler-kultur.acdh.oeaw.ac.at/pmb265555.html
pmb265544,https://www.schnitzler-kultur.acdh.oeaw.ac.at/pmb265544.html
pmb265510,https://www.schnitzler-kultur.acdh.oeaw.ac.at/pmb265510.html
pmb265408,https://www.schnitzler-kultur.acdh.oeaw.ac.at/pmb265408.html
pmb265368,https://www.schnitzler-kultur.acdh.oeaw.ac.at/pmb265368.html
pmb265322,https://www.schnitzler-kultur.acdh.oeaw.ac.at/pmb265322.html
pmb265304,https://www.schnitzler-kultur.acdh.oeaw.ac.at/pmb265304.html
pmb265238,https://www.schnitzler-kultur.acdh.oeaw.ac.at/pmb265238.html
pmb265130,https://www.schnitzler-kultur.acdh.oeaw.ac.at/pmb265130.html
pmb265122,https://www.schnitzler-kultur.acdh.oeaw.ac.at/pmb265122.html
pmb265096,https://www.schnitzler-kultur.acdh.oeaw.ac.at/pmb265096.html
pmb265081,https://www.schnitzler-kultur.acdh.oeaw.ac.at/pmb265081.html
pmb264996,https://www.schnitzler-kultur.acdh.oeaw.ac.at/pmb264996.html
pmb264796,https://www.schnitzler-kultur.acdh.oeaw.ac.at/pmb264796.html
pmb264644,https://www.schnitzler-kultur.acdh.oeaw.ac.at/pmb264644.html
pmb264639,https://www.schnitzler-kultur.acdh.oeaw.ac.at/pmb264639.html
pmb264603,https://www.schnitzler-kultur.acdh.oeaw.ac.at/pmb264603.html
pmb264589,https://www.schnitzler-kultur.acdh.oeaw.ac.at/pmb264589.html
pmb264573,https://www.schnitzler-kultur.acdh.oeaw.ac.at/pmb264573.html
pmb264564,https://www.schnitzler-kultur.acdh.oeaw.ac.at/pmb264564.html
pmb264559,https://www.schnitzler-kultur.acdh.oeaw.ac.at/pmb264559.html
pmb264499,https://www.schnitzler-kultur.acdh.oeaw.ac.at/pmb264499.html
pmb264413,https://www.schnitzler-kultur.acdh.oeaw.ac.at/pmb264413.html
pmb264409,https://www.schnitzler-kultur.acdh.oeaw.ac.at/pmb264409.html
pmb264351,https://www.schnitzler-kultur.acdh.oeaw.ac.at/pmb264351.html
pmb264345,https://www.schnitzler-kultur.acdh.oeaw.ac.at/pmb264345.html
pmb264334,https://www.schnitzler-kultur.acdh.oeaw.ac.at/pmb264334.html
pmb264270,https://www.schnitzler-kultur.acdh.oeaw.ac.at/pmb264270.html
pmb264226,https://www.schnitzler-kultur.acdh.oeaw.ac.at/pmb264226.html
pmb264190,https://www.schnitzler-kultur.acdh.oeaw.ac.at/pmb264190.html
pmb264173,https://www.schnitzler-kultur.acdh.oeaw.ac.at/pmb264173.html
pmb264147,https://www.schnitzler-kultur.acdh.oeaw.ac.at/pmb264147.html
pmb264143,https://www.schnitzler-kultur.acdh.oeaw.ac.at/pmb264143.html
pmb264135,https://www.schnitzler-kultur.acdh.oeaw.ac.at/pmb264135.html
pmb264131,https://www.schnitzler-kultur.acdh.oeaw.ac.at/pmb264131.html
pmb264126,https://www.schnitzler-kultur.acdh.oeaw.ac.at/pmb264126.html
pmb264120,https://www.schnitzler-kultur.acdh.oeaw.ac.at/pmb264120.html
pmb264115,https://www.schnitzler-kultur.acdh.oeaw.ac.at/pmb264115.html
pmb264109,https://www.schnitzler-kultur.acdh.oeaw.ac.at/pmb264109.html
pmb264105,https://www.schnitzler-kultur.acdh.oeaw.ac.at/pmb264105.html
pmb264100,https://www.schnitzler-kultur.acdh.oeaw.ac.at/pmb264100.html
pmb264096,https://www.schnitzler-kultur.acdh.oeaw.ac.at/pmb264096.html
pmb264090,https://www.schnitzler-kultur.acdh.oeaw.ac.at/pmb264090.html
pmb264081,https://www.schnitzler-kultur.acdh.oeaw.ac.at/pmb264081.html
pmb264067,https://www.schnitzler-kultur.acdh.oeaw.ac.at/pmb264067.html
pmb264062,https://www.schnitzler-kultur.acdh.oeaw.ac.at/pmb264062.html
pmb264056,https://www.schnitzler-kultur.acdh.oeaw.ac.at/pmb264056.html
pmb264046,https://www.schnitzler-kultur.acdh.oeaw.ac.at/pmb264046.html
pmb264040,https://www.schnitzler-kultur.acdh.oeaw.ac.at/pmb264040.html
pmb264036,https://www.schnitzler-kultur.acdh.oeaw.ac.at/pmb264036.html
pmb264032,https://www.schnitzler-kultur.acdh.oeaw.ac.at/pmb264032.html
pmb263964,https://www.schnitzler-kultur.acdh.oeaw.ac.at/pmb263964.html
pmb263938,https://www.schnitzler-kultur.acdh.oeaw.ac.at/pmb263938.html
pmb263903,https://www.schnitzler-kultur.acdh.oeaw.ac.at/pmb263903.html
pmb263810,https://www.schnitzler-kultur.acdh.oeaw.ac.at/pmb263810.html
pmb263798,https://www.schnitzler-kultur.acdh.oeaw.ac.at/pmb263798.html
pmb263780,https://www.schnitzler-kultur.acdh.oeaw.ac.at/pmb263780.html
pmb263732,https://www.schnitzler-kultur.acdh.oeaw.ac.at/pmb263732.html
pmb263716,https://www.schnitzler-kultur.acdh.oeaw.ac.at/pmb263716.html
pmb263695,https://www.schnitzler-kultur.acdh.oeaw.ac.at/pmb263695.html
pmb263681,https://www.schnitzler-kultur.acdh.oeaw.ac.at/pmb263681.html
pmb263673,https://www.schnitzler-kultur.acdh.oeaw.ac.at/pmb263673.html
pmb263667,https://www.schnitzler-kultur.acdh.oeaw.ac.at/pmb263667.html
pmb263662,https://www.schnitzler-kultur.acdh.oeaw.ac.at/pmb263662.html
pmb263653,https://www.schnitzler-kultur.acdh.oeaw.ac.at/pmb263653.html
pmb263648,https://www.schnitzler-kultur.acdh.oeaw.ac.at/pmb263648.html
pmb263642,https://www.schnitzler-kultur.acdh.oeaw.ac.at/pmb263642.html
pmb263628,https://www.schnitzler-kultur.acdh.oeaw.ac.at/pmb263628.html
pmb263523,https://www.schnitzler-kultur.acdh.oeaw.ac.at/pmb263523.html
pmb259738,https://www.schnitzler-kultur.acdh.oeaw.ac.at/pmb259738.html
pmb259724,https://www.schnitzler-kultur.acdh.oeaw.ac.at/pmb259724.html
pmb259687,https://www.schnitzler-kultur.acdh.oeaw.ac.at/pmb259687.html
pmb257578,https://www.schnitzler-kultur.acdh.oeaw.ac.at/pmb257578.html
pmb257537,https://www.schnitzler-kultur.acdh.oeaw.ac.at/pmb257537.html
pmb257480,https://www.schnitzler-kultur.acdh.oeaw.ac.at/pmb257480.html
pmb257470,https://www.schnitzler-kultur.acdh.oeaw.ac.at/pmb257470.html
pmb257456,https://www.schnitzler-kultur.acdh.oeaw.ac.at/pmb257456.html
pmb257406,https://www.schnitzler-kultur.acdh.oeaw.ac.at/pmb257406.html
pmb257371,https://www.schnitzler-kultur.acdh.oeaw.ac.at/pmb257371.html
pmb257345,https://www.schnitzler-kultur.acdh.oeaw.ac.at/pmb257345.html
pmb257290,https://www.schnitzler-kultur.acdh.oeaw.ac.at/pmb257290.html
pmb257188,https://www.schnitzler-kultur.acdh.oeaw.ac.at/pmb257188.html
pmb257182,https://www.schnitzler-kultur.acdh.oeaw.ac.at/pmb257182.html
pmb257123,https://www.schnitzler-kultur.acdh.oeaw.ac.at/pmb257123.html
pmb257114,https://www.schnitzler-kultur.acdh.oeaw.ac.at/pmb257114.html
pmb257096,https://www.schnitzler-kultur.acdh.oeaw.ac.at/pmb257096.html
pmb257084,https://www.schnitzler-kultur.acdh.oeaw.ac.at/pmb257084.html
pmb256882,https://www.schnitzler-kultur.acdh.oeaw.ac.at/pmb256882.html
pmb256862,https://www.schnitzler-kultur.acdh.oeaw.ac.at/pmb256862.html
pmb256855,https://www.schnitzler-kultur.acdh.oeaw.ac.at/pmb256855.html
pmb256844,https://www.schnitzler-kultur.acdh.oeaw.ac.at/pmb256844.html
pmb256758,https://www.schnitzler-kultur.acdh.oeaw.ac.at/pmb256758.html
pmb256713,https://www.schnitzler-kultur.acdh.oeaw.ac.at/pmb256713.html
pmb256681,https://www.schnitzler-kultur.acdh.oeaw.ac.at/pmb256681.html
pmb256674,https://www.schnitzler-kultur.acdh.oeaw.ac.at/pmb256674.html
pmb256641,https://www.schnitzler-kultur.acdh.oeaw.ac.at/pmb256641.html
pmb256603,https://www.schnitzler-kultur.acdh.oeaw.ac.at/pmb256603.html
pmb256539,https://www.schnitzler-kultur.acdh.oeaw.ac.at/pmb256539.html
pmb256533,https://www.schnitzler-kultur.acdh.oeaw.ac.at/pmb256533.html
pmb256504,https://www.schnitzler-kultur.acdh.oeaw.ac.at/pmb256504.html
pmb256495,https://www.schnitzler-kultur.acdh.oeaw.ac.at/pmb256495.html
pmb256463,https://www.schnitzler-kultur.acdh.oeaw.ac.at/pmb256463.html
pmb256453,https://www.schnitzler-kultur.acdh.oeaw.ac.at/pmb256453.html
pmb256437,https://www.schnitzler-kultur.acdh.oeaw.ac.at/pmb256437.html
pmb256426,https://www.schnitzler-kultur.acdh.oeaw.ac.at/pmb256426.html
pmb256405,https://www.schnitzler-kultur.acdh.oeaw.ac.at/pmb256405.html
pmb256277,https://www.schnitzler-kultur.acdh.oeaw.ac.at/pmb256277.html
pmb256241,https://www.schnitzler-kultur.acdh.oeaw.ac.at/pmb256241.html
pmb256200,https://www.schnitzler-kultur.acdh.oeaw.ac.at/pmb256200.html
pmb256185,https://www.schnitzler-kultur.acdh.oeaw.ac.at/pmb256185.html
pmb256171,https://www.schnitzler-kultur.acdh.oeaw.ac.at/pmb256171.html
pmb256158,https://www.schnitzler-kultur.acdh.oeaw.ac.at/pmb256158.html
pmb256136,https://www.schnitzler-kultur.acdh.oeaw.ac.at/pmb256136.html
pmb256129,https://www.schnitzler-kultur.acdh.oeaw.ac.at/pmb256129.html
pmb256096,https://www.schnitzler-kultur.acdh.oeaw.ac.at/pmb256096.html
pmb256091,https://www.schnitzler-kultur.acdh.oeaw.ac.at/pmb256091.html
pmb256082,https://www.schnitzler-kultur.acdh.oeaw.ac.at/pmb256082.html
pmb256066,https://www.schnitzler-kultur.acdh.oeaw.ac.at/pmb256066.html
pmb256047,https://www.schnitzler-kultur.acdh.oeaw.ac.at/pmb256047.html
pmb256039,https://www.schnitzler-kultur.acdh.oeaw.ac.at/pmb256039.html
pmb256030,https://www.schnitzler-kultur.acdh.oeaw.ac.at/pmb256030.html
pmb256014,https://www.schnitzler-kultur.acdh.oeaw.ac.at/pmb256014.html
pmb256001,https://www.schnitzler-kultur.acdh.oeaw.ac.at/pmb256001.html
pmb255970,https://www.schnitzler-kultur.acdh.oeaw.ac.at/pmb255970.html
pmb255937,https://www.schnitzler-kultur.acdh.oeaw.ac.at/pmb255937.html
pmb255926,https://www.schnitzler-kultur.acdh.oeaw.ac.at/pmb255926.html
pmb255917,https://www.schnitzler-kultur.acdh.oeaw.ac.at/pmb255917.html
pmb255910,https://www.schnitzler-kultur.acdh.oeaw.ac.at/pmb255910.html
pmb255903,https://www.schnitzler-kultur.acdh.oeaw.ac.at/pmb255903.html
pmb255890,https://www.schnitzler-kultur.acdh.oeaw.ac.at/pmb255890.html
pmb255863,https://www.schnitzler-kultur.acdh.oeaw.ac.at/pmb255863.html
pmb255848,https://www.schnitzler-kultur.acdh.oeaw.ac.at/pmb255848.html
pmb255542,https://www.schnitzler-kultur.acdh.oeaw.ac.at/pmb255542.html
pmb255531,https://www.schnitzler-kultur.acdh.oeaw.ac.at/pmb255531.html
pmb255515,https://www.schnitzler-kultur.acdh.oeaw.ac.at/pmb255515.html
pmb255481,https://www.schnitzler-kultur.acdh.oeaw.ac.at/pmb255481.html
pmb255459,https://www.schnitzler-kultur.acdh.oeaw.ac.at/pmb255459.html
pmb255452,https://www.schnitzler-kultur.acdh.oeaw.ac.at/pmb255452.html
pmb255437,https://www.schnitzler-kultur.acdh.oeaw.ac.at/pmb255437.html
pmb255390,https://www.schnitzler-kultur.acdh.oeaw.ac.at/pmb255390.html
pmb255324,https://www.schnitzler-kultur.acdh.oeaw.ac.at/pmb255324.html
pmb255317,https://www.schnitzler-kultur.acdh.oeaw.ac.at/pmb255317.html
pmb255239,https://www.schnitzler-kultur.acdh.oeaw.ac.at/pmb255239.html
pmb255232,https://www.schnitzler-kultur.acdh.oeaw.ac.at/pmb255232.html
pmb255118,https://www.schnitzler-kultur.acdh.oeaw.ac.at/pmb255118.html
pmb255110,https://www.schnitzler-kultur.acdh.oeaw.ac.at/pmb255110.html
pmb255052,https://www.schnitzler-kultur.acdh.oeaw.ac.at/pmb255052.html
pmb255027,https://www.schnitzler-kultur.acdh.oeaw.ac.at/pmb255027.html
pmb254943,https://www.schnitzler-kultur.acdh.oeaw.ac.at/pmb254943.html
pmb254647,https://www.schnitzler-kultur.acdh.oeaw.ac.at/pmb254647.html
pmb254594,https://www.schnitzler-kultur.acdh.oeaw.ac.at/pmb254594.html
pmb254327,https://www.schnitzler-kultur.acdh.oeaw.ac.at/pmb254327.html
pmb254299,https://www.schnitzler-kultur.acdh.oeaw.ac.at/pmb254299.html
pmb254292,https://www.schnitzler-kultur.acdh.oeaw.ac.at/pmb254292.html
pmb254223,https://www.schnitzler-kultur.acdh.oeaw.ac.at/pmb254223.html
pmb254211,https://www.schnitzler-kultur.acdh.oeaw.ac.at/pmb254211.html
pmb254197,https://www.schnitzler-kultur.acdh.oeaw.ac.at/pmb254197.html
pmb254178,https://www.schnitzler-kultur.acdh.oeaw.ac.at/pmb254178.html
pmb254175,https://www.schnitzler-kultur.acdh.oeaw.ac.at/pmb254175.html
pmb254165,https://www.schnitzler-kultur.acdh.oeaw.ac.at/pmb254165.html
pmb254145,https://www.schnitzler-kultur.acdh.oeaw.ac.at/pmb254145.html
pmb254130,https://www.schnitzler-kultur.acdh.oeaw.ac.at/pmb254130.html
pmb254070,https://www.schnitzler-kultur.acdh.oeaw.ac.at/pmb254070.html
pmb254002,https://www.schnitzler-kultur.acdh.oeaw.ac.at/pmb254002.html
pmb253994,https://www.schnitzler-kultur.acdh.oeaw.ac.at/pmb253994.html
pmb253979,https://www.schnitzler-kultur.acdh.oeaw.ac.at/pmb253979.html
pmb253973,https://www.schnitzler-kultur.acdh.oeaw.ac.at/pmb253973.html
pmb253968,https://www.schnitzler-kultur.acdh.oeaw.ac.at/pmb253968.html
pmb253941,https://www.schnitzler-kultur.acdh.oeaw.ac.at/pmb253941.html
pmb253932,https://www.schnitzler-kultur.acdh.oeaw.ac.at/pmb253932.html
pmb253919,https://www.schnitzler-kultur.acdh.oeaw.ac.at/pmb253919.html
pmb253904,https://www.schnitzler-kultur.acdh.oeaw.ac.at/pmb253904.html
pmb253745,https://www.schnitzler-kultur.acdh.oeaw.ac.at/pmb253745.html
pmb253741,https://www.schnitzler-kultur.acdh.oeaw.ac.at/pmb253741.html
pmb253735,https://www.schnitzler-kultur.acdh.oeaw.ac.at/pmb253735.html
pmb253719,https://www.schnitzler-kultur.acdh.oeaw.ac.at/pmb253719.html
pmb253363,https://www.schnitzler-kultur.acdh.oeaw.ac.at/pmb253363.html
pmb253325,https://www.schnitzler-kultur.acdh.oeaw.ac.at/pmb253325.html
pmb253315,https://www.schnitzler-kultur.acdh.oeaw.ac.at/pmb253315.html
pmb253299,https://www.schnitzler-kultur.acdh.oeaw.ac.at/pmb253299.html
pmb253224,https://www.schnitzler-kultur.acdh.oeaw.ac.at/pmb253224.html
pmb253209,https://www.schnitzler-kultur.acdh.oeaw.ac.at/pmb253209.html
pmb253177,https://www.schnitzler-kultur.acdh.oeaw.ac.at/pmb253177.html
pmb253136,https://www.schnitzler-kultur.acdh.oeaw.ac.at/pmb253136.html
pmb253120,https://www.schnitzler-kultur.acdh.oeaw.ac.at/pmb253120.html
pmb253101,https://www.schnitzler-kultur.acdh.oeaw.ac.at/pmb253101.html
pmb253082,https://www.schnitzler-kultur.acdh.oeaw.ac.at/pmb253082.html
pmb252964,https://www.schnitzler-kultur.acdh.oeaw.ac.at/pmb252964.html
pmb252938,https://www.schnitzler-kultur.acdh.oeaw.ac.at/pmb252938.html
pmb252928,https://www.schnitzler-kultur.acdh.oeaw.ac.at/pmb252928.html
pmb252920,https://www.schnitzler-kultur.acdh.oeaw.ac.at/pmb252920.html
pmb252911,https://www.schnitzler-kultur.acdh.oeaw.ac.at/pmb252911.html
pmb252881,https://www.schnitzler-kultur.acdh.oeaw.ac.at/pmb252881.html
pmb252782,https://www.schnitzler-kultur.acdh.oeaw.ac.at/pmb252782.html
pmb252772,https://www.schnitzler-kultur.acdh.oeaw.ac.at/pmb252772.html
pmb252705,https://www.schnitzler-kultur.acdh.oeaw.ac.at/pmb252705.html
pmb252669,https://www.schnitzler-kultur.acdh.oeaw.ac.at/pmb252669.html
pmb252577,https://www.schnitzler-kultur.acdh.oeaw.ac.at/pmb252577.html
pmb252537,https://www.schnitzler-kultur.acdh.oeaw.ac.at/pmb252537.html
pmb252521,https://www.schnitzler-kultur.acdh.oeaw.ac.at/pmb252521.html
pmb252432,https://www.schnitzler-kultur.acdh.oeaw.ac.at/pmb252432.html
pmb252425,https://www.schnitzler-kultur.acdh.oeaw.ac.at/pmb252425.html
pmb252417,https://www.schnitzler-kultur.acdh.oeaw.ac.at/pmb252417.html
pmb252410,https://www.schnitzler-kultur.acdh.oeaw.ac.at/pmb252410.html
pmb252401,https://www.schnitzler-kultur.acdh.oeaw.ac.at/pmb252401.html
pmb252378,https://www.schnitzler-kultur.acdh.oeaw.ac.at/pmb252378.html
pmb252371,https://www.schnitzler-kultur.acdh.oeaw.ac.at/pmb252371.html
pmb252363,https://www.schnitzler-kultur.acdh.oeaw.ac.at/pmb252363.html
pmb252358,https://www.schnitzler-kultur.acdh.oeaw.ac.at/pmb252358.html
pmb252344,https://www.schnitzler-kultur.acdh.oeaw.ac.at/pmb252344.html
pmb252334,https://www.schnitzler-kultur.acdh.oeaw.ac.at/pmb252334.html
pmb252279,https://www.schnitzler-kultur.acdh.oeaw.ac.at/pmb252279.html
pmb252184,https://www.schnitzler-kultur.acdh.oeaw.ac.at/pmb252184.html
pmb252135,https://www.schnitzler-kultur.acdh.oeaw.ac.at/pmb252135.html
pmb252055,https://www.schnitzler-kultur.acdh.oeaw.ac.at/pmb252055.html
pmb252023,https://www.schnitzler-kultur.acdh.oeaw.ac.at/pmb252023.html
pmb251999,https://www.schnitzler-kultur.acdh.oeaw.ac.at/pmb251999.html
pmb251994,https://www.schnitzler-kultur.acdh.oeaw.ac.at/pmb251994.html
pmb251885,https://www.schnitzler-kultur.acdh.oeaw.ac.at/pmb251885.html
pmb251859,https://www.schnitzler-kultur.acdh.oeaw.ac.at/pmb251859.html
pmb251842,https://www.schnitzler-kultur.acdh.oeaw.ac.at/pmb251842.html
pmb251837,https://www.schnitzler-kultur.acdh.oeaw.ac.at/pmb251837.html
pmb251702,https://www.schnitzler-kultur.acdh.oeaw.ac.at/pmb251702.html
pmb251683,https://www.schnitzler-kultur.acdh.oeaw.ac.at/pmb251683.html
pmb251618,https://www.schnitzler-kultur.acdh.oeaw.ac.at/pmb251618.html
pmb251580,https://www.schnitzler-kultur.acdh.oeaw.ac.at/pmb251580.html
pmb251572,https://www.schnitzler-kultur.acdh.oeaw.ac.at/pmb251572.html
pmb251538,https://www.schnitzler-kultur.acdh.oeaw.ac.at/pmb251538.html
pmb251456,https://www.schnitzler-kultur.acdh.oeaw.ac.at/pmb251456.html
pmb251446,https://www.schnitzler-kultur.acdh.oeaw.ac.at/pmb251446.html
pmb251435,https://www.schnitzler-kultur.acdh.oeaw.ac.at/pmb251435.html
pmb251430,https://www.schnitzler-kultur.acdh.oeaw.ac.at/pmb251430.html
pmb251424,https://www.schnitzler-kultur.acdh.oeaw.ac.at/pmb251424.html
pmb251417,https://www.schnitzler-kultur.acdh.oeaw.ac.at/pmb251417.html
pmb251412,https://www.schnitzler-kultur.acdh.oeaw.ac.at/pmb251412.html
pmb251400,https://www.schnitzler-kultur.acdh.oeaw.ac.at/pmb251400.html
pmb251394,https://www.schnitzler-kultur.acdh.oeaw.ac.at/pmb251394.html
pmb251387,https://www.schnitzler-kultur.acdh.oeaw.ac.at/pmb251387.html
pmb251382,https://www.schnitzler-kultur.acdh.oeaw.ac.at/pmb251382.html
pmb251374,https://www.schnitzler-kultur.acdh.oeaw.ac.at/pmb251374.html
pmb251368,https://www.schnitzler-kultur.acdh.oeaw.ac.at/pmb251368.html
pmb251360,https://www.schnitzler-kultur.acdh.oeaw.ac.at/pmb251360.html
pmb251355,https://www.schnitzler-kultur.acdh.oeaw.ac.at/pmb251355.html
pmb251348,https://www.schnitzler-kultur.acdh.oeaw.ac.at/pmb251348.html
pmb251343,https://www.schnitzler-kultur.acdh.oeaw.ac.at/pmb251343.html
pmb251335,https://www.schnitzler-kultur.acdh.oeaw.ac.at/pmb251335.html
pmb251328,https://www.schnitzler-kultur.acdh.oeaw.ac.at/pmb251328.html
pmb251323,https://www.schnitzler-kultur.acdh.oeaw.ac.at/pmb251323.html
pmb251310,https://www.schnitzler-kultur.acdh.oeaw.ac.at/pmb251310.html
pmb251303,https://www.schnitzler-kultur.acdh.oeaw.ac.at/pmb251303.html
pmb251295,https://www.schnitzler-kultur.acdh.oeaw.ac.at/pmb251295.html
pmb251290,https://www.schnitzler-kultur.acdh.oeaw.ac.at/pmb251290.html
pmb251283,https://www.schnitzler-kultur.acdh.oeaw.ac.at/pmb251283.html
pmb251250,https://www.schnitzler-kultur.acdh.oeaw.ac.at/pmb251250.html
pmb251243,https://www.schnitzler-kultur.acdh.oeaw.ac.at/pmb251243.html
pmb251234,https://www.schnitzler-kultur.acdh.oeaw.ac.at/pmb251234.html
pmb251208,https://www.schnitzler-kultur.acdh.oeaw.ac.at/pmb251208.html
pmb251196,https://www.schnitzler-kultur.acdh.oeaw.ac.at/pmb251196.html
pmb251187,https://www.schnitzler-kultur.acdh.oeaw.ac.at/pmb251187.html
pmb251171,https://www.schnitzler-kultur.acdh.oeaw.ac.at/pmb251171.html
pmb251162,https://www.schnitzler-kultur.acdh.oeaw.ac.at/pmb251162.html
pmb251157,https://www.schnitzler-kultur.acdh.oeaw.ac.at/pmb251157.html
pmb251049,https://www.schnitzler-kultur.acdh.oeaw.ac.at/pmb251049.html
pmb251001,https://www.schnitzler-kultur.acdh.oeaw.ac.at/pmb251001.html
pmb250837,https://www.schnitzler-kultur.acdh.oeaw.ac.at/pmb250837.html
pmb250808,https://www.schnitzler-kultur.acdh.oeaw.ac.at/pmb250808.html
pmb250745,https://www.schnitzler-kultur.acdh.oeaw.ac.at/pmb250745.html
pmb250739,https://www.schnitzler-kultur.acdh.oeaw.ac.at/pmb250739.html
pmb250648,https://www.schnitzler-kultur.acdh.oeaw.ac.at/pmb250648.html
pmb250615,https://www.schnitzler-kultur.acdh.oeaw.ac.at/pmb250615.html
pmb250540,https://www.schnitzler-kultur.acdh.oeaw.ac.at/pmb250540.html
pmb250521,https://www.schnitzler-kultur.acdh.oeaw.ac.at/pmb250521.html
pmb250485,https://www.schnitzler-kultur.acdh.oeaw.ac.at/pmb250485.html
pmb250475,https://www.schnitzler-kultur.acdh.oeaw.ac.at/pmb250475.html
pmb250391,https://www.schnitzler-kultur.acdh.oeaw.ac.at/pmb250391.html
pmb250371,https://www.schnitzler-kultur.acdh.oeaw.ac.at/pmb250371.html
pmb250365,https://www.schnitzler-kultur.acdh.oeaw.ac.at/pmb250365.html
pmb250357,https://www.schnitzler-kultur.acdh.oeaw.ac.at/pmb250357.html
pmb250348,https://www.schnitzler-kultur.acdh.oeaw.ac.at/pmb250348.html
pmb250334,https://www.schnitzler-kultur.acdh.oeaw.ac.at/pmb250334.html
pmb250323,https://www.schnitzler-kultur.acdh.oeaw.ac.at/pmb250323.html
pmb250291,https://www.schnitzler-kultur.acdh.oeaw.ac.at/pmb250291.html
pmb250252,https://www.schnitzler-kultur.acdh.oeaw.ac.at/pmb250252.html
pmb250224,https://www.schnitzler-kultur.acdh.oeaw.ac.at/pmb250224.html
pmb250211,https://www.schnitzler-kultur.acdh.oeaw.ac.at/pmb250211.html
pmb250191,https://www.schnitzler-kultur.acdh.oeaw.ac.at/pmb250191.html
pmb250183,https://www.schnitzler-kultur.acdh.oeaw.ac.at/pmb250183.html
pmb250177,https://www.schnitzler-kultur.acdh.oeaw.ac.at/pmb250177.html
pmb250008,https://www.schnitzler-kultur.acdh.oeaw.ac.at/pmb250008.html
pmb249997,https://www.schnitzler-kultur.acdh.oeaw.ac.at/pmb249997.html
pmb249992,https://www.schnitzler-kultur.acdh.oeaw.ac.at/pmb249992.html
pmb249973,https://www.schnitzler-kultur.acdh.oeaw.ac.at/pmb249973.html
pmb249956,https://www.schnitzler-kultur.acdh.oeaw.ac.at/pmb249956.html
pmb249947,https://www.schnitzler-kultur.acdh.oeaw.ac.at/pmb249947.html
pmb249934,https://www.schnitzler-kultur.acdh.oeaw.ac.at/pmb249934.html
pmb249927,https://www.schnitzler-kultur.acdh.oeaw.ac.at/pmb249927.html
pmb249912,https://www.schnitzler-kultur.acdh.oeaw.ac.at/pmb249912.html
pmb249884,https://www.schnitzler-kultur.acdh.oeaw.ac.at/pmb249884.html
pmb249839,https://www.schnitzler-kultur.acdh.oeaw.ac.at/pmb249839.html
pmb249834,https://www.schnitzler-kultur.acdh.oeaw.ac.at/pmb249834.html
pmb249814,https://www.schnitzler-kultur.acdh.oeaw.ac.at/pmb249814.html
pmb249810,https://www.schnitzler-kultur.acdh.oeaw.ac.at/pmb249810.html
pmb249806,https://www.schnitzler-kultur.acdh.oeaw.ac.at/pmb249806.html
pmb249782,https://www.schnitzler-kultur.acdh.oeaw.ac.at/pmb249782.html
pmb249756,https://www.schnitzler-kultur.acdh.oeaw.ac.at/pmb249756.html
pmb249748,https://www.schnitzler-kultur.acdh.oeaw.ac.at/pmb249748.html
pmb249743,https://www.schnitzler-kultur.acdh.oeaw.ac.at/pmb249743.html
pmb249733,https://www.schnitzler-kultur.acdh.oeaw.ac.at/pmb249733.html
pmb249730,https://www.schnitzler-kultur.acdh.oeaw.ac.at/pmb249730.html
pmb249709,https://www.schnitzler-kultur.acdh.oeaw.ac.at/pmb249709.html
pmb249701,https://www.schnitzler-kultur.acdh.oeaw.ac.at/pmb249701.html
pmb249681,https://www.schnitzler-kultur.acdh.oeaw.ac.at/pmb249681.html
pmb249677,https://www.schnitzler-kultur.acdh.oeaw.ac.at/pmb249677.html
pmb249673,https://www.schnitzler-kultur.acdh.oeaw.ac.at/pmb249673.html
pmb249662,https://www.schnitzler-kultur.acdh.oeaw.ac.at/pmb249662.html
pmb249650,https://www.schnitzler-kultur.acdh.oeaw.ac.at/pmb249650.html
pmb249645,https://www.schnitzler-kultur.acdh.oeaw.ac.at/pmb249645.html
pmb249631,https://www.schnitzler-kultur.acdh.oeaw.ac.at/pmb249631.html
pmb249556,https://www.schnitzler-kultur.acdh.oeaw.ac.at/pmb249556.html
pmb249547,https://www.schnitzler-kultur.acdh.oeaw.ac.at/pmb249547.html
pmb249541,https://www.schnitzler-kultur.acdh.oeaw.ac.at/pmb249541.html
pmb249504,https://www.schnitzler-kultur.acdh.oeaw.ac.at/pmb249504.html
pmb249490,https://www.schnitzler-kultur.acdh.oeaw.ac.at/pmb249490.html
pmb249485,https://www.schnitzler-kultur.acdh.oeaw.ac.at/pmb249485.html
pmb249478,https://www.schnitzler-kultur.acdh.oeaw.ac.at/pmb249478.html
pmb249473,https://www.schnitzler-kultur.acdh.oeaw.ac.at/pmb249473.html
pmb249466,https://www.schnitzler-kultur.acdh.oeaw.ac.at/pmb249466.html
pmb249453,https://www.schnitzler-kultur.acdh.oeaw.ac.at/pmb249453.html
pmb249432,https://www.schnitzler-kultur.acdh.oeaw.ac.at/pmb249432.html
pmb249314,https://www.schnitzler-kultur.acdh.oeaw.ac.at/pmb249314.html
pmb249308,https://www.schnitzler-kultur.acdh.oeaw.ac.at/pmb249308.html
pmb249290,https://www.schnitzler-kultur.acdh.oeaw.ac.at/pmb249290.html
pmb249268,https://www.schnitzler-kultur.acdh.oeaw.ac.at/pmb249268.html
pmb249230,https://www.schnitzler-kultur.acdh.oeaw.ac.at/pmb249230.html
pmb249215,https://www.schnitzler-kultur.acdh.oeaw.ac.at/pmb249215.html
pmb249195,https://www.schnitzler-kultur.acdh.oeaw.ac.at/pmb249195.html
pmb249176,https://www.schnitzler-kultur.acdh.oeaw.ac.at/pmb249176.html
pmb249149,https://www.schnitzler-kultur.acdh.oeaw.ac.at/pmb249149.html
pmb249142,https://www.schnitzler-kultur.acdh.oeaw.ac.at/pmb249142.html
pmb249047,https://www.schnitzler-kultur.acdh.oeaw.ac.at/pmb249047.html
pmb248973,https://www.schnitzler-kultur.acdh.oeaw.ac.at/pmb248973.html
pmb248903,https://www.schnitzler-kultur.acdh.oeaw.ac.at/pmb248903.html
pmb248880,https://www.schnitzler-kultur.acdh.oeaw.ac.at/pmb248880.html
pmb248864,https://www.schnitzler-kultur.acdh.oeaw.ac.at/pmb248864.html
pmb248816,https://www.schnitzler-kultur.acdh.oeaw.ac.at/pmb248816.html
pmb248810,https://www.schnitzler-kultur.acdh.oeaw.ac.at/pmb248810.html
pmb248680,https://www.schnitzler-kultur.acdh.oeaw.ac.at/pmb248680.html
pmb248634,https://www.schnitzler-kultur.acdh.oeaw.ac.at/pmb248634.html
pmb248626,https://www.schnitzler-kultur.acdh.oeaw.ac.at/pmb248626.html
pmb248559,https://www.schnitzler-kultur.acdh.oeaw.ac.at/pmb248559.html
pmb248303,https://www.schnitzler-kultur.acdh.oeaw.ac.at/pmb248303.html
pmb248180,https://www.schnitzler-kultur.acdh.oeaw.ac.at/pmb248180.html
pmb248168,https://www.schnitzler-kultur.acdh.oeaw.ac.at/pmb248168.html
pmb248159,https://www.schnitzler-kultur.acdh.oeaw.ac.at/pmb248159.html
pmb248146,https://www.schnitzler-kultur.acdh.oeaw.ac.at/pmb248146.html
pmb248138,https://www.schnitzler-kultur.acdh.oeaw.ac.at/pmb248138.html
pmb248130,https://www.schnitzler-kultur.acdh.oeaw.ac.at/pmb248130.html
pmb248080,https://www.schnitzler-kultur.acdh.oeaw.ac.at/pmb248080.html
pmb248071,https://www.schnitzler-kultur.acdh.oeaw.ac.at/pmb248071.html
pmb248044,https://www.schnitzler-kultur.acdh.oeaw.ac.at/pmb248044.html
pmb248036,https://www.schnitzler-kultur.acdh.oeaw.ac.at/pmb248036.html
pmb248026,https://www.schnitzler-kultur.acdh.oeaw.ac.at/pmb248026.html
pmb248015,https://www.schnitzler-kultur.acdh.oeaw.ac.at/pmb248015.html
pmb248000,https://www.schnitzler-kultur.acdh.oeaw.ac.at/pmb248000.html
pmb247986,https://www.schnitzler-kultur.acdh.oeaw.ac.at/pmb247986.html
pmb247975,https://www.schnitzler-kultur.acdh.oeaw.ac.at/pmb247975.html
pmb247959,https://www.schnitzler-kultur.acdh.oeaw.ac.at/pmb247959.html
pmb247944,https://www.schnitzler-kultur.acdh.oeaw.ac.at/pmb247944.html
pmb247939,https://www.schnitzler-kultur.acdh.oeaw.ac.at/pmb247939.html
pmb247935,https://www.schnitzler-kultur.acdh.oeaw.ac.at/pmb247935.html
pmb247923,https://www.schnitzler-kultur.acdh.oeaw.ac.at/pmb247923.html
pmb247917,https://www.schnitzler-kultur.acdh.oeaw.ac.at/pmb247917.html
pmb247908,https://www.schnitzler-kultur.acdh.oeaw.ac.at/pmb247908.html
pmb247891,https://www.schnitzler-kultur.acdh.oeaw.ac.at/pmb247891.html
pmb247731,https://www.schnitzler-kultur.acdh.oeaw.ac.at/pmb247731.html
pmb247725,https://www.schnitzler-kultur.acdh.oeaw.ac.at/pmb247725.html
pmb247651,https://www.schnitzler-kultur.acdh.oeaw.ac.at/pmb247651.html
pmb247536,https://www.schnitzler-kultur.acdh.oeaw.ac.at/pmb247536.html
pmb247518,https://www.schnitzler-kultur.acdh.oeaw.ac.at/pmb247518.html
pmb247485,https://www.schnitzler-kultur.acdh.oeaw.ac.at/pmb247485.html
pmb247291,https://www.schnitzler-kultur.acdh.oeaw.ac.at/pmb247291.html
pmb247220,https://www.schnitzler-kultur.acdh.oeaw.ac.at/pmb247220.html
pmb247216,https://www.schnitzler-kultur.acdh.oeaw.ac.at/pmb247216.html
pmb247211,https://www.schnitzler-kultur.acdh.oeaw.ac.at/pmb247211.html
pmb247203,https://www.schnitzler-kultur.acdh.oeaw.ac.at/pmb247203.html
pmb247178,https://www.schnitzler-kultur.acdh.oeaw.ac.at/pmb247178.html
pmb247168,https://www.schnitzler-kultur.acdh.oeaw.ac.at/pmb247168.html
pmb247024,https://www.schnitzler-kultur.acdh.oeaw.ac.at/pmb247024.html
pmb246922,https://www.schnitzler-kultur.acdh.oeaw.ac.at/pmb246922.html
pmb246855,https://www.schnitzler-kultur.acdh.oeaw.ac.at/pmb246855.html
pmb246807,https://www.schnitzler-kultur.acdh.oeaw.ac.at/pmb246807.html
pmb246795,https://www.schnitzler-kultur.acdh.oeaw.ac.at/pmb246795.html
pmb246740,https://www.schnitzler-kultur.acdh.oeaw.ac.at/pmb246740.html
pmb246736,https://www.schnitzler-kultur.acdh.oeaw.ac.at/pmb246736.html
pmb246731,https://www.schnitzler-kultur.acdh.oeaw.ac.at/pmb246731.html
pmb246726,https://www.schnitzler-kultur.acdh.oeaw.ac.at/pmb246726.html
pmb246721,https://www.schnitzler-kultur.acdh.oeaw.ac.at/pmb246721.html
pmb246706,https://www.schnitzler-kultur.acdh.oeaw.ac.at/pmb246706.html
pmb246701,https://www.schnitzler-kultur.acdh.oeaw.ac.at/pmb246701.html
pmb246580,https://www.schnitzler-kultur.acdh.oeaw.ac.at/pmb246580.html
pmb246475,https://www.schnitzler-kultur.acdh.oeaw.ac.at/pmb246475.html
pmb246445,https://www.schnitzler-kultur.acdh.oeaw.ac.at/pmb246445.html
pmb246432,https://www.schnitzler-kultur.acdh.oeaw.ac.at/pmb246432.html
pmb246427,https://www.schnitzler-kultur.acdh.oeaw.ac.at/pmb246427.html
pmb246422,https://www.schnitzler-kultur.acdh.oeaw.ac.at/pmb246422.html
pmb246411,https://www.schnitzler-kultur.acdh.oeaw.ac.at/pmb246411.html
pmb246395,https://www.schnitzler-kultur.acdh.oeaw.ac.at/pmb246395.html
pmb246383,https://www.schnitzler-kultur.acdh.oeaw.ac.at/pmb246383.html
pmb246376,https://www.schnitzler-kultur.acdh.oeaw.ac.at/pmb246376.html
pmb246365,https://www.schnitzler-kultur.acdh.oeaw.ac.at/pmb246365.html
pmb246341,https://www.schnitzler-kultur.acdh.oeaw.ac.at/pmb246341.html
pmb246300,https://www.schnitzler-kultur.acdh.oeaw.ac.at/pmb246300.html
pmb246284,https://www.schnitzler-kultur.acdh.oeaw.ac.at/pmb246284.html
pmb246217,https://www.schnitzler-kultur.acdh.oeaw.ac.at/pmb246217.html
pmb246075,https://www.schnitzler-kultur.acdh.oeaw.ac.at/pmb246075.html
pmb246061,https://www.schnitzler-kultur.acdh.oeaw.ac.at/pmb246061.html
pmb245908,https://www.schnitzler-kultur.acdh.oeaw.ac.at/pmb245908.html
pmb245891,https://www.schnitzler-kultur.acdh.oeaw.ac.at/pmb245891.html
pmb245881,https://www.schnitzler-kultur.acdh.oeaw.ac.at/pmb245881.html
pmb245875,https://www.schnitzler-kultur.acdh.oeaw.ac.at/pmb245875.html
pmb245869,https://www.schnitzler-kultur.acdh.oeaw.ac.at/pmb245869.html
pmb245864,https://www.schnitzler-kultur.acdh.oeaw.ac.at/pmb245864.html
pmb245788,https://www.schnitzler-kultur.acdh.oeaw.ac.at/pmb245788.html
pmb245708,https://www.schnitzler-kultur.acdh.oeaw.ac.at/pmb245708.html
pmb245699,https://www.schnitzler-kultur.acdh.oeaw.ac.at/pmb245699.html
pmb245695,https://www.schnitzler-kultur.acdh.oeaw.ac.at/pmb245695.html
pmb245688,https://www.schnitzler-kultur.acdh.oeaw.ac.at/pmb245688.html
pmb245682,https://www.schnitzler-kultur.acdh.oeaw.ac.at/pmb245682.html
pmb245676,https://www.schnitzler-kultur.acdh.oeaw.ac.at/pmb245676.html
pmb245669,https://www.schnitzler-kultur.acdh.oeaw.ac.at/pmb245669.html
pmb245662,https://www.schnitzler-kultur.acdh.oeaw.ac.at/pmb245662.html
pmb245656,https://www.schnitzler-kultur.acdh.oeaw.ac.at/pmb245656.html
pmb245651,https://www.schnitzler-kultur.acdh.oeaw.ac.at/pmb245651.html
pmb245596,https://www.schnitzler-kultur.acdh.oeaw.ac.at/pmb245596.html
pmb245583,https://www.schnitzler-kultur.acdh.oeaw.ac.at/pmb245583.html
pmb245566,https://www.schnitzler-kultur.acdh.oeaw.ac.at/pmb245566.html
pmb245559,https://www.schnitzler-kultur.acdh.oeaw.ac.at/pmb245559.html
pmb245552,https://www.schnitzler-kultur.acdh.oeaw.ac.at/pmb245552.html
pmb245511,https://www.schnitzler-kultur.acdh.oeaw.ac.at/pmb245511.html
pmb245327,https://www.schnitzler-kultur.acdh.oeaw.ac.at/pmb245327.html
pmb245191,https://www.schnitzler-kultur.acdh.oeaw.ac.at/pmb245191.html
pmb245185,https://www.schnitzler-kultur.acdh.oeaw.ac.at/pmb245185.html
pmb245179,https://www.schnitzler-kultur.acdh.oeaw.ac.at/pmb245179.html
pmb245172,https://www.schnitzler-kultur.acdh.oeaw.ac.at/pmb245172.html
pmb245165,https://www.schnitzler-kultur.acdh.oeaw.ac.at/pmb245165.html
pmb245159,https://www.schnitzler-kultur.acdh.oeaw.ac.at/pmb245159.html
pmb245149,https://www.schnitzler-kultur.acdh.oeaw.ac.at/pmb245149.html
pmb245137,https://www.schnitzler-kultur.acdh.oeaw.ac.at/pmb245137.html
pmb245124,https://www.schnitzler-kultur.acdh.oeaw.ac.at/pmb245124.html
pmb245117,https://www.schnitzler-kultur.acdh.oeaw.ac.at/pmb245117.html
pmb245108,https://www.schnitzler-kultur.acdh.oeaw.ac.at/pmb245108.html
pmb245103,https://www.schnitzler-kultur.acdh.oeaw.ac.at/pmb245103.html
pmb245092,https://www.schnitzler-kultur.acdh.oeaw.ac.at/pmb245092.html
pmb245080,https://www.schnitzler-kultur.acdh.oeaw.ac.at/pmb245080.html
pmb245050,https://www.schnitzler-kultur.acdh.oeaw.ac.at/pmb245050.html
pmb245019,https://www.schnitzler-kultur.acdh.oeaw.ac.at/pmb245019.html
pmb245012,https://www.schnitzler-kultur.acdh.oeaw.ac.at/pmb245012.html
pmb244998,https://www.schnitzler-kultur.acdh.oeaw.ac.at/pmb244998.html
pmb244949,https://www.schnitzler-kultur.acdh.oeaw.ac.at/pmb244949.html
pmb244941,https://www.schnitzler-kultur.acdh.oeaw.ac.at/pmb244941.html
pmb244933,https://www.schnitzler-kultur.acdh.oeaw.ac.at/pmb244933.html
pmb244923,https://www.schnitzler-kultur.acdh.oeaw.ac.at/pmb244923.html
pmb244897,https://www.schnitzler-kultur.acdh.oeaw.ac.at/pmb244897.html
pmb244849,https://www.schnitzler-kultur.acdh.oeaw.ac.at/pmb244849.html
pmb244845,https://www.schnitzler-kultur.acdh.oeaw.ac.at/pmb244845.html
pmb244841,https://www.schnitzler-kultur.acdh.oeaw.ac.at/pmb244841.html
pmb244834,https://www.schnitzler-kultur.acdh.oeaw.ac.at/pmb244834.html
pmb244827,https://www.schnitzler-kultur.acdh.oeaw.ac.at/pmb244827.html
pmb244821,https://www.schnitzler-kultur.acdh.oeaw.ac.at/pmb244821.html
pmb244804,https://www.schnitzler-kultur.acdh.oeaw.ac.at/pmb244804.html
pmb244800,https://www.schnitzler-kultur.acdh.oeaw.ac.at/pmb244800.html
pmb244791,https://www.schnitzler-kultur.acdh.oeaw.ac.at/pmb244791.html
pmb244787,https://www.schnitzler-kultur.acdh.oeaw.ac.at/pmb244787.html
pmb244782,https://www.schnitzler-kultur.acdh.oeaw.ac.at/pmb244782.html
pmb244778,https://www.schnitzler-kultur.acdh.oeaw.ac.at/pmb244778.html
pmb244773,https://www.schnitzler-kultur.acdh.oeaw.ac.at/pmb244773.html
pmb244769,https://www.schnitzler-kultur.acdh.oeaw.ac.at/pmb244769.html
pmb244765,https://www.schnitzler-kultur.acdh.oeaw.ac.at/pmb244765.html
pmb244761,https://www.schnitzler-kultur.acdh.oeaw.ac.at/pmb244761.html
pmb244756,https://www.schnitzler-kultur.acdh.oeaw.ac.at/pmb244756.html
pmb244752,https://www.schnitzler-kultur.acdh.oeaw.ac.at/pmb244752.html
pmb244745,https://www.schnitzler-kultur.acdh.oeaw.ac.at/pmb244745.html
pmb244741,https://www.schnitzler-kultur.acdh.oeaw.ac.at/pmb244741.html
pmb244737,https://www.schnitzler-kultur.acdh.oeaw.ac.at/pmb244737.html
pmb244726,https://www.schnitzler-kultur.acdh.oeaw.ac.at/pmb244726.html
pmb244718,https://www.schnitzler-kultur.acdh.oeaw.ac.at/pmb244718.html
pmb244709,https://www.schnitzler-kultur.acdh.oeaw.ac.at/pmb244709.html
pmb244702,https://www.schnitzler-kultur.acdh.oeaw.ac.at/pmb244702.html
pmb244696,https://www.schnitzler-kultur.acdh.oeaw.ac.at/pmb244696.html
pmb244687,https://www.schnitzler-kultur.acdh.oeaw.ac.at/pmb244687.html
pmb244681,https://www.schnitzler-kultur.acdh.oeaw.ac.at/pmb244681.html
pmb244669,https://www.schnitzler-kultur.acdh.oeaw.ac.at/pmb244669.html
pmb244646,https://www.schnitzler-kultur.acdh.oeaw.ac.at/pmb244646.html
pmb244635,https://www.schnitzler-kultur.acdh.oeaw.ac.at/pmb244635.html
pmb244626,https://www.schnitzler-kultur.acdh.oeaw.ac.at/pmb244626.html
pmb244592,https://www.schnitzler-kultur.acdh.oeaw.ac.at/pmb244592.html
pmb244574,https://www.schnitzler-kultur.acdh.oeaw.ac.at/pmb244574.html
pmb244558,https://www.schnitzler-kultur.acdh.oeaw.ac.at/pmb244558.html
pmb244551,https://www.schnitzler-kultur.acdh.oeaw.ac.at/pmb244551.html
pmb244540,https://www.schnitzler-kultur.acdh.oeaw.ac.at/pmb244540.html
pmb244535,https://www.schnitzler-kultur.acdh.oeaw.ac.at/pmb244535.html
pmb244529,https://www.schnitzler-kultur.acdh.oeaw.ac.at/pmb244529.html
pmb244523,https://www.schnitzler-kultur.acdh.oeaw.ac.at/pmb244523.html
pmb244518,https://www.schnitzler-kultur.acdh.oeaw.ac.at/pmb244518.html
pmb244504,https://www.schnitzler-kultur.acdh.oeaw.ac.at/pmb244504.html
pmb244500,https://www.schnitzler-kultur.acdh.oeaw.ac.at/pmb244500.html
pmb244486,https://www.schnitzler-kultur.acdh.oeaw.ac.at/pmb244486.html
pmb244475,https://www.schnitzler-kultur.acdh.oeaw.ac.at/pmb244475.html
pmb244467,https://www.schnitzler-kultur.acdh.oeaw.ac.at/pmb244467.html
pmb244461,https://www.schnitzler-kultur.acdh.oeaw.ac.at/pmb244461.html
pmb244447,https://www.schnitzler-kultur.acdh.oeaw.ac.at/pmb244447.html
pmb244438,https://www.schnitzler-kultur.acdh.oeaw.ac.at/pmb244438.html
pmb244433,https://www.schnitzler-kultur.acdh.oeaw.ac.at/pmb244433.html
pmb244424,https://www.schnitzler-kultur.acdh.oeaw.ac.at/pmb244424.html
pmb244418,https://www.schnitzler-kultur.acdh.oeaw.ac.at/pmb244418.html
pmb244411,https://www.schnitzler-kultur.acdh.oeaw.ac.at/pmb244411.html
pmb244405,https://www.schnitzler-kultur.acdh.oeaw.ac.at/pmb244405.html
pmb244397,https://www.schnitzler-kultur.acdh.oeaw.ac.at/pmb244397.html
pmb244342,https://www.schnitzler-kultur.acdh.oeaw.ac.at/pmb244342.html
pmb244289,https://www.schnitzler-kultur.acdh.oeaw.ac.at/pmb244289.html
pmb239874,https://www.schnitzler-kultur.acdh.oeaw.ac.at/pmb239874.html
pmb239858,https://www.schnitzler-kultur.acdh.oeaw.ac.at/pmb239858.html
pmb239771,https://www.schnitzler-kultur.acdh.oeaw.ac.at/pmb239771.html
pmb239763,https://www.schnitzler-kultur.acdh.oeaw.ac.at/pmb239763.html
pmb239758,https://www.schnitzler-kultur.acdh.oeaw.ac.at/pmb239758.html
pmb239712,https://www.schnitzler-kultur.acdh.oeaw.ac.at/pmb239712.html
pmb239687,https://www.schnitzler-kultur.acdh.oeaw.ac.at/pmb239687.html
pmb239683,https://www.schnitzler-kultur.acdh.oeaw.ac.at/pmb239683.html
pmb239655,https://www.schnitzler-kultur.acdh.oeaw.ac.at/pmb239655.html
pmb239647,https://www.schnitzler-kultur.acdh.oeaw.ac.at/pmb239647.html
pmb239642,https://www.schnitzler-kultur.acdh.oeaw.ac.at/pmb239642.html
pmb239629,https://www.schnitzler-kultur.acdh.oeaw.ac.at/pmb239629.html
pmb239625,https://www.schnitzler-kultur.acdh.oeaw.ac.at/pmb239625.html
pmb239602,https://www.schnitzler-kultur.acdh.oeaw.ac.at/pmb239602.html
pmb239583,https://www.schnitzler-kultur.acdh.oeaw.ac.at/pmb239583.html
pmb239576,https://www.schnitzler-kultur.acdh.oeaw.ac.at/pmb239576.html
pmb239569,https://www.schnitzler-kultur.acdh.oeaw.ac.at/pmb239569.html
pmb239561,https://www.schnitzler-kultur.acdh.oeaw.ac.at/pmb239561.html
pmb239554,https://www.schnitzler-kultur.acdh.oeaw.ac.at/pmb239554.html
pmb239543,https://www.schnitzler-kultur.acdh.oeaw.ac.at/pmb239543.html
pmb239531,https://www.schnitzler-kultur.acdh.oeaw.ac.at/pmb239531.html
pmb239524,https://www.schnitzler-kultur.acdh.oeaw.ac.at/pmb239524.html
pmb239519,https://www.schnitzler-kultur.acdh.oeaw.ac.at/pmb239519.html
pmb239509,https://www.schnitzler-kultur.acdh.oeaw.ac.at/pmb239509.html
pmb239504,https://www.schnitzler-kultur.acdh.oeaw.ac.at/pmb239504.html
pmb239498,https://www.schnitzler-kultur.acdh.oeaw.ac.at/pmb239498.html
pmb239492,https://www.schnitzler-kultur.acdh.oeaw.ac.at/pmb239492.html
pmb239488,https://www.schnitzler-kultur.acdh.oeaw.ac.at/pmb239488.html
pmb239482,https://www.schnitzler-kultur.acdh.oeaw.ac.at/pmb239482.html
pmb239477,https://www.schnitzler-kultur.acdh.oeaw.ac.at/pmb239477.html
pmb239470,https://www.schnitzler-kultur.acdh.oeaw.ac.at/pmb239470.html
pmb239465,https://www.schnitzler-kultur.acdh.oeaw.ac.at/pmb239465.html
pmb239458,https://www.schnitzler-kultur.acdh.oeaw.ac.at/pmb239458.html
pmb239453,https://www.schnitzler-kultur.acdh.oeaw.ac.at/pmb239453.html
pmb239446,https://www.schnitzler-kultur.acdh.oeaw.ac.at/pmb239446.html
pmb239438,https://www.schnitzler-kultur.acdh.oeaw.ac.at/pmb239438.html
pmb239431,https://www.schnitzler-kultur.acdh.oeaw.ac.at/pmb239431.html
pmb239426,https://www.schnitzler-kultur.acdh.oeaw.ac.at/pmb239426.html
pmb239417,https://www.schnitzler-kultur.acdh.oeaw.ac.at/pmb239417.html
pmb239412,https://www.schnitzler-kultur.acdh.oeaw.ac.at/pmb239412.html
pmb239381,https://www.schnitzler-kultur.acdh.oeaw.ac.at/pmb239381.html
pmb239376,https://www.schnitzler-kultur.acdh.oeaw.ac.at/pmb239376.html
pmb239371,https://www.schnitzler-kultur.acdh.oeaw.ac.at/pmb239371.html
pmb239366,https://www.schnitzler-kultur.acdh.oeaw.ac.at/pmb239366.html
pmb239361,https://www.schnitzler-kultur.acdh.oeaw.ac.at/pmb239361.html
pmb239356,https://www.schnitzler-kultur.acdh.oeaw.ac.at/pmb239356.html
pmb239351,https://www.schnitzler-kultur.acdh.oeaw.ac.at/pmb239351.html
pmb239346,https://www.schnitzler-kultur.acdh.oeaw.ac.at/pmb239346.html
pmb239341,https://www.schnitzler-kultur.acdh.oeaw.ac.at/pmb239341.html
pmb239336,https://www.schnitzler-kultur.acdh.oeaw.ac.at/pmb239336.html
pmb239331,https://www.schnitzler-kultur.acdh.oeaw.ac.at/pmb239331.html
pmb239326,https://www.schnitzler-kultur.acdh.oeaw.ac.at/pmb239326.html
pmb239250,https://www.schnitzler-kultur.acdh.oeaw.ac.at/pmb239250.html
pmb239245,https://www.schnitzler-kultur.acdh.oeaw.ac.at/pmb239245.html
pmb239240,https://www.schnitzler-kultur.acdh.oeaw.ac.at/pmb239240.html
pmb239235,https://www.schnitzler-kultur.acdh.oeaw.ac.at/pmb239235.html
pmb239228,https://www.schnitzler-kultur.acdh.oeaw.ac.at/pmb239228.html
pmb239223,https://www.schnitzler-kultur.acdh.oeaw.ac.at/pmb239223.html
pmb239218,https://www.schnitzler-kultur.acdh.oeaw.ac.at/pmb239218.html
pmb239213,https://www.schnitzler-kultur.acdh.oeaw.ac.at/pmb239213.html
pmb239206,https://www.schnitzler-kultur.acdh.oeaw.ac.at/pmb239206.html
pmb239196,https://www.schnitzler-kultur.acdh.oeaw.ac.at/pmb239196.html
pmb239191,https://www.schnitzler-kultur.acdh.oeaw.ac.at/pmb239191.html
pmb239186,https://www.schnitzler-kultur.acdh.oeaw.ac.at/pmb239186.html
pmb239176,https://www.schnitzler-kultur.acdh.oeaw.ac.at/pmb239176.html
pmb239171,https://www.schnitzler-kultur.acdh.oeaw.ac.at/pmb239171.html
pmb239166,https://www.schnitzler-kultur.acdh.oeaw.ac.at/pmb239166.html
pmb239161,https://www.schnitzler-kultur.acdh.oeaw.ac.at/pmb239161.html
pmb239155,https://www.schnitzler-kultur.acdh.oeaw.ac.at/pmb239155.html
pmb239148,https://www.schnitzler-kultur.acdh.oeaw.ac.at/pmb239148.html
pmb239142,https://www.schnitzler-kultur.acdh.oeaw.ac.at/pmb239142.html
pmb239133,https://www.schnitzler-kultur.acdh.oeaw.ac.at/pmb239133.html
pmb239128,https://www.schnitzler-kultur.acdh.oeaw.ac.at/pmb239128.html
pmb239122,https://www.schnitzler-kultur.acdh.oeaw.ac.at/pmb239122.html
pmb239117,https://www.schnitzler-kultur.acdh.oeaw.ac.at/pmb239117.html
pmb239112,https://www.schnitzler-kultur.acdh.oeaw.ac.at/pmb239112.html
pmb239107,https://www.schnitzler-kultur.acdh.oeaw.ac.at/pmb239107.html
pmb239102,https://www.schnitzler-kultur.acdh.oeaw.ac.at/pmb239102.html
pmb239097,https://www.schnitzler-kultur.acdh.oeaw.ac.at/pmb239097.html
pmb239092,https://www.schnitzler-kultur.acdh.oeaw.ac.at/pmb239092.html
pmb239087,https://www.schnitzler-kultur.acdh.oeaw.ac.at/pmb239087.html
pmb239082,https://www.schnitzler-kultur.acdh.oeaw.ac.at/pmb239082.html
pmb239077,https://www.schnitzler-kultur.acdh.oeaw.ac.at/pmb239077.html
pmb239070,https://www.schnitzler-kultur.acdh.oeaw.ac.at/pmb239070.html
pmb239065,https://www.schnitzler-kultur.acdh.oeaw.ac.at/pmb239065.html
pmb239061,https://www.schnitzler-kultur.acdh.oeaw.ac.at/pmb239061.html
pmb239056,https://www.schnitzler-kultur.acdh.oeaw.ac.at/pmb239056.html
pmb239049,https://www.schnitzler-kultur.acdh.oeaw.ac.at/pmb239049.html
pmb239039,https://www.schnitzler-kultur.acdh.oeaw.ac.at/pmb239039.html
pmb239034,https://www.schnitzler-kultur.acdh.oeaw.ac.at/pmb239034.html
pmb239029,https://www.schnitzler-kultur.acdh.oeaw.ac.at/pmb239029.html
pmb239024,https://www.schnitzler-kultur.acdh.oeaw.ac.at/pmb239024.html
pmb239019,https://www.schnitzler-kultur.acdh.oeaw.ac.at/pmb239019.html
pmb239014,https://www.schnitzler-kultur.acdh.oeaw.ac.at/pmb239014.html
pmb239006,https://www.schnitzler-kultur.acdh.oeaw.ac.at/pmb239006.html
pmb238988,https://www.schnitzler-kultur.acdh.oeaw.ac.at/pmb238988.html
pmb238983,https://www.schnitzler-kultur.acdh.oeaw.ac.at/pmb238983.html
pmb238972,https://www.schnitzler-kultur.acdh.oeaw.ac.at/pmb238972.html
pmb238967,https://www.schnitzler-kultur.acdh.oeaw.ac.at/pmb238967.html
pmb238961,https://www.schnitzler-kultur.acdh.oeaw.ac.at/pmb238961.html
pmb238956,https://www.schnitzler-kultur.acdh.oeaw.ac.at/pmb238956.html
pmb238951,https://www.schnitzler-kultur.acdh.oeaw.ac.at/pmb238951.html
pmb238946,https://www.schnitzler-kultur.acdh.oeaw.ac.at/pmb238946.html
pmb238915,https://www.schnitzler-kultur.acdh.oeaw.ac.at/pmb238915.html
pmb238906,https://www.schnitzler-kultur.acdh.oeaw.ac.at/pmb238906.html
pmb238893,https://www.schnitzler-kultur.acdh.oeaw.ac.at/pmb238893.html
pmb238888,https://www.schnitzler-kultur.acdh.oeaw.ac.at/pmb238888.html
pmb238883,https://www.schnitzler-kultur.acdh.oeaw.ac.at/pmb238883.html
pmb238878,https://www.schnitzler-kultur.acdh.oeaw.ac.at/pmb238878.html
pmb238872,https://www.schnitzler-kultur.acdh.oeaw.ac.at/pmb238872.html
pmb238860,https://www.schnitzler-kultur.acdh.oeaw.ac.at/pmb238860.html
pmb238855,https://www.schnitzler-kultur.acdh.oeaw.ac.at/pmb238855.html
pmb238850,https://www.schnitzler-kultur.acdh.oeaw.ac.at/pmb238850.html
pmb238844,https://www.schnitzler-kultur.acdh.oeaw.ac.at/pmb238844.html
pmb238838,https://www.schnitzler-kultur.acdh.oeaw.ac.at/pmb238838.html
pmb238833,https://www.schnitzler-kultur.acdh.oeaw.ac.at/pmb238833.html
pmb238828,https://www.schnitzler-kultur.acdh.oeaw.ac.at/pmb238828.html
pmb238822,https://www.schnitzler-kultur.acdh.oeaw.ac.at/pmb238822.html
pmb238815,https://www.schnitzler-kultur.acdh.oeaw.ac.at/pmb238815.html
pmb238808,https://www.schnitzler-kultur.acdh.oeaw.ac.at/pmb238808.html
pmb238802,https://www.schnitzler-kultur.acdh.oeaw.ac.at/pmb238802.html
pmb238797,https://www.schnitzler-kultur.acdh.oeaw.ac.at/pmb238797.html
pmb238787,https://www.schnitzler-kultur.acdh.oeaw.ac.at/pmb238787.html
pmb238782,https://www.schnitzler-kultur.acdh.oeaw.ac.at/pmb238782.html
pmb238777,https://www.schnitzler-kultur.acdh.oeaw.ac.at/pmb238777.html
pmb238772,https://www.schnitzler-kultur.acdh.oeaw.ac.at/pmb238772.html
pmb238767,https://www.schnitzler-kultur.acdh.oeaw.ac.at/pmb238767.html
pmb238762,https://www.schnitzler-kultur.acdh.oeaw.ac.at/pmb238762.html
pmb238754,https://www.schnitzler-kultur.acdh.oeaw.ac.at/pmb238754.html
pmb238739,https://www.schnitzler-kultur.acdh.oeaw.ac.at/pmb238739.html
pmb238734,https://www.schnitzler-kultur.acdh.oeaw.ac.at/pmb238734.html
pmb238730,https://www.schnitzler-kultur.acdh.oeaw.ac.at/pmb238730.html
pmb238724,https://www.schnitzler-kultur.acdh.oeaw.ac.at/pmb238724.html
pmb238719,https://www.schnitzler-kultur.acdh.oeaw.ac.at/pmb238719.html
pmb238715,https://www.schnitzler-kultur.acdh.oeaw.ac.at/pmb238715.html
pmb238710,https://www.schnitzler-kultur.acdh.oeaw.ac.at/pmb238710.html
pmb238705,https://www.schnitzler-kultur.acdh.oeaw.ac.at/pmb238705.html
pmb238700,https://www.schnitzler-kultur.acdh.oeaw.ac.at/pmb238700.html
pmb238695,https://www.schnitzler-kultur.acdh.oeaw.ac.at/pmb238695.html
pmb238690,https://www.schnitzler-kultur.acdh.oeaw.ac.at/pmb238690.html
pmb238685,https://www.schnitzler-kultur.acdh.oeaw.ac.at/pmb238685.html
pmb238680,https://www.schnitzler-kultur.acdh.oeaw.ac.at/pmb238680.html
pmb238641,https://www.schnitzler-kultur.acdh.oeaw.ac.at/pmb238641.html
pmb238636,https://www.schnitzler-kultur.acdh.oeaw.ac.at/pmb238636.html
pmb238631,https://www.schnitzler-kultur.acdh.oeaw.ac.at/pmb238631.html
pmb238626,https://www.schnitzler-kultur.acdh.oeaw.ac.at/pmb238626.html
pmb238621,https://www.schnitzler-kultur.acdh.oeaw.ac.at/pmb238621.html
pmb238616,https://www.schnitzler-kultur.acdh.oeaw.ac.at/pmb238616.html
pmb238611,https://www.schnitzler-kultur.acdh.oeaw.ac.at/pmb238611.html
pmb238606,https://www.schnitzler-kultur.acdh.oeaw.ac.at/pmb238606.html
pmb238601,https://www.schnitzler-kultur.acdh.oeaw.ac.at/pmb238601.html
pmb238596,https://www.schnitzler-kultur.acdh.oeaw.ac.at/pmb238596.html
pmb238591,https://www.schnitzler-kultur.acdh.oeaw.ac.at/pmb238591.html
pmb238586,https://www.schnitzler-kultur.acdh.oeaw.ac.at/pmb238586.html
pmb238580,https://www.schnitzler-kultur.acdh.oeaw.ac.at/pmb238580.html
pmb238575,https://www.schnitzler-kultur.acdh.oeaw.ac.at/pmb238575.html
pmb238570,https://www.schnitzler-kultur.acdh.oeaw.ac.at/pmb238570.html
pmb238565,https://www.schnitzler-kultur.acdh.oeaw.ac.at/pmb238565.html
pmb238560,https://www.schnitzler-kultur.acdh.oeaw.ac.at/pmb238560.html
pmb238555,https://www.schnitzler-kultur.acdh.oeaw.ac.at/pmb238555.html
pmb238349,https://www.schnitzler-kultur.acdh.oeaw.ac.at/pmb238349.html
pmb238311,https://www.schnitzler-kultur.acdh.oeaw.ac.at/pmb238311.html
pmb238288,https://www.schnitzler-kultur.acdh.oeaw.ac.at/pmb238288.html
pmb238135,https://www.schnitzler-kultur.acdh.oeaw.ac.at/pmb238135.html
pmb238086,https://www.schnitzler-kultur.acdh.oeaw.ac.at/pmb238086.html
pmb238067,https://www.schnitzler-kultur.acdh.oeaw.ac.at/pmb238067.html
pmb238063,https://www.schnitzler-kultur.acdh.oeaw.ac.at/pmb238063.html
pmb238041,https://www.schnitzler-kultur.acdh.oeaw.ac.at/pmb238041.html
pmb238031,https://www.schnitzler-kultur.acdh.oeaw.ac.at/pmb238031.html
pmb238015,https://www.schnitzler-kultur.acdh.oeaw.ac.at/pmb238015.html
pmb238010,https://www.schnitzler-kultur.acdh.oeaw.ac.at/pmb238010.html
pmb238004,https://www.schnitzler-kultur.acdh.oeaw.ac.at/pmb238004.html
pmb237989,https://www.schnitzler-kultur.acdh.oeaw.ac.at/pmb237989.html
pmb237975,https://www.schnitzler-kultur.acdh.oeaw.ac.at/pmb237975.html
pmb237961,https://www.schnitzler-kultur.acdh.oeaw.ac.at/pmb237961.html
pmb237955,https://www.schnitzler-kultur.acdh.oeaw.ac.at/pmb237955.html
pmb237951,https://www.schnitzler-kultur.acdh.oeaw.ac.at/pmb237951.html
pmb237945,https://www.schnitzler-kultur.acdh.oeaw.ac.at/pmb237945.html
pmb237939,https://www.schnitzler-kultur.acdh.oeaw.ac.at/pmb237939.html
pmb237931,https://www.schnitzler-kultur.acdh.oeaw.ac.at/pmb237931.html
pmb237924,https://www.schnitzler-kultur.acdh.oeaw.ac.at/pmb237924.html
pmb237906,https://www.schnitzler-kultur.acdh.oeaw.ac.at/pmb237906.html
pmb237881,https://www.schnitzler-kultur.acdh.oeaw.ac.at/pmb237881.html
pmb237877,https://www.schnitzler-kultur.acdh.oeaw.ac.at/pmb237877.html
pmb237813,https://www.schnitzler-kultur.acdh.oeaw.ac.at/pmb237813.html
pmb237788,https://www.schnitzler-kultur.acdh.oeaw.ac.at/pmb237788.html
pmb237781,https://www.schnitzler-kultur.acdh.oeaw.ac.at/pmb237781.html
pmb237774,https://www.schnitzler-kultur.acdh.oeaw.ac.at/pmb237774.html
pmb237766,https://www.schnitzler-kultur.acdh.oeaw.ac.at/pmb237766.html
pmb237706,https://www.schnitzler-kultur.acdh.oeaw.ac.at/pmb237706.html
pmb237700,https://www.schnitzler-kultur.acdh.oeaw.ac.at/pmb237700.html
pmb237692,https://www.schnitzler-kultur.acdh.oeaw.ac.at/pmb237692.html
pmb237687,https://www.schnitzler-kultur.acdh.oeaw.ac.at/pmb237687.html
pmb237682,https://www.schnitzler-kultur.acdh.oeaw.ac.at/pmb237682.html
pmb237677,https://www.schnitzler-kultur.acdh.oeaw.ac.at/pmb237677.html
pmb237673,https://www.schnitzler-kultur.acdh.oeaw.ac.at/pmb237673.html
pmb237668,https://www.schnitzler-kultur.acdh.oeaw.ac.at/pmb237668.html
pmb237663,https://www.schnitzler-kultur.acdh.oeaw.ac.at/pmb237663.html
pmb237659,https://www.schnitzler-kultur.acdh.oeaw.ac.at/pmb237659.html
pmb237582,https://www.schnitzler-kultur.acdh.oeaw.ac.at/pmb237582.html
pmb237477,https://www.schnitzler-kultur.acdh.oeaw.ac.at/pmb237477.html
pmb237464,https://www.schnitzler-kultur.acdh.oeaw.ac.at/pmb237464.html
pmb237457,https://www.schnitzler-kultur.acdh.oeaw.ac.at/pmb237457.html
pmb237448,https://www.schnitzler-kultur.acdh.oeaw.ac.at/pmb237448.html
pmb237441,https://www.schnitzler-kultur.acdh.oeaw.ac.at/pmb237441.html
pmb237427,https://www.schnitzler-kultur.acdh.oeaw.ac.at/pmb237427.html
pmb237365,https://www.schnitzler-kultur.acdh.oeaw.ac.at/pmb237365.html
pmb237352,https://www.schnitzler-kultur.acdh.oeaw.ac.at/pmb237352.html
pmb237346,https://www.schnitzler-kultur.acdh.oeaw.ac.at/pmb237346.html
pmb237338,https://www.schnitzler-kultur.acdh.oeaw.ac.at/pmb237338.html
pmb237330,https://www.schnitzler-kultur.acdh.oeaw.ac.at/pmb237330.html
pmb237295,https://www.schnitzler-kultur.acdh.oeaw.ac.at/pmb237295.html
pmb237283,https://www.schnitzler-kultur.acdh.oeaw.ac.at/pmb237283.html
pmb237271,https://www.schnitzler-kultur.acdh.oeaw.ac.at/pmb237271.html
pmb237212,https://www.schnitzler-kultur.acdh.oeaw.ac.at/pmb237212.html
pmb237189,https://www.schnitzler-kultur.acdh.oeaw.ac.at/pmb237189.html
pmb237184,https://www.schnitzler-kultur.acdh.oeaw.ac.at/pmb237184.html
pmb237179,https://www.schnitzler-kultur.acdh.oeaw.ac.at/pmb237179.html
pmb237174,https://www.schnitzler-kultur.acdh.oeaw.ac.at/pmb237174.html
pmb237164,https://www.schnitzler-kultur.acdh.oeaw.ac.at/pmb237164.html
pmb237155,https://www.schnitzler-kultur.acdh.oeaw.ac.at/pmb237155.html
pmb237148,https://www.schnitzler-kultur.acdh.oeaw.ac.at/pmb237148.html
pmb237143,https://www.schnitzler-kultur.acdh.oeaw.ac.at/pmb237143.html
pmb237138,https://www.schnitzler-kultur.acdh.oeaw.ac.at/pmb237138.html
pmb237134,https://www.schnitzler-kultur.acdh.oeaw.ac.at/pmb237134.html
pmb237125,https://www.schnitzler-kultur.acdh.oeaw.ac.at/pmb237125.html
pmb237118,https://www.schnitzler-kultur.acdh.oeaw.ac.at/pmb237118.html
pmb237110,https://www.schnitzler-kultur.acdh.oeaw.ac.at/pmb237110.html
pmb237086,https://www.schnitzler-kultur.acdh.oeaw.ac.at/pmb237086.html
pmb237079,https://www.schnitzler-kultur.acdh.oeaw.ac.at/pmb237079.html
pmb237065,https://www.schnitzler-kultur.acdh.oeaw.ac.at/pmb237065.html
pmb237061,https://www.schnitzler-kultur.acdh.oeaw.ac.at/pmb237061.html
pmb237049,https://www.schnitzler-kultur.acdh.oeaw.ac.at/pmb237049.html
pmb237024,https://www.schnitzler-kultur.acdh.oeaw.ac.at/pmb237024.html
pmb236913,https://www.schnitzler-kultur.acdh.oeaw.ac.at/pmb236913.html
pmb236902,https://www.schnitzler-kultur.acdh.oeaw.ac.at/pmb236902.html
pmb236893,https://www.schnitzler-kultur.acdh.oeaw.ac.at/pmb236893.html
pmb236887,https://www.schnitzler-kultur.acdh.oeaw.ac.at/pmb236887.html
pmb236773,https://www.schnitzler-kultur.acdh.oeaw.ac.at/pmb236773.html
pmb236753,https://www.schnitzler-kultur.acdh.oeaw.ac.at/pmb236753.html
pmb236720,https://www.schnitzler-kultur.acdh.oeaw.ac.at/pmb236720.html
pmb236711,https://www.schnitzler-kultur.acdh.oeaw.ac.at/pmb236711.html
pmb236706,https://www.schnitzler-kultur.acdh.oeaw.ac.at/pmb236706.html
pmb236700,https://www.schnitzler-kultur.acdh.oeaw.ac.at/pmb236700.html
pmb236691,https://www.schnitzler-kultur.acdh.oeaw.ac.at/pmb236691.html
pmb236640,https://www.schnitzler-kultur.acdh.oeaw.ac.at/pmb236640.html
pmb236620,https://www.schnitzler-kultur.acdh.oeaw.ac.at/pmb236620.html
pmb236542,https://www.schnitzler-kultur.acdh.oeaw.ac.at/pmb236542.html
pmb236523,https://www.schnitzler-kultur.acdh.oeaw.ac.at/pmb236523.html
pmb236513,https://www.schnitzler-kultur.acdh.oeaw.ac.at/pmb236513.html
pmb236508,https://www.schnitzler-kultur.acdh.oeaw.ac.at/pmb236508.html
pmb236498,https://www.schnitzler-kultur.acdh.oeaw.ac.at/pmb236498.html
pmb236492,https://www.schnitzler-kultur.acdh.oeaw.ac.at/pmb236492.html
pmb236486,https://www.schnitzler-kultur.acdh.oeaw.ac.at/pmb236486.html
pmb236480,https://www.schnitzler-kultur.acdh.oeaw.ac.at/pmb236480.html
pmb236470,https://www.schnitzler-kultur.acdh.oeaw.ac.at/pmb236470.html
pmb236427,https://www.schnitzler-kultur.acdh.oeaw.ac.at/pmb236427.html
pmb236417,https://www.schnitzler-kultur.acdh.oeaw.ac.at/pmb236417.html
pmb236378,https://www.schnitzler-kultur.acdh.oeaw.ac.at/pmb236378.html
pmb236195,https://www.schnitzler-kultur.acdh.oeaw.ac.at/pmb236195.html
pmb236181,https://www.schnitzler-kultur.acdh.oeaw.ac.at/pmb236181.html
pmb236154,https://www.schnitzler-kultur.acdh.oeaw.ac.at/pmb236154.html
pmb236149,https://www.schnitzler-kultur.acdh.oeaw.ac.at/pmb236149.html
pmb236141,https://www.schnitzler-kultur.acdh.oeaw.ac.at/pmb236141.html
pmb236117,https://www.schnitzler-kultur.acdh.oeaw.ac.at/pmb236117.html
pmb236094,https://www.schnitzler-kultur.acdh.oeaw.ac.at/pmb236094.html
pmb236033,https://www.schnitzler-kultur.acdh.oeaw.ac.at/pmb236033.html
pmb236026,https://www.schnitzler-kultur.acdh.oeaw.ac.at/pmb236026.html
pmb236019,https://www.schnitzler-kultur.acdh.oeaw.ac.at/pmb236019.html
pmb236007,https://www.schnitzler-kultur.acdh.oeaw.ac.at/pmb236007.html
pmb235994,https://www.schnitzler-kultur.acdh.oeaw.ac.at/pmb235994.html
pmb235986,https://www.schnitzler-kultur.acdh.oeaw.ac.at/pmb235986.html
pmb235974,https://www.schnitzler-kultur.acdh.oeaw.ac.at/pmb235974.html
pmb235960,https://www.schnitzler-kultur.acdh.oeaw.ac.at/pmb235960.html
pmb235955,https://www.schnitzler-kultur.acdh.oeaw.ac.at/pmb235955.html
pmb235932,https://www.schnitzler-kultur.acdh.oeaw.ac.at/pmb235932.html
pmb235917,https://www.schnitzler-kultur.acdh.oeaw.ac.at/pmb235917.html
pmb235903,https://www.schnitzler-kultur.acdh.oeaw.ac.at/pmb235903.html
pmb235892,https://www.schnitzler-kultur.acdh.oeaw.ac.at/pmb235892.html
pmb235880,https://www.schnitzler-kultur.acdh.oeaw.ac.at/pmb235880.html
pmb235822,https://www.schnitzler-kultur.acdh.oeaw.ac.at/pmb235822.html
pmb235819,https://www.schnitzler-kultur.acdh.oeaw.ac.at/pmb235819.html
pmb235800,https://www.schnitzler-kultur.acdh.oeaw.ac.at/pmb235800.html
pmb235796,https://www.schnitzler-kultur.acdh.oeaw.ac.at/pmb235796.html
pmb235773,https://www.schnitzler-kultur.acdh.oeaw.ac.at/pmb235773.html
pmb235760,https://www.schnitzler-kultur.acdh.oeaw.ac.at/pmb235760.html
pmb235604,https://www.schnitzler-kultur.acdh.oeaw.ac.at/pmb235604.html
pmb235540,https://www.schnitzler-kultur.acdh.oeaw.ac.at/pmb235540.html
pmb235507,https://www.schnitzler-kultur.acdh.oeaw.ac.at/pmb235507.html
pmb235354,https://www.schnitzler-kultur.acdh.oeaw.ac.at/pmb235354.html
pmb235328,https://www.schnitzler-kultur.acdh.oeaw.ac.at/pmb235328.html
pmb235318,https://www.schnitzler-kultur.acdh.oeaw.ac.at/pmb235318.html
pmb235312,https://www.schnitzler-kultur.acdh.oeaw.ac.at/pmb235312.html
pmb235306,https://www.schnitzler-kultur.acdh.oeaw.ac.at/pmb235306.html
pmb235276,https://www.schnitzler-kultur.acdh.oeaw.ac.at/pmb235276.html
pmb235270,https://www.schnitzler-kultur.acdh.oeaw.ac.at/pmb235270.html
pmb235246,https://www.schnitzler-kultur.acdh.oeaw.ac.at/pmb235246.html
pmb235236,https://www.schnitzler-kultur.acdh.oeaw.ac.at/pmb235236.html
pmb235224,https://www.schnitzler-kultur.acdh.oeaw.ac.at/pmb235224.html
pmb235212,https://www.schnitzler-kultur.acdh.oeaw.ac.at/pmb235212.html
pmb235193,https://www.schnitzler-kultur.acdh.oeaw.ac.at/pmb235193.html
pmb235176,https://www.schnitzler-kultur.acdh.oeaw.ac.at/pmb235176.html
pmb235162,https://www.schnitzler-kultur.acdh.oeaw.ac.at/pmb235162.html
pmb235107,https://www.schnitzler-kultur.acdh.oeaw.ac.at/pmb235107.html
pmb235002,https://www.schnitzler-kultur.acdh.oeaw.ac.at/pmb235002.html
pmb234874,https://www.schnitzler-kultur.acdh.oeaw.ac.at/pmb234874.html
pmb234873,https://www.schnitzler-kultur.acdh.oeaw.ac.at/pmb234873.html
pmb234859,https://www.schnitzler-kultur.acdh.oeaw.ac.at/pmb234859.html
pmb234853,https://www.schnitzler-kultur.acdh.oeaw.ac.at/pmb234853.html
pmb234843,https://www.schnitzler-kultur.acdh.oeaw.ac.at/pmb234843.html
pmb234808,https://www.schnitzler-kultur.acdh.oeaw.ac.at/pmb234808.html
pmb234785,https://www.schnitzler-kultur.acdh.oeaw.ac.at/pmb234785.html
pmb234719,https://www.schnitzler-kultur.acdh.oeaw.ac.at/pmb234719.html
pmb234710,https://www.schnitzler-kultur.acdh.oeaw.ac.at/pmb234710.html
pmb234643,https://www.schnitzler-kultur.acdh.oeaw.ac.at/pmb234643.html
pmb234635,https://www.schnitzler-kultur.acdh.oeaw.ac.at/pmb234635.html
pmb234626,https://www.schnitzler-kultur.acdh.oeaw.ac.at/pmb234626.html
pmb234621,https://www.schnitzler-kultur.acdh.oeaw.ac.at/pmb234621.html
pmb234608,https://www.schnitzler-kultur.acdh.oeaw.ac.at/pmb234608.html
pmb234602,https://www.schnitzler-kultur.acdh.oeaw.ac.at/pmb234602.html
pmb234594,https://www.schnitzler-kultur.acdh.oeaw.ac.at/pmb234594.html
pmb234504,https://www.schnitzler-kultur.acdh.oeaw.ac.at/pmb234504.html
pmb234352,https://www.schnitzler-kultur.acdh.oeaw.ac.at/pmb234352.html
pmb233974,https://www.schnitzler-kultur.acdh.oeaw.ac.at/pmb233974.html
pmb233791,https://www.schnitzler-kultur.acdh.oeaw.ac.at/pmb233791.html
pmb233782,https://www.schnitzler-kultur.acdh.oeaw.ac.at/pmb233782.html
pmb233772,https://www.schnitzler-kultur.acdh.oeaw.ac.at/pmb233772.html
pmb233752,https://www.schnitzler-kultur.acdh.oeaw.ac.at/pmb233752.html
pmb233742,https://www.schnitzler-kultur.acdh.oeaw.ac.at/pmb233742.html
pmb233731,https://www.schnitzler-kultur.acdh.oeaw.ac.at/pmb233731.html
pmb233722,https://www.schnitzler-kultur.acdh.oeaw.ac.at/pmb233722.html
pmb233717,https://www.schnitzler-kultur.acdh.oeaw.ac.at/pmb233717.html
pmb233709,https://www.schnitzler-kultur.acdh.oeaw.ac.at/pmb233709.html
pmb233655,https://www.schnitzler-kultur.acdh.oeaw.ac.at/pmb233655.html
pmb233630,https://www.schnitzler-kultur.acdh.oeaw.ac.at/pmb233630.html
pmb233619,https://www.schnitzler-kultur.acdh.oeaw.ac.at/pmb233619.html
pmb233602,https://www.schnitzler-kultur.acdh.oeaw.ac.at/pmb233602.html
pmb233582,https://www.schnitzler-kultur.acdh.oeaw.ac.at/pmb233582.html
pmb233563,https://www.schnitzler-kultur.acdh.oeaw.ac.at/pmb233563.html
pmb233524,https://www.schnitzler-kultur.acdh.oeaw.ac.at/pmb233524.html
pmb233502,https://www.schnitzler-kultur.acdh.oeaw.ac.at/pmb233502.html
pmb233458,https://www.schnitzler-kultur.acdh.oeaw.ac.at/pmb233458.html
pmb233420,https://www.schnitzler-kultur.acdh.oeaw.ac.at/pmb233420.html
pmb233414,https://www.schnitzler-kultur.acdh.oeaw.ac.at/pmb233414.html
pmb233384,https://www.schnitzler-kultur.acdh.oeaw.ac.at/pmb233384.html
pmb233374,https://www.schnitzler-kultur.acdh.oeaw.ac.at/pmb233374.html
pmb233367,https://www.schnitzler-kultur.acdh.oeaw.ac.at/pmb233367.html
pmb233362,https://www.schnitzler-kultur.acdh.oeaw.ac.at/pmb233362.html
pmb233328,https://www.schnitzler-kultur.acdh.oeaw.ac.at/pmb233328.html
pmb233312,https://www.schnitzler-kultur.acdh.oeaw.ac.at/pmb233312.html
pmb233293,https://www.schnitzler-kultur.acdh.oeaw.ac.at/pmb233293.html
pmb233242,https://www.schnitzler-kultur.acdh.oeaw.ac.at/pmb233242.html
pmb233059,https://www.schnitzler-kultur.acdh.oeaw.ac.at/pmb233059.html
pmb233038,https://www.schnitzler-kultur.acdh.oeaw.ac.at/pmb233038.html
pmb233025,https://www.schnitzler-kultur.acdh.oeaw.ac.at/pmb233025.html
pmb233012,https://www.schnitzler-kultur.acdh.oeaw.ac.at/pmb233012.html
pmb233000,https://www.schnitzler-kultur.acdh.oeaw.ac.at/pmb233000.html
pmb232981,https://www.schnitzler-kultur.acdh.oeaw.ac.at/pmb232981.html
pmb232947,https://www.schnitzler-kultur.acdh.oeaw.ac.at/pmb232947.html
pmb232776,https://www.schnitzler-kultur.acdh.oeaw.ac.at/pmb232776.html
pmb232750,https://www.schnitzler-kultur.acdh.oeaw.ac.at/pmb232750.html
pmb232745,https://www.schnitzler-kultur.acdh.oeaw.ac.at/pmb232745.html
pmb232739,https://www.schnitzler-kultur.acdh.oeaw.ac.at/pmb232739.html
pmb232684,https://www.schnitzler-kultur.acdh.oeaw.ac.at/pmb232684.html
pmb232670,https://www.schnitzler-kultur.acdh.oeaw.ac.at/pmb232670.html
pmb232617,https://www.schnitzler-kultur.acdh.oeaw.ac.at/pmb232617.html
pmb232551,https://www.schnitzler-kultur.acdh.oeaw.ac.at/pmb232551.html
pmb232544,https://www.schnitzler-kultur.acdh.oeaw.ac.at/pmb232544.html
pmb232539,https://www.schnitzler-kultur.acdh.oeaw.ac.at/pmb232539.html
pmb232536,https://www.schnitzler-kultur.acdh.oeaw.ac.at/pmb232536.html
pmb232529,https://www.schnitzler-kultur.acdh.oeaw.ac.at/pmb232529.html
pmb232524,https://www.schnitzler-kultur.acdh.oeaw.ac.at/pmb232524.html
pmb232509,https://www.schnitzler-kultur.acdh.oeaw.ac.at/pmb232509.html
pmb232494,https://www.schnitzler-kultur.acdh.oeaw.ac.at/pmb232494.html
pmb232481,https://www.schnitzler-kultur.acdh.oeaw.ac.at/pmb232481.html
pmb232474,https://www.schnitzler-kultur.acdh.oeaw.ac.at/pmb232474.html
pmb232468,https://www.schnitzler-kultur.acdh.oeaw.ac.at/pmb232468.html
pmb232459,https://www.schnitzler-kultur.acdh.oeaw.ac.at/pmb232459.html
pmb232453,https://www.schnitzler-kultur.acdh.oeaw.ac.at/pmb232453.html
pmb232447,https://www.schnitzler-kultur.acdh.oeaw.ac.at/pmb232447.html
pmb232443,https://www.schnitzler-kultur.acdh.oeaw.ac.at/pmb232443.html
pmb232437,https://www.schnitzler-kultur.acdh.oeaw.ac.at/pmb232437.html
pmb232430,https://www.schnitzler-kultur.acdh.oeaw.ac.at/pmb232430.html
pmb232425,https://www.schnitzler-kultur.acdh.oeaw.ac.at/pmb232425.html
pmb232416,https://www.schnitzler-kultur.acdh.oeaw.ac.at/pmb232416.html
pmb232410,https://www.schnitzler-kultur.acdh.oeaw.ac.at/pmb232410.html
pmb232404,https://www.schnitzler-kultur.acdh.oeaw.ac.at/pmb232404.html
pmb232338,https://www.schnitzler-kultur.acdh.oeaw.ac.at/pmb232338.html
pmb232292,https://www.schnitzler-kultur.acdh.oeaw.ac.at/pmb232292.html
pmb232278,https://www.schnitzler-kultur.acdh.oeaw.ac.at/pmb232278.html
pmb232269,https://www.schnitzler-kultur.acdh.oeaw.ac.at/pmb232269.html
pmb232237,https://www.schnitzler-kultur.acdh.oeaw.ac.at/pmb232237.html
pmb232136,https://www.schnitzler-kultur.acdh.oeaw.ac.at/pmb232136.html
pmb232015,https://www.schnitzler-kultur.acdh.oeaw.ac.at/pmb232015.html
pmb231962,https://www.schnitzler-kultur.acdh.oeaw.ac.at/pmb231962.html
pmb231953,https://www.schnitzler-kultur.acdh.oeaw.ac.at/pmb231953.html
pmb231802,https://www.schnitzler-kultur.acdh.oeaw.ac.at/pmb231802.html
pmb231794,https://www.schnitzler-kultur.acdh.oeaw.ac.at/pmb231794.html
pmb231784,https://www.schnitzler-kultur.acdh.oeaw.ac.at/pmb231784.html
pmb231772,https://www.schnitzler-kultur.acdh.oeaw.ac.at/pmb231772.html
pmb231748,https://www.schnitzler-kultur.acdh.oeaw.ac.at/pmb231748.html
pmb231725,https://www.schnitzler-kultur.acdh.oeaw.ac.at/pmb231725.html
pmb231718,https://www.schnitzler-kultur.acdh.oeaw.ac.at/pmb231718.html
pmb231709,https://www.schnitzler-kultur.acdh.oeaw.ac.at/pmb231709.html
pmb231680,https://www.schnitzler-kultur.acdh.oeaw.ac.at/pmb231680.html
pmb231662,https://www.schnitzler-kultur.acdh.oeaw.ac.at/pmb231662.html
pmb231650,https://www.schnitzler-kultur.acdh.oeaw.ac.at/pmb231650.html
pmb231641,https://www.schnitzler-kultur.acdh.oeaw.ac.at/pmb231641.html
pmb231602,https://www.schnitzler-kultur.acdh.oeaw.ac.at/pmb231602.html
pmb231556,https://www.schnitzler-kultur.acdh.oeaw.ac.at/pmb231556.html
pmb231541,https://www.schnitzler-kultur.acdh.oeaw.ac.at/pmb231541.html
pmb231367,https://www.schnitzler-kultur.acdh.oeaw.ac.at/pmb231367.html
pmb231349,https://www.schnitzler-kultur.acdh.oeaw.ac.at/pmb231349.html
pmb231344,https://www.schnitzler-kultur.acdh.oeaw.ac.at/pmb231344.html
pmb231339,https://www.schnitzler-kultur.acdh.oeaw.ac.at/pmb231339.html
pmb231334,https://www.schnitzler-kultur.acdh.oeaw.ac.at/pmb231334.html
pmb231329,https://www.schnitzler-kultur.acdh.oeaw.ac.at/pmb231329.html
pmb231323,https://www.schnitzler-kultur.acdh.oeaw.ac.at/pmb231323.html
pmb231319,https://www.schnitzler-kultur.acdh.oeaw.ac.at/pmb231319.html
pmb231305,https://www.schnitzler-kultur.acdh.oeaw.ac.at/pmb231305.html
pmb231295,https://www.schnitzler-kultur.acdh.oeaw.ac.at/pmb231295.html
pmb231276,https://www.schnitzler-kultur.acdh.oeaw.ac.at/pmb231276.html
pmb231260,https://www.schnitzler-kultur.acdh.oeaw.ac.at/pmb231260.html
pmb231244,https://www.schnitzler-kultur.acdh.oeaw.ac.at/pmb231244.html
pmb231238,https://www.schnitzler-kultur.acdh.oeaw.ac.at/pmb231238.html
pmb231231,https://www.schnitzler-kultur.acdh.oeaw.ac.at/pmb231231.html
pmb231226,https://www.schnitzler-kultur.acdh.oeaw.ac.at/pmb231226.html
pmb231216,https://www.schnitzler-kultur.acdh.oeaw.ac.at/pmb231216.html
pmb231209,https://www.schnitzler-kultur.acdh.oeaw.ac.at/pmb231209.html
pmb231202,https://www.schnitzler-kultur.acdh.oeaw.ac.at/pmb231202.html
pmb231195,https://www.schnitzler-kultur.acdh.oeaw.ac.at/pmb231195.html
pmb231167,https://www.schnitzler-kultur.acdh.oeaw.ac.at/pmb231167.html
pmb231157,https://www.schnitzler-kultur.acdh.oeaw.ac.at/pmb231157.html
pmb214113,https://www.schnitzler-kultur.acdh.oeaw.ac.at/pmb214113.html
pmb211278,https://www.schnitzler-kultur.acdh.oeaw.ac.at/pmb211278.html
pmb211276,https://www.schnitzler-kultur.acdh.oeaw.ac.at/pmb211276.html
pmb211275,https://www.schnitzler-kultur.acdh.oeaw.ac.at/pmb211275.html
pmb211274,https://www.schnitzler-kultur.acdh.oeaw.ac.at/pmb211274.html
pmb211273,https://www.schnitzler-kultur.acdh.oeaw.ac.at/pmb211273.html
pmb211272,https://www.schnitzler-kultur.acdh.oeaw.ac.at/pmb211272.html
pmb211271,https://www.schnitzler-kultur.acdh.oeaw.ac.at/pmb211271.html
pmb211270,https://www.schnitzler-kultur.acdh.oeaw.ac.at/pmb211270.html
pmb211269,https://www.schnitzler-kultur.acdh.oeaw.ac.at/pmb211269.html
pmb211268,https://www.schnitzler-kultur.acdh.oeaw.ac.at/pmb211268.html
pmb211267,https://www.schnitzler-kultur.acdh.oeaw.ac.at/pmb211267.html
pmb211266,https://www.schnitzler-kultur.acdh.oeaw.ac.at/pmb211266.html
pmb211265,https://www.schnitzler-kultur.acdh.oeaw.ac.at/pmb211265.html
pmb211264,https://www.schnitzler-kultur.acdh.oeaw.ac.at/pmb211264.html
pmb211263,https://www.schnitzler-kultur.acdh.oeaw.ac.at/pmb211263.html
pmb211262,https://www.schnitzler-kultur.acdh.oeaw.ac.at/pmb211262.html
pmb211261,https://www.schnitzler-kultur.acdh.oeaw.ac.at/pmb211261.html
pmb211260,https://www.schnitzler-kultur.acdh.oeaw.ac.at/pmb211260.html
pmb211259,https://www.schnitzler-kultur.acdh.oeaw.ac.at/pmb211259.html
pmb211258,https://www.schnitzler-kultur.acdh.oeaw.ac.at/pmb211258.html
pmb211257,https://www.schnitzler-kultur.acdh.oeaw.ac.at/pmb211257.html
pmb211256,https://www.schnitzler-kultur.acdh.oeaw.ac.at/pmb211256.html
pmb211255,https://www.schnitzler-kultur.acdh.oeaw.ac.at/pmb211255.html
pmb211254,https://www.schnitzler-kultur.acdh.oeaw.ac.at/pmb211254.html
pmb211253,https://www.schnitzler-kultur.acdh.oeaw.ac.at/pmb211253.html
pmb211252,https://www.schnitzler-kultur.acdh.oeaw.ac.at/pmb211252.html
pmb211251,https://www.schnitzler-kultur.acdh.oeaw.ac.at/pmb211251.html
pmb211250,https://www.schnitzler-kultur.acdh.oeaw.ac.at/pmb211250.html
pmb211249,https://www.schnitzler-kultur.acdh.oeaw.ac.at/pmb211249.html
pmb211248,https://www.schnitzler-kultur.acdh.oeaw.ac.at/pmb211248.html
pmb211247,https://www.schnitzler-kultur.acdh.oeaw.ac.at/pmb211247.html
pmb211246,https://www.schnitzler-kultur.acdh.oeaw.ac.at/pmb211246.html
pmb211245,https://www.schnitzler-kultur.acdh.oeaw.ac.at/pmb211245.html
pmb211244,https://www.schnitzler-kultur.acdh.oeaw.ac.at/pmb211244.html
pmb211243,https://www.schnitzler-kultur.acdh.oeaw.ac.at/pmb211243.html
pmb211242,https://www.schnitzler-kultur.acdh.oeaw.ac.at/pmb211242.html
pmb211241,https://www.schnitzler-kultur.acdh.oeaw.ac.at/pmb211241.html
pmb211240,https://www.schnitzler-kultur.acdh.oeaw.ac.at/pmb211240.html
pmb211239,https://www.schnitzler-kultur.acdh.oeaw.ac.at/pmb211239.html
pmb211238,https://www.schnitzler-kultur.acdh.oeaw.ac.at/pmb211238.html
pmb211237,https://www.schnitzler-kultur.acdh.oeaw.ac.at/pmb211237.html
pmb211236,https://www.schnitzler-kultur.acdh.oeaw.ac.at/pmb211236.html
pmb211235,https://www.schnitzler-kultur.acdh.oeaw.ac.at/pmb211235.html
pmb211234,https://www.schnitzler-kultur.acdh.oeaw.ac.at/pmb211234.html
pmb211233,https://www.schnitzler-kultur.acdh.oeaw.ac.at/pmb211233.html
pmb211232,https://www.schnitzler-kultur.acdh.oeaw.ac.at/pmb211232.html
pmb211231,https://www.schnitzler-kultur.acdh.oeaw.ac.at/pmb211231.html
pmb211230,https://www.schnitzler-kultur.acdh.oeaw.ac.at/pmb211230.html
pmb211229,https://www.schnitzler-kultur.acdh.oeaw.ac.at/pmb211229.html
pmb211228,https://www.schnitzler-kultur.acdh.oeaw.ac.at/pmb211228.html
pmb211227,https://www.schnitzler-kultur.acdh.oeaw.ac.at/pmb211227.html
pmb211226,https://www.schnitzler-kultur.acdh.oeaw.ac.at/pmb211226.html
pmb211225,https://www.schnitzler-kultur.acdh.oeaw.ac.at/pmb211225.html
pmb211224,https://www.schnitzler-kultur.acdh.oeaw.ac.at/pmb211224.html
pmb211223,https://www.schnitzler-kultur.acdh.oeaw.ac.at/pmb211223.html
pmb211222,https://www.schnitzler-kultur.acdh.oeaw.ac.at/pmb211222.html
pmb211221,https://www.schnitzler-kultur.acdh.oeaw.ac.at/pmb211221.html
pmb211220,https://www.schnitzler-kultur.acdh.oeaw.ac.at/pmb211220.html
pmb211219,https://www.schnitzler-kultur.acdh.oeaw.ac.at/pmb211219.html
pmb211218,https://www.schnitzler-kultur.acdh.oeaw.ac.at/pmb211218.html
pmb211217,https://www.schnitzler-kultur.acdh.oeaw.ac.at/pmb211217.html
pmb211216,https://www.schnitzler-kultur.acdh.oeaw.ac.at/pmb211216.html
pmb211215,https://www.schnitzler-kultur.acdh.oeaw.ac.at/pmb211215.html
pmb211214,https://www.schnitzler-kultur.acdh.oeaw.ac.at/pmb211214.html
pmb211213,https://www.schnitzler-kultur.acdh.oeaw.ac.at/pmb211213.html
pmb211212,https://www.schnitzler-kultur.acdh.oeaw.ac.at/pmb211212.html
pmb211211,https://www.schnitzler-kultur.acdh.oeaw.ac.at/pmb211211.html
pmb211210,https://www.schnitzler-kultur.acdh.oeaw.ac.at/pmb211210.html
pmb211209,https://www.schnitzler-kultur.acdh.oeaw.ac.at/pmb211209.html
pmb211208,https://www.schnitzler-kultur.acdh.oeaw.ac.at/pmb211208.html
pmb211207,https://www.schnitzler-kultur.acdh.oeaw.ac.at/pmb211207.html
pmb211206,https://www.schnitzler-kultur.acdh.oeaw.ac.at/pmb211206.html
pmb211205,https://www.schnitzler-kultur.acdh.oeaw.ac.at/pmb211205.html
pmb211204,https://www.schnitzler-kultur.acdh.oeaw.ac.at/pmb211204.html
pmb211203,https://www.schnitzler-kultur.acdh.oeaw.ac.at/pmb211203.html
pmb211202,https://www.schnitzler-kultur.acdh.oeaw.ac.at/pmb211202.html
pmb211201,https://www.schnitzler-kultur.acdh.oeaw.ac.at/pmb211201.html
pmb211200,https://www.schnitzler-kultur.acdh.oeaw.ac.at/pmb211200.html
pmb211199,https://www.schnitzler-kultur.acdh.oeaw.ac.at/pmb211199.html
pmb211198,https://www.schnitzler-kultur.acdh.oeaw.ac.at/pmb211198.html
pmb211197,https://www.schnitzler-kultur.acdh.oeaw.ac.at/pmb211197.html
pmb211196,https://www.schnitzler-kultur.acdh.oeaw.ac.at/pmb211196.html
pmb211195,https://www.schnitzler-kultur.acdh.oeaw.ac.at/pmb211195.html
pmb211194,https://www.schnitzler-kultur.acdh.oeaw.ac.at/pmb211194.html
pmb211193,https://www.schnitzler-kultur.acdh.oeaw.ac.at/pmb211193.html
pmb211192,https://www.schnitzler-kultur.acdh.oeaw.ac.at/pmb211192.html
pmb211191,https://www.schnitzler-kultur.acdh.oeaw.ac.at/pmb211191.html
pmb211190,https://www.schnitzler-kultur.acdh.oeaw.ac.at/pmb211190.html
pmb211189,https://www.schnitzler-kultur.acdh.oeaw.ac.at/pmb211189.html
pmb211188,https://www.schnitzler-kultur.acdh.oeaw.ac.at/pmb211188.html
pmb211187,https://www.schnitzler-kultur.acdh.oeaw.ac.at/pmb211187.html
pmb211186,https://www.schnitzler-kultur.acdh.oeaw.ac.at/pmb211186.html
pmb211185,https://www.schnitzler-kultur.acdh.oeaw.ac.at/pmb211185.html
pmb211184,https://www.schnitzler-kultur.acdh.oeaw.ac.at/pmb211184.html
pmb211183,https://www.schnitzler-kultur.acdh.oeaw.ac.at/pmb211183.html
pmb211182,https://www.schnitzler-kultur.acdh.oeaw.ac.at/pmb211182.html
pmb211181,https://www.schnitzler-kultur.acdh.oeaw.ac.at/pmb211181.html
pmb211180,https://www.schnitzler-kultur.acdh.oeaw.ac.at/pmb211180.html
pmb211179,https://www.schnitzler-kultur.acdh.oeaw.ac.at/pmb211179.html
pmb211178,https://www.schnitzler-kultur.acdh.oeaw.ac.at/pmb211178.html
pmb211177,https://www.schnitzler-kultur.acdh.oeaw.ac.at/pmb211177.html
pmb211176,https://www.schnitzler-kultur.acdh.oeaw.ac.at/pmb211176.html
pmb211175,https://www.schnitzler-kultur.acdh.oeaw.ac.at/pmb211175.html
pmb211174,https://www.schnitzler-kultur.acdh.oeaw.ac.at/pmb211174.html
pmb211173,https://www.schnitzler-kultur.acdh.oeaw.ac.at/pmb211173.html
pmb211172,https://www.schnitzler-kultur.acdh.oeaw.ac.at/pmb211172.html
pmb211171,https://www.schnitzler-kultur.acdh.oeaw.ac.at/pmb211171.html
pmb211170,https://www.schnitzler-kultur.acdh.oeaw.ac.at/pmb211170.html
pmb211169,https://www.schnitzler-kultur.acdh.oeaw.ac.at/pmb211169.html
pmb211168,https://www.schnitzler-kultur.acdh.oeaw.ac.at/pmb211168.html
pmb211167,https://www.schnitzler-kultur.acdh.oeaw.ac.at/pmb211167.html
pmb211166,https://www.schnitzler-kultur.acdh.oeaw.ac.at/pmb211166.html
pmb211165,https://www.schnitzler-kultur.acdh.oeaw.ac.at/pmb211165.html
pmb211164,https://www.schnitzler-kultur.acdh.oeaw.ac.at/pmb211164.html
pmb211163,https://www.schnitzler-kultur.acdh.oeaw.ac.at/pmb211163.html
pmb211162,https://www.schnitzler-kultur.acdh.oeaw.ac.at/pmb211162.html
pmb211161,https://www.schnitzler-kultur.acdh.oeaw.ac.at/pmb211161.html
pmb211160,https://www.schnitzler-kultur.acdh.oeaw.ac.at/pmb211160.html
pmb211159,https://www.schnitzler-kultur.acdh.oeaw.ac.at/pmb211159.html
pmb211158,https://www.schnitzler-kultur.acdh.oeaw.ac.at/pmb211158.html
pmb211157,https://www.schnitzler-kultur.acdh.oeaw.ac.at/pmb211157.html
pmb211156,https://www.schnitzler-kultur.acdh.oeaw.ac.at/pmb211156.html
pmb211155,https://www.schnitzler-kultur.acdh.oeaw.ac.at/pmb211155.html
pmb211154,https://www.schnitzler-kultur.acdh.oeaw.ac.at/pmb211154.html
pmb211153,https://www.schnitzler-kultur.acdh.oeaw.ac.at/pmb211153.html
pmb211152,https://www.schnitzler-kultur.acdh.oeaw.ac.at/pmb211152.html
pmb211151,https://www.schnitzler-kultur.acdh.oeaw.ac.at/pmb211151.html
pmb211150,https://www.schnitzler-kultur.acdh.oeaw.ac.at/pmb211150.html
pmb211149,https://www.schnitzler-kultur.acdh.oeaw.ac.at/pmb211149.html
pmb211148,https://www.schnitzler-kultur.acdh.oeaw.ac.at/pmb211148.html
pmb211147,https://www.schnitzler-kultur.acdh.oeaw.ac.at/pmb211147.html
pmb211146,https://www.schnitzler-kultur.acdh.oeaw.ac.at/pmb211146.html
pmb211145,https://www.schnitzler-kultur.acdh.oeaw.ac.at/pmb211145.html
pmb211144,https://www.schnitzler-kultur.acdh.oeaw.ac.at/pmb211144.html
pmb211143,https://www.schnitzler-kultur.acdh.oeaw.ac.at/pmb211143.html
pmb211142,https://www.schnitzler-kultur.acdh.oeaw.ac.at/pmb211142.html
pmb211141,https://www.schnitzler-kultur.acdh.oeaw.ac.at/pmb211141.html
pmb211140,https://www.schnitzler-kultur.acdh.oeaw.ac.at/pmb211140.html
pmb211139,https://www.schnitzler-kultur.acdh.oeaw.ac.at/pmb211139.html
pmb211138,https://www.schnitzler-kultur.acdh.oeaw.ac.at/pmb211138.html
pmb211137,https://www.schnitzler-kultur.acdh.oeaw.ac.at/pmb211137.html
pmb211136,https://www.schnitzler-kultur.acdh.oeaw.ac.at/pmb211136.html
pmb211135,https://www.schnitzler-kultur.acdh.oeaw.ac.at/pmb211135.html
pmb211134,https://www.schnitzler-kultur.acdh.oeaw.ac.at/pmb211134.html
pmb211133,https://www.schnitzler-kultur.acdh.oeaw.ac.at/pmb211133.html
pmb211132,https://www.schnitzler-kultur.acdh.oeaw.ac.at/pmb211132.html
pmb211131,https://www.schnitzler-kultur.acdh.oeaw.ac.at/pmb211131.html
pmb211130,https://www.schnitzler-kultur.acdh.oeaw.ac.at/pmb211130.html
pmb211129,https://www.schnitzler-kultur.acdh.oeaw.ac.at/pmb211129.html
pmb211128,https://www.schnitzler-kultur.acdh.oeaw.ac.at/pmb211128.html
pmb211127,https://www.schnitzler-kultur.acdh.oeaw.ac.at/pmb211127.html
pmb211126,https://www.schnitzler-kultur.acdh.oeaw.ac.at/pmb211126.html
pmb211125,https://www.schnitzler-kultur.acdh.oeaw.ac.at/pmb211125.html
pmb211124,https://www.schnitzler-kultur.acdh.oeaw.ac.at/pmb211124.html
pmb211123,https://www.schnitzler-kultur.acdh.oeaw.ac.at/pmb211123.html
pmb211122,https://www.schnitzler-kultur.acdh.oeaw.ac.at/pmb211122.html
pmb211121,https://www.schnitzler-kultur.acdh.oeaw.ac.at/pmb211121.html
pmb211120,https://www.schnitzler-kultur.acdh.oeaw.ac.at/pmb211120.html
pmb211119,https://www.schnitzler-kultur.acdh.oeaw.ac.at/pmb211119.html
pmb211118,https://www.schnitzler-kultur.acdh.oeaw.ac.at/pmb211118.html
pmb211117,https://www.schnitzler-kultur.acdh.oeaw.ac.at/pmb211117.html
pmb211116,https://www.schnitzler-kultur.acdh.oeaw.ac.at/pmb211116.html
pmb211115,https://www.schnitzler-kultur.acdh.oeaw.ac.at/pmb211115.html
pmb211114,https://www.schnitzler-kultur.acdh.oeaw.ac.at/pmb211114.html
pmb211113,https://www.schnitzler-kultur.acdh.oeaw.ac.at/pmb211113.html
pmb211112,https://www.schnitzler-kultur.acdh.oeaw.ac.at/pmb211112.html
pmb211111,https://www.schnitzler-kultur.acdh.oeaw.ac.at/pmb211111.html
pmb211110,https://www.schnitzler-kultur.acdh.oeaw.ac.at/pmb211110.html
pmb211109,https://www.schnitzler-kultur.acdh.oeaw.ac.at/pmb211109.html
pmb211108,https://www.schnitzler-kultur.acdh.oeaw.ac.at/pmb211108.html
pmb211107,https://www.schnitzler-kultur.acdh.oeaw.ac.at/pmb211107.html
pmb211106,https://www.schnitzler-kultur.acdh.oeaw.ac.at/pmb211106.html
pmb211105,https://www.schnitzler-kultur.acdh.oeaw.ac.at/pmb211105.html
pmb211104,https://www.schnitzler-kultur.acdh.oeaw.ac.at/pmb211104.html
pmb211103,https://www.schnitzler-kultur.acdh.oeaw.ac.at/pmb211103.html
pmb211102,https://www.schnitzler-kultur.acdh.oeaw.ac.at/pmb211102.html
pmb211101,https://www.schnitzler-kultur.acdh.oeaw.ac.at/pmb211101.html
pmb211100,https://www.schnitzler-kultur.acdh.oeaw.ac.at/pmb211100.html
pmb211099,https://www.schnitzler-kultur.acdh.oeaw.ac.at/pmb211099.html
pmb211098,https://www.schnitzler-kultur.acdh.oeaw.ac.at/pmb211098.html
pmb211097,https://www.schnitzler-kultur.acdh.oeaw.ac.at/pmb211097.html
pmb211096,https://www.schnitzler-kultur.acdh.oeaw.ac.at/pmb211096.html
pmb211095,https://www.schnitzler-kultur.acdh.oeaw.ac.at/pmb211095.html
pmb211094,https://www.schnitzler-kultur.acdh.oeaw.ac.at/pmb211094.html
pmb211093,https://www.schnitzler-kultur.acdh.oeaw.ac.at/pmb211093.html
pmb211092,https://www.schnitzler-kultur.acdh.oeaw.ac.at/pmb211092.html
pmb211091,https://www.schnitzler-kultur.acdh.oeaw.ac.at/pmb211091.html
pmb211090,https://www.schnitzler-kultur.acdh.oeaw.ac.at/pmb211090.html
pmb211089,https://www.schnitzler-kultur.acdh.oeaw.ac.at/pmb211089.html
pmb211088,https://www.schnitzler-kultur.acdh.oeaw.ac.at/pmb211088.html
pmb211087,https://www.schnitzler-kultur.acdh.oeaw.ac.at/pmb211087.html
pmb211086,https://www.schnitzler-kultur.acdh.oeaw.ac.at/pmb211086.html
pmb211085,https://www.schnitzler-kultur.acdh.oeaw.ac.at/pmb211085.html
pmb211084,https://www.schnitzler-kultur.acdh.oeaw.ac.at/pmb211084.html
pmb211083,https://www.schnitzler-kultur.acdh.oeaw.ac.at/pmb211083.html
pmb211082,https://www.schnitzler-kultur.acdh.oeaw.ac.at/pmb211082.html
pmb211081,https://www.schnitzler-kultur.acdh.oeaw.ac.at/pmb211081.html
pmb211080,https://www.schnitzler-kultur.acdh.oeaw.ac.at/pmb211080.html
pmb211079,https://www.schnitzler-kultur.acdh.oeaw.ac.at/pmb211079.html
pmb211078,https://www.schnitzler-kultur.acdh.oeaw.ac.at/pmb211078.html
pmb211077,https://www.schnitzler-kultur.acdh.oeaw.ac.at/pmb211077.html
pmb211076,https://www.schnitzler-kultur.acdh.oeaw.ac.at/pmb211076.html
pmb211075,https://www.schnitzler-kultur.acdh.oeaw.ac.at/pmb211075.html
pmb211074,https://www.schnitzler-kultur.acdh.oeaw.ac.at/pmb211074.html
pmb211073,https://www.schnitzler-kultur.acdh.oeaw.ac.at/pmb211073.html
pmb211072,https://www.schnitzler-kultur.acdh.oeaw.ac.at/pmb211072.html
pmb211071,https://www.schnitzler-kultur.acdh.oeaw.ac.at/pmb211071.html
pmb211070,https://www.schnitzler-kultur.acdh.oeaw.ac.at/pmb211070.html
pmb211069,https://www.schnitzler-kultur.acdh.oeaw.ac.at/pmb211069.html
pmb211068,https://www.schnitzler-kultur.acdh.oeaw.ac.at/pmb211068.html
pmb211067,https://www.schnitzler-kultur.acdh.oeaw.ac.at/pmb211067.html
pmb211066,https://www.schnitzler-kultur.acdh.oeaw.ac.at/pmb211066.html
pmb211065,https://www.schnitzler-kultur.acdh.oeaw.ac.at/pmb211065.html
pmb211064,https://www.schnitzler-kultur.acdh.oeaw.ac.at/pmb211064.html
pmb211063,https://www.schnitzler-kultur.acdh.oeaw.ac.at/pmb211063.html
pmb211062,https://www.schnitzler-kultur.acdh.oeaw.ac.at/pmb211062.html
pmb211061,https://www.schnitzler-kultur.acdh.oeaw.ac.at/pmb211061.html
pmb211060,https://www.schnitzler-kultur.acdh.oeaw.ac.at/pmb211060.html
pmb211059,https://www.schnitzler-kultur.acdh.oeaw.ac.at/pmb211059.html
pmb211058,https://www.schnitzler-kultur.acdh.oeaw.ac.at/pmb211058.html
pmb211057,https://www.schnitzler-kultur.acdh.oeaw.ac.at/pmb211057.html
pmb211056,https://www.schnitzler-kultur.acdh.oeaw.ac.at/pmb211056.html
pmb211055,https://www.schnitzler-kultur.acdh.oeaw.ac.at/pmb211055.html
pmb211054,https://www.schnitzler-kultur.acdh.oeaw.ac.at/pmb211054.html
pmb211053,https://www.schnitzler-kultur.acdh.oeaw.ac.at/pmb211053.html
pmb211052,https://www.schnitzler-kultur.acdh.oeaw.ac.at/pmb211052.html
pmb211051,https://www.schnitzler-kultur.acdh.oeaw.ac.at/pmb211051.html
pmb211050,https://www.schnitzler-kultur.acdh.oeaw.ac.at/pmb211050.html
pmb211049,https://www.schnitzler-kultur.acdh.oeaw.ac.at/pmb211049.html
pmb211048,https://www.schnitzler-kultur.acdh.oeaw.ac.at/pmb211048.html
pmb211047,https://www.schnitzler-kultur.acdh.oeaw.ac.at/pmb211047.html
pmb211046,https://www.schnitzler-kultur.acdh.oeaw.ac.at/pmb211046.html
pmb211045,https://www.schnitzler-kultur.acdh.oeaw.ac.at/pmb211045.html
pmb211044,https://www.schnitzler-kultur.acdh.oeaw.ac.at/pmb211044.html
pmb211043,https://www.schnitzler-kultur.acdh.oeaw.ac.at/pmb211043.html
pmb211042,https://www.schnitzler-kultur.acdh.oeaw.ac.at/pmb211042.html
pmb211041,https://www.schnitzler-kultur.acdh.oeaw.ac.at/pmb211041.html
pmb211040,https://www.schnitzler-kultur.acdh.oeaw.ac.at/pmb211040.html
pmb211039,https://www.schnitzler-kultur.acdh.oeaw.ac.at/pmb211039.html
pmb211038,https://www.schnitzler-kultur.acdh.oeaw.ac.at/pmb211038.html
pmb211037,https://www.schnitzler-kultur.acdh.oeaw.ac.at/pmb211037.html
pmb211036,https://www.schnitzler-kultur.acdh.oeaw.ac.at/pmb211036.html
pmb211035,https://www.schnitzler-kultur.acdh.oeaw.ac.at/pmb211035.html
pmb211034,https://www.schnitzler-kultur.acdh.oeaw.ac.at/pmb211034.html
pmb211033,https://www.schnitzler-kultur.acdh.oeaw.ac.at/pmb211033.html
pmb211032,https://www.schnitzler-kultur.acdh.oeaw.ac.at/pmb211032.html
pmb211031,https://www.schnitzler-kultur.acdh.oeaw.ac.at/pmb211031.html
pmb211030,https://www.schnitzler-kultur.acdh.oeaw.ac.at/pmb211030.html
pmb211029,https://www.schnitzler-kultur.acdh.oeaw.ac.at/pmb211029.html
pmb211028,https://www.schnitzler-kultur.acdh.oeaw.ac.at/pmb211028.html
pmb211027,https://www.schnitzler-kultur.acdh.oeaw.ac.at/pmb211027.html
pmb211026,https://www.schnitzler-kultur.acdh.oeaw.ac.at/pmb211026.html
pmb211025,https://www.schnitzler-kultur.acdh.oeaw.ac.at/pmb211025.html
pmb211024,https://www.schnitzler-kultur.acdh.oeaw.ac.at/pmb211024.html
pmb211023,https://www.schnitzler-kultur.acdh.oeaw.ac.at/pmb211023.html
pmb211022,https://www.schnitzler-kultur.acdh.oeaw.ac.at/pmb211022.html
pmb211021,https://www.schnitzler-kultur.acdh.oeaw.ac.at/pmb211021.html
pmb211020,https://www.schnitzler-kultur.acdh.oeaw.ac.at/pmb211020.html
pmb211019,https://www.schnitzler-kultur.acdh.oeaw.ac.at/pmb211019.html
pmb211018,https://www.schnitzler-kultur.acdh.oeaw.ac.at/pmb211018.html
pmb211017,https://www.schnitzler-kultur.acdh.oeaw.ac.at/pmb211017.html
pmb211016,https://www.schnitzler-kultur.acdh.oeaw.ac.at/pmb211016.html
pmb211015,https://www.schnitzler-kultur.acdh.oeaw.ac.at/pmb211015.html
pmb211014,https://www.schnitzler-kultur.acdh.oeaw.ac.at/pmb211014.html
pmb211013,https://www.schnitzler-kultur.acdh.oeaw.ac.at/pmb211013.html
pmb211012,https://www.schnitzler-kultur.acdh.oeaw.ac.at/pmb211012.html
pmb211011,https://www.schnitzler-kultur.acdh.oeaw.ac.at/pmb211011.html
pmb211010,https://www.schnitzler-kultur.acdh.oeaw.ac.at/pmb211010.html
pmb211009,https://www.schnitzler-kultur.acdh.oeaw.ac.at/pmb211009.html
pmb211008,https://www.schnitzler-kultur.acdh.oeaw.ac.at/pmb211008.html
pmb211007,https://www.schnitzler-kultur.acdh.oeaw.ac.at/pmb211007.html
pmb211006,https://www.schnitzler-kultur.acdh.oeaw.ac.at/pmb211006.html
pmb211005,https://www.schnitzler-kultur.acdh.oeaw.ac.at/pmb211005.html
pmb211004,https://www.schnitzler-kultur.acdh.oeaw.ac.at/pmb211004.html
pmb211003,https://www.schnitzler-kultur.acdh.oeaw.ac.at/pmb211003.html
pmb211002,https://www.schnitzler-kultur.acdh.oeaw.ac.at/pmb211002.html
pmb211001,https://www.schnitzler-kultur.acdh.oeaw.ac.at/pmb211001.html
pmb211000,https://www.schnitzler-kultur.acdh.oeaw.ac.at/pmb211000.html
pmb210999,https://www.schnitzler-kultur.acdh.oeaw.ac.at/pmb210999.html
pmb210998,https://www.schnitzler-kultur.acdh.oeaw.ac.at/pmb210998.html
pmb210997,https://www.schnitzler-kultur.acdh.oeaw.ac.at/pmb210997.html
pmb210995,https://www.schnitzler-kultur.acdh.oeaw.ac.at/pmb210995.html
pmb210994,https://www.schnitzler-kultur.acdh.oeaw.ac.at/pmb210994.html
pmb210993,https://www.schnitzler-kultur.acdh.oeaw.ac.at/pmb210993.html
pmb210992,https://www.schnitzler-kultur.acdh.oeaw.ac.at/pmb210992.html
pmb210991,https://www.schnitzler-kultur.acdh.oeaw.ac.at/pmb210991.html
pmb210990,https://www.schnitzler-kultur.acdh.oeaw.ac.at/pmb210990.html
pmb210989,https://www.schnitzler-kultur.acdh.oeaw.ac.at/pmb210989.html
pmb210987,https://www.schnitzler-kultur.acdh.oeaw.ac.at/pmb210987.html
pmb210986,https://www.schnitzler-kultur.acdh.oeaw.ac.at/pmb210986.html
pmb210985,https://www.schnitzler-kultur.acdh.oeaw.ac.at/pmb210985.html
pmb210984,https://www.schnitzler-kultur.acdh.oeaw.ac.at/pmb210984.html
pmb210983,https://www.schnitzler-kultur.acdh.oeaw.ac.at/pmb210983.html
pmb210982,https://www.schnitzler-kultur.acdh.oeaw.ac.at/pmb210982.html
pmb210981,https://www.schnitzler-kultur.acdh.oeaw.ac.at/pmb210981.html
pmb210980,https://www.schnitzler-kultur.acdh.oeaw.ac.at/pmb210980.html
pmb210979,https://www.schnitzler-kultur.acdh.oeaw.ac.at/pmb210979.html
pmb210978,https://www.schnitzler-kultur.acdh.oeaw.ac.at/pmb210978.html
pmb210977,https://www.schnitzler-kultur.acdh.oeaw.ac.at/pmb210977.html
pmb210976,https://www.schnitzler-kultur.acdh.oeaw.ac.at/pmb210976.html
pmb210975,https://www.schnitzler-kultur.acdh.oeaw.ac.at/pmb210975.html
pmb210974,https://www.schnitzler-kultur.acdh.oeaw.ac.at/pmb210974.html
pmb210973,https://www.schnitzler-kultur.acdh.oeaw.ac.at/pmb210973.html
pmb210972,https://www.schnitzler-kultur.acdh.oeaw.ac.at/pmb210972.html
pmb210971,https://www.schnitzler-kultur.acdh.oeaw.ac.at/pmb210971.html
pmb210970,https://www.schnitzler-kultur.acdh.oeaw.ac.at/pmb210970.html
pmb210969,https://www.schnitzler-kultur.acdh.oeaw.ac.at/pmb210969.html
pmb210968,https://www.schnitzler-kultur.acdh.oeaw.ac.at/pmb210968.html
pmb210967,https://www.schnitzler-kultur.acdh.oeaw.ac.at/pmb210967.html
pmb210965,https://www.schnitzler-kultur.acdh.oeaw.ac.at/pmb210965.html
pmb210964,https://www.schnitzler-kultur.acdh.oeaw.ac.at/pmb210964.html
pmb210963,https://www.schnitzler-kultur.acdh.oeaw.ac.at/pmb210963.html
pmb210962,https://www.schnitzler-kultur.acdh.oeaw.ac.at/pmb210962.html
pmb210961,https://www.schnitzler-kultur.acdh.oeaw.ac.at/pmb210961.html
pmb210960,https://www.schnitzler-kultur.acdh.oeaw.ac.at/pmb210960.html
pmb210959,https://www.schnitzler-kultur.acdh.oeaw.ac.at/pmb210959.html
pmb210958,https://www.schnitzler-kultur.acdh.oeaw.ac.at/pmb210958.html
pmb210957,https://www.schnitzler-kultur.acdh.oeaw.ac.at/pmb210957.html
pmb210956,https://www.schnitzler-kultur.acdh.oeaw.ac.at/pmb210956.html
pmb210955,https://www.schnitzler-kultur.acdh.oeaw.ac.at/pmb210955.html
pmb210954,https://www.schnitzler-kultur.acdh.oeaw.ac.at/pmb210954.html
pmb210953,https://www.schnitzler-kultur.acdh.oeaw.ac.at/pmb210953.html
pmb210952,https://www.schnitzler-kultur.acdh.oeaw.ac.at/pmb210952.html
pmb210951,https://www.schnitzler-kultur.acdh.oeaw.ac.at/pmb210951.html
pmb210950,https://www.schnitzler-kultur.acdh.oeaw.ac.at/pmb210950.html
pmb210949,https://www.schnitzler-kultur.acdh.oeaw.ac.at/pmb210949.html
pmb210947,https://www.schnitzler-kultur.acdh.oeaw.ac.at/pmb210947.html
pmb210946,https://www.schnitzler-kultur.acdh.oeaw.ac.at/pmb210946.html
pmb210945,https://www.schnitzler-kultur.acdh.oeaw.ac.at/pmb210945.html
pmb210944,https://www.schnitzler-kultur.acdh.oeaw.ac.at/pmb210944.html
pmb210943,https://www.schnitzler-kultur.acdh.oeaw.ac.at/pmb210943.html
pmb210942,https://www.schnitzler-kultur.acdh.oeaw.ac.at/pmb210942.html
pmb210941,https://www.schnitzler-kultur.acdh.oeaw.ac.at/pmb210941.html
pmb210940,https://www.schnitzler-kultur.acdh.oeaw.ac.at/pmb210940.html
pmb210939,https://www.schnitzler-kultur.acdh.oeaw.ac.at/pmb210939.html
pmb210938,https://www.schnitzler-kultur.acdh.oeaw.ac.at/pmb210938.html
pmb210937,https://www.schnitzler-kultur.acdh.oeaw.ac.at/pmb210937.html
pmb210936,https://www.schnitzler-kultur.acdh.oeaw.ac.at/pmb210936.html
pmb210935,https://www.schnitzler-kultur.acdh.oeaw.ac.at/pmb210935.html
pmb210934,https://www.schnitzler-kultur.acdh.oeaw.ac.at/pmb210934.html
pmb210933,https://www.schnitzler-kultur.acdh.oeaw.ac.at/pmb210933.html
pmb210932,https://www.schnitzler-kultur.acdh.oeaw.ac.at/pmb210932.html
pmb210931,https://www.schnitzler-kultur.acdh.oeaw.ac.at/pmb210931.html
pmb210930,https://www.schnitzler-kultur.acdh.oeaw.ac.at/pmb210930.html
pmb210929,https://www.schnitzler-kultur.acdh.oeaw.ac.at/pmb210929.html
pmb210928,https://www.schnitzler-kultur.acdh.oeaw.ac.at/pmb210928.html
pmb210927,https://www.schnitzler-kultur.acdh.oeaw.ac.at/pmb210927.html
pmb210926,https://www.schnitzler-kultur.acdh.oeaw.ac.at/pmb210926.html
pmb210925,https://www.schnitzler-kultur.acdh.oeaw.ac.at/pmb210925.html
pmb210924,https://www.schnitzler-kultur.acdh.oeaw.ac.at/pmb210924.html
pmb210923,https://www.schnitzler-kultur.acdh.oeaw.ac.at/pmb210923.html
pmb210922,https://www.schnitzler-kultur.acdh.oeaw.ac.at/pmb210922.html
pmb210921,https://www.schnitzler-kultur.acdh.oeaw.ac.at/pmb210921.html
pmb210920,https://www.schnitzler-kultur.acdh.oeaw.ac.at/pmb210920.html
pmb210919,https://www.schnitzler-kultur.acdh.oeaw.ac.at/pmb210919.html
pmb210918,https://www.schnitzler-kultur.acdh.oeaw.ac.at/pmb210918.html
pmb210917,https://www.schnitzler-kultur.acdh.oeaw.ac.at/pmb210917.html
pmb210916,https://www.schnitzler-kultur.acdh.oeaw.ac.at/pmb210916.html
pmb210915,https://www.schnitzler-kultur.acdh.oeaw.ac.at/pmb210915.html
pmb210914,https://www.schnitzler-kultur.acdh.oeaw.ac.at/pmb210914.html
pmb210913,https://www.schnitzler-kultur.acdh.oeaw.ac.at/pmb210913.html
pmb210911,https://www.schnitzler-kultur.acdh.oeaw.ac.at/pmb210911.html
pmb210910,https://www.schnitzler-kultur.acdh.oeaw.ac.at/pmb210910.html
pmb210909,https://www.schnitzler-kultur.acdh.oeaw.ac.at/pmb210909.html
pmb210908,https://www.schnitzler-kultur.acdh.oeaw.ac.at/pmb210908.html
pmb210907,https://www.schnitzler-kultur.acdh.oeaw.ac.at/pmb210907.html
pmb210906,https://www.schnitzler-kultur.acdh.oeaw.ac.at/pmb210906.html
pmb210905,https://www.schnitzler-kultur.acdh.oeaw.ac.at/pmb210905.html
pmb210904,https://www.schnitzler-kultur.acdh.oeaw.ac.at/pmb210904.html
pmb210903,https://www.schnitzler-kultur.acdh.oeaw.ac.at/pmb210903.html
pmb210902,https://www.schnitzler-kultur.acdh.oeaw.ac.at/pmb210902.html
pmb210901,https://www.schnitzler-kultur.acdh.oeaw.ac.at/pmb210901.html
pmb210900,https://www.schnitzler-kultur.acdh.oeaw.ac.at/pmb210900.html
pmb210899,https://www.schnitzler-kultur.acdh.oeaw.ac.at/pmb210899.html
pmb210898,https://www.schnitzler-kultur.acdh.oeaw.ac.at/pmb210898.html
pmb210897,https://www.schnitzler-kultur.acdh.oeaw.ac.at/pmb210897.html
pmb210896,https://www.schnitzler-kultur.acdh.oeaw.ac.at/pmb210896.html
pmb210895,https://www.schnitzler-kultur.acdh.oeaw.ac.at/pmb210895.html
pmb210894,https://www.schnitzler-kultur.acdh.oeaw.ac.at/pmb210894.html
pmb210893,https://www.schnitzler-kultur.acdh.oeaw.ac.at/pmb210893.html
pmb210892,https://www.schnitzler-kultur.acdh.oeaw.ac.at/pmb210892.html
pmb210891,https://www.schnitzler-kultur.acdh.oeaw.ac.at/pmb210891.html
pmb210890,https://www.schnitzler-kultur.acdh.oeaw.ac.at/pmb210890.html
pmb210889,https://www.schnitzler-kultur.acdh.oeaw.ac.at/pmb210889.html
pmb210888,https://www.schnitzler-kultur.acdh.oeaw.ac.at/pmb210888.html
pmb210887,https://www.schnitzler-kultur.acdh.oeaw.ac.at/pmb210887.html
pmb210886,https://www.schnitzler-kultur.acdh.oeaw.ac.at/pmb210886.html
pmb210885,https://www.schnitzler-kultur.acdh.oeaw.ac.at/pmb210885.html
pmb210884,https://www.schnitzler-kultur.acdh.oeaw.ac.at/pmb210884.html
pmb210883,https://www.schnitzler-kultur.acdh.oeaw.ac.at/pmb210883.html
pmb210882,https://www.schnitzler-kultur.acdh.oeaw.ac.at/pmb210882.html
pmb210881,https://www.schnitzler-kultur.acdh.oeaw.ac.at/pmb210881.html
pmb210880,https://www.schnitzler-kultur.acdh.oeaw.ac.at/pmb210880.html
pmb210879,https://www.schnitzler-kultur.acdh.oeaw.ac.at/pmb210879.html
pmb210878,https://www.schnitzler-kultur.acdh.oeaw.ac.at/pmb210878.html
pmb210877,https://www.schnitzler-kultur.acdh.oeaw.ac.at/pmb210877.html
pmb210876,https://www.schnitzler-kultur.acdh.oeaw.ac.at/pmb210876.html
pmb210875,https://www.schnitzler-kultur.acdh.oeaw.ac.at/pmb210875.html
pmb210874,https://www.schnitzler-kultur.acdh.oeaw.ac.at/pmb210874.html
pmb210873,https://www.schnitzler-kultur.acdh.oeaw.ac.at/pmb210873.html
pmb210872,https://www.schnitzler-kultur.acdh.oeaw.ac.at/pmb210872.html
pmb210871,https://www.schnitzler-kultur.acdh.oeaw.ac.at/pmb210871.html
pmb210870,https://www.schnitzler-kultur.acdh.oeaw.ac.at/pmb210870.html
pmb210869,https://www.schnitzler-kultur.acdh.oeaw.ac.at/pmb210869.html
pmb210868,https://www.schnitzler-kultur.acdh.oeaw.ac.at/pmb210868.html
pmb210867,https://www.schnitzler-kultur.acdh.oeaw.ac.at/pmb210867.html
pmb210866,https://www.schnitzler-kultur.acdh.oeaw.ac.at/pmb210866.html
pmb210865,https://www.schnitzler-kultur.acdh.oeaw.ac.at/pmb210865.html
pmb210864,https://www.schnitzler-kultur.acdh.oeaw.ac.at/pmb210864.html
pmb210863,https://www.schnitzler-kultur.acdh.oeaw.ac.at/pmb210863.html
pmb210862,https://www.schnitzler-kultur.acdh.oeaw.ac.at/pmb210862.html
pmb210861,https://www.schnitzler-kultur.acdh.oeaw.ac.at/pmb210861.html
pmb210860,https://www.schnitzler-kultur.acdh.oeaw.ac.at/pmb210860.html
pmb210859,https://www.schnitzler-kultur.acdh.oeaw.ac.at/pmb210859.html
pmb210858,https://www.schnitzler-kultur.acdh.oeaw.ac.at/pmb210858.html
pmb210857,https://www.schnitzler-kultur.acdh.oeaw.ac.at/pmb210857.html
pmb210856,https://www.schnitzler-kultur.acdh.oeaw.ac.at/pmb210856.html
pmb210855,https://www.schnitzler-kultur.acdh.oeaw.ac.at/pmb210855.html
pmb210854,https://www.schnitzler-kultur.acdh.oeaw.ac.at/pmb210854.html
pmb210853,https://www.schnitzler-kultur.acdh.oeaw.ac.at/pmb210853.html
pmb210852,https://www.schnitzler-kultur.acdh.oeaw.ac.at/pmb210852.html
pmb210850,https://www.schnitzler-kultur.acdh.oeaw.ac.at/pmb210850.html
pmb210849,https://www.schnitzler-kultur.acdh.oeaw.ac.at/pmb210849.html
pmb210848,https://www.schnitzler-kultur.acdh.oeaw.ac.at/pmb210848.html
pmb210847,https://www.schnitzler-kultur.acdh.oeaw.ac.at/pmb210847.html
pmb210846,https://www.schnitzler-kultur.acdh.oeaw.ac.at/pmb210846.html
pmb210845,https://www.schnitzler-kultur.acdh.oeaw.ac.at/pmb210845.html
pmb210844,https://www.schnitzler-kultur.acdh.oeaw.ac.at/pmb210844.html
pmb210843,https://www.schnitzler-kultur.acdh.oeaw.ac.at/pmb210843.html
pmb210842,https://www.schnitzler-kultur.acdh.oeaw.ac.at/pmb210842.html
pmb210841,https://www.schnitzler-kultur.acdh.oeaw.ac.at/pmb210841.html
pmb210840,https://www.schnitzler-kultur.acdh.oeaw.ac.at/pmb210840.html
pmb210839,https://www.schnitzler-kultur.acdh.oeaw.ac.at/pmb210839.html
pmb210838,https://www.schnitzler-kultur.acdh.oeaw.ac.at/pmb210838.html
pmb210837,https://www.schnitzler-kultur.acdh.oeaw.ac.at/pmb210837.html
pmb210836,https://www.schnitzler-kultur.acdh.oeaw.ac.at/pmb210836.html
pmb210835,https://www.schnitzler-kultur.acdh.oeaw.ac.at/pmb210835.html
pmb210834,https://www.schnitzler-kultur.acdh.oeaw.ac.at/pmb210834.html
pmb210833,https://www.schnitzler-kultur.acdh.oeaw.ac.at/pmb210833.html
pmb210832,https://www.schnitzler-kultur.acdh.oeaw.ac.at/pmb210832.html
pmb210831,https://www.schnitzler-kultur.acdh.oeaw.ac.at/pmb210831.html
pmb210830,https://www.schnitzler-kultur.acdh.oeaw.ac.at/pmb210830.html
pmb210829,https://www.schnitzler-kultur.acdh.oeaw.ac.at/pmb210829.html
pmb210828,https://www.schnitzler-kultur.acdh.oeaw.ac.at/pmb210828.html
pmb210827,https://www.schnitzler-kultur.acdh.oeaw.ac.at/pmb210827.html
pmb210826,https://www.schnitzler-kultur.acdh.oeaw.ac.at/pmb210826.html
pmb210825,https://www.schnitzler-kultur.acdh.oeaw.ac.at/pmb210825.html
pmb210824,https://www.schnitzler-kultur.acdh.oeaw.ac.at/pmb210824.html
pmb210823,https://www.schnitzler-kultur.acdh.oeaw.ac.at/pmb210823.html
pmb210822,https://www.schnitzler-kultur.acdh.oeaw.ac.at/pmb210822.html
pmb210821,https://www.schnitzler-kultur.acdh.oeaw.ac.at/pmb210821.html
pmb210820,https://www.schnitzler-kultur.acdh.oeaw.ac.at/pmb210820.html
pmb210819,https://www.schnitzler-kultur.acdh.oeaw.ac.at/pmb210819.html
pmb210818,https://www.schnitzler-kultur.acdh.oeaw.ac.at/pmb210818.html
pmb210817,https://www.schnitzler-kultur.acdh.oeaw.ac.at/pmb210817.html
pmb210816,https://www.schnitzler-kultur.acdh.oeaw.ac.at/pmb210816.html
pmb210815,https://www.schnitzler-kultur.acdh.oeaw.ac.at/pmb210815.html
pmb210813,https://www.schnitzler-kultur.acdh.oeaw.ac.at/pmb210813.html
pmb210812,https://www.schnitzler-kultur.acdh.oeaw.ac.at/pmb210812.html
pmb210811,https://www.schnitzler-kultur.acdh.oeaw.ac.at/pmb210811.html
pmb210810,https://www.schnitzler-kultur.acdh.oeaw.ac.at/pmb210810.html
pmb210809,https://www.schnitzler-kultur.acdh.oeaw.ac.at/pmb210809.html
pmb210808,https://www.schnitzler-kultur.acdh.oeaw.ac.at/pmb210808.html
pmb210807,https://www.schnitzler-kultur.acdh.oeaw.ac.at/pmb210807.html
pmb210806,https://www.schnitzler-kultur.acdh.oeaw.ac.at/pmb210806.html
pmb210805,https://www.schnitzler-kultur.acdh.oeaw.ac.at/pmb210805.html
pmb210804,https://www.schnitzler-kultur.acdh.oeaw.ac.at/pmb210804.html
pmb210802,https://www.schnitzler-kultur.acdh.oeaw.ac.at/pmb210802.html
pmb210801,https://www.schnitzler-kultur.acdh.oeaw.ac.at/pmb210801.html
pmb210800,https://www.schnitzler-kultur.acdh.oeaw.ac.at/pmb210800.html
pmb210799,https://www.schnitzler-kultur.acdh.oeaw.ac.at/pmb210799.html
pmb210798,https://www.schnitzler-kultur.acdh.oeaw.ac.at/pmb210798.html
pmb210797,https://www.schnitzler-kultur.acdh.oeaw.ac.at/pmb210797.html
pmb210796,https://www.schnitzler-kultur.acdh.oeaw.ac.at/pmb210796.html
pmb210795,https://www.schnitzler-kultur.acdh.oeaw.ac.at/pmb210795.html
pmb210794,https://www.schnitzler-kultur.acdh.oeaw.ac.at/pmb210794.html
pmb210793,https://www.schnitzler-kultur.acdh.oeaw.ac.at/pmb210793.html
pmb210792,https://www.schnitzler-kultur.acdh.oeaw.ac.at/pmb210792.html
pmb210791,https://www.schnitzler-kultur.acdh.oeaw.ac.at/pmb210791.html
pmb210789,https://www.schnitzler-kultur.acdh.oeaw.ac.at/pmb210789.html
pmb210788,https://www.schnitzler-kultur.acdh.oeaw.ac.at/pmb210788.html
pmb210787,https://www.schnitzler-kultur.acdh.oeaw.ac.at/pmb210787.html
pmb210786,https://www.schnitzler-kultur.acdh.oeaw.ac.at/pmb210786.html
pmb210785,https://www.schnitzler-kultur.acdh.oeaw.ac.at/pmb210785.html
pmb210784,https://www.schnitzler-kultur.acdh.oeaw.ac.at/pmb210784.html
pmb210783,https://www.schnitzler-kultur.acdh.oeaw.ac.at/pmb210783.html
pmb210782,https://www.schnitzler-kultur.acdh.oeaw.ac.at/pmb210782.html
pmb210781,https://www.schnitzler-kultur.acdh.oeaw.ac.at/pmb210781.html
pmb210780,https://www.schnitzler-kultur.acdh.oeaw.ac.at/pmb210780.html
pmb210779,https://www.schnitzler-kultur.acdh.oeaw.ac.at/pmb210779.html
pmb210778,https://www.schnitzler-kultur.acdh.oeaw.ac.at/pmb210778.html
pmb210777,https://www.schnitzler-kultur.acdh.oeaw.ac.at/pmb210777.html
pmb210776,https://www.schnitzler-kultur.acdh.oeaw.ac.at/pmb210776.html
pmb210775,https://www.schnitzler-kultur.acdh.oeaw.ac.at/pmb210775.html
pmb210774,https://www.schnitzler-kultur.acdh.oeaw.ac.at/pmb210774.html
pmb210773,https://www.schnitzler-kultur.acdh.oeaw.ac.at/pmb210773.html
pmb210772,https://www.schnitzler-kultur.acdh.oeaw.ac.at/pmb210772.html
pmb210771,https://www.schnitzler-kultur.acdh.oeaw.ac.at/pmb210771.html
pmb210770,https://www.schnitzler-kultur.acdh.oeaw.ac.at/pmb210770.html
pmb210768,https://www.schnitzler-kultur.acdh.oeaw.ac.at/pmb210768.html
pmb210767,https://www.schnitzler-kultur.acdh.oeaw.ac.at/pmb210767.html
pmb210766,https://www.schnitzler-kultur.acdh.oeaw.ac.at/pmb210766.html
pmb210765,https://www.schnitzler-kultur.acdh.oeaw.ac.at/pmb210765.html
pmb210764,https://www.schnitzler-kultur.acdh.oeaw.ac.at/pmb210764.html
pmb210763,https://www.schnitzler-kultur.acdh.oeaw.ac.at/pmb210763.html
pmb210762,https://www.schnitzler-kultur.acdh.oeaw.ac.at/pmb210762.html
pmb210761,https://www.schnitzler-kultur.acdh.oeaw.ac.at/pmb210761.html
pmb210760,https://www.schnitzler-kultur.acdh.oeaw.ac.at/pmb210760.html
pmb210759,https://www.schnitzler-kultur.acdh.oeaw.ac.at/pmb210759.html
pmb210758,https://www.schnitzler-kultur.acdh.oeaw.ac.at/pmb210758.html
pmb210757,https://www.schnitzler-kultur.acdh.oeaw.ac.at/pmb210757.html
pmb210756,https://www.schnitzler-kultur.acdh.oeaw.ac.at/pmb210756.html
pmb210755,https://www.schnitzler-kultur.acdh.oeaw.ac.at/pmb210755.html
pmb210754,https://www.schnitzler-kultur.acdh.oeaw.ac.at/pmb210754.html
pmb210753,https://www.schnitzler-kultur.acdh.oeaw.ac.at/pmb210753.html
pmb210752,https://www.schnitzler-kultur.acdh.oeaw.ac.at/pmb210752.html
pmb210751,https://www.schnitzler-kultur.acdh.oeaw.ac.at/pmb210751.html
pmb210750,https://www.schnitzler-kultur.acdh.oeaw.ac.at/pmb210750.html
pmb210749,https://www.schnitzler-kultur.acdh.oeaw.ac.at/pmb210749.html
pmb210748,https://www.schnitzler-kultur.acdh.oeaw.ac.at/pmb210748.html
pmb210747,https://www.schnitzler-kultur.acdh.oeaw.ac.at/pmb210747.html
pmb210746,https://www.schnitzler-kultur.acdh.oeaw.ac.at/pmb210746.html
pmb210745,https://www.schnitzler-kultur.acdh.oeaw.ac.at/pmb210745.html
pmb210744,https://www.schnitzler-kultur.acdh.oeaw.ac.at/pmb210744.html
pmb210741,https://www.schnitzler-kultur.acdh.oeaw.ac.at/pmb210741.html
pmb210740,https://www.schnitzler-kultur.acdh.oeaw.ac.at/pmb210740.html
pmb210739,https://www.schnitzler-kultur.acdh.oeaw.ac.at/pmb210739.html
pmb210738,https://www.schnitzler-kultur.acdh.oeaw.ac.at/pmb210738.html
pmb210737,https://www.schnitzler-kultur.acdh.oeaw.ac.at/pmb210737.html
pmb210736,https://www.schnitzler-kultur.acdh.oeaw.ac.at/pmb210736.html
pmb210735,https://www.schnitzler-kultur.acdh.oeaw.ac.at/pmb210735.html
pmb210734,https://www.schnitzler-kultur.acdh.oeaw.ac.at/pmb210734.html
pmb210733,https://www.schnitzler-kultur.acdh.oeaw.ac.at/pmb210733.html
pmb210732,https://www.schnitzler-kultur.acdh.oeaw.ac.at/pmb210732.html
pmb210731,https://www.schnitzler-kultur.acdh.oeaw.ac.at/pmb210731.html
pmb210730,https://www.schnitzler-kultur.acdh.oeaw.ac.at/pmb210730.html
pmb210729,https://www.schnitzler-kultur.acdh.oeaw.ac.at/pmb210729.html
pmb210728,https://www.schnitzler-kultur.acdh.oeaw.ac.at/pmb210728.html
pmb210727,https://www.schnitzler-kultur.acdh.oeaw.ac.at/pmb210727.html
pmb210726,https://www.schnitzler-kultur.acdh.oeaw.ac.at/pmb210726.html
pmb210724,https://www.schnitzler-kultur.acdh.oeaw.ac.at/pmb210724.html
pmb210723,https://www.schnitzler-kultur.acdh.oeaw.ac.at/pmb210723.html
pmb210722,https://www.schnitzler-kultur.acdh.oeaw.ac.at/pmb210722.html
pmb210721,https://www.schnitzler-kultur.acdh.oeaw.ac.at/pmb210721.html
pmb210720,https://www.schnitzler-kultur.acdh.oeaw.ac.at/pmb210720.html
pmb210719,https://www.schnitzler-kultur.acdh.oeaw.ac.at/pmb210719.html
pmb210718,https://www.schnitzler-kultur.acdh.oeaw.ac.at/pmb210718.html
pmb210717,https://www.schnitzler-kultur.acdh.oeaw.ac.at/pmb210717.html
pmb210716,https://www.schnitzler-kultur.acdh.oeaw.ac.at/pmb210716.html
pmb210715,https://www.schnitzler-kultur.acdh.oeaw.ac.at/pmb210715.html
pmb210714,https://www.schnitzler-kultur.acdh.oeaw.ac.at/pmb210714.html
pmb210713,https://www.schnitzler-kultur.acdh.oeaw.ac.at/pmb210713.html
pmb210712,https://www.schnitzler-kultur.acdh.oeaw.ac.at/pmb210712.html
pmb210711,https://www.schnitzler-kultur.acdh.oeaw.ac.at/pmb210711.html
pmb210710,https://www.schnitzler-kultur.acdh.oeaw.ac.at/pmb210710.html
pmb210709,https://www.schnitzler-kultur.acdh.oeaw.ac.at/pmb210709.html
pmb210708,https://www.schnitzler-kultur.acdh.oeaw.ac.at/pmb210708.html
pmb210707,https://www.schnitzler-kultur.acdh.oeaw.ac.at/pmb210707.html
pmb210706,https://www.schnitzler-kultur.acdh.oeaw.ac.at/pmb210706.html
pmb210705,https://www.schnitzler-kultur.acdh.oeaw.ac.at/pmb210705.html
pmb210704,https://www.schnitzler-kultur.acdh.oeaw.ac.at/pmb210704.html
pmb210703,https://www.schnitzler-kultur.acdh.oeaw.ac.at/pmb210703.html
pmb210702,https://www.schnitzler-kultur.acdh.oeaw.ac.at/pmb210702.html
pmb210701,https://www.schnitzler-kultur.acdh.oeaw.ac.at/pmb210701.html
pmb210700,https://www.schnitzler-kultur.acdh.oeaw.ac.at/pmb210700.html
pmb210699,https://www.schnitzler-kultur.acdh.oeaw.ac.at/pmb210699.html
pmb210698,https://www.schnitzler-kultur.acdh.oeaw.ac.at/pmb210698.html
pmb210697,https://www.schnitzler-kultur.acdh.oeaw.ac.at/pmb210697.html
pmb210695,https://www.schnitzler-kultur.acdh.oeaw.ac.at/pmb210695.html
pmb210694,https://www.schnitzler-kultur.acdh.oeaw.ac.at/pmb210694.html
pmb210693,https://www.schnitzler-kultur.acdh.oeaw.ac.at/pmb210693.html
pmb210692,https://www.schnitzler-kultur.acdh.oeaw.ac.at/pmb210692.html
pmb210691,https://www.schnitzler-kultur.acdh.oeaw.ac.at/pmb210691.html
pmb210690,https://www.schnitzler-kultur.acdh.oeaw.ac.at/pmb210690.html
pmb210689,https://www.schnitzler-kultur.acdh.oeaw.ac.at/pmb210689.html
pmb210688,https://www.schnitzler-kultur.acdh.oeaw.ac.at/pmb210688.html
pmb210687,https://www.schnitzler-kultur.acdh.oeaw.ac.at/pmb210687.html
pmb210686,https://www.schnitzler-kultur.acdh.oeaw.ac.at/pmb210686.html
pmb210685,https://www.schnitzler-kultur.acdh.oeaw.ac.at/pmb210685.html
pmb210684,https://www.schnitzler-kultur.acdh.oeaw.ac.at/pmb210684.html
pmb210683,https://www.schnitzler-kultur.acdh.oeaw.ac.at/pmb210683.html
pmb210682,https://www.schnitzler-kultur.acdh.oeaw.ac.at/pmb210682.html
pmb210681,https://www.schnitzler-kultur.acdh.oeaw.ac.at/pmb210681.html
pmb210680,https://www.schnitzler-kultur.acdh.oeaw.ac.at/pmb210680.html
pmb210679,https://www.schnitzler-kultur.acdh.oeaw.ac.at/pmb210679.html
pmb210678,https://www.schnitzler-kultur.acdh.oeaw.ac.at/pmb210678.html
pmb210677,https://www.schnitzler-kultur.acdh.oeaw.ac.at/pmb210677.html
pmb210676,https://www.schnitzler-kultur.acdh.oeaw.ac.at/pmb210676.html
pmb210675,https://www.schnitzler-kultur.acdh.oeaw.ac.at/pmb210675.html
pmb210674,https://www.schnitzler-kultur.acdh.oeaw.ac.at/pmb210674.html
pmb210673,https://www.schnitzler-kultur.acdh.oeaw.ac.at/pmb210673.html
pmb210672,https://www.schnitzler-kultur.acdh.oeaw.ac.at/pmb210672.html
pmb210671,https://www.schnitzler-kultur.acdh.oeaw.ac.at/pmb210671.html
pmb210670,https://www.schnitzler-kultur.acdh.oeaw.ac.at/pmb210670.html
pmb210669,https://www.schnitzler-kultur.acdh.oeaw.ac.at/pmb210669.html
pmb210668,https://www.schnitzler-kultur.acdh.oeaw.ac.at/pmb210668.html
pmb210667,https://www.schnitzler-kultur.acdh.oeaw.ac.at/pmb210667.html
pmb210666,https://www.schnitzler-kultur.acdh.oeaw.ac.at/pmb210666.html
pmb210665,https://www.schnitzler-kultur.acdh.oeaw.ac.at/pmb210665.html
pmb210664,https://www.schnitzler-kultur.acdh.oeaw.ac.at/pmb210664.html
pmb210663,https://www.schnitzler-kultur.acdh.oeaw.ac.at/pmb210663.html
pmb210662,https://www.schnitzler-kultur.acdh.oeaw.ac.at/pmb210662.html
pmb210661,https://www.schnitzler-kultur.acdh.oeaw.ac.at/pmb210661.html
pmb210660,https://www.schnitzler-kultur.acdh.oeaw.ac.at/pmb210660.html
pmb210659,https://www.schnitzler-kultur.acdh.oeaw.ac.at/pmb210659.html
pmb210658,https://www.schnitzler-kultur.acdh.oeaw.ac.at/pmb210658.html
pmb210657,https://www.schnitzler-kultur.acdh.oeaw.ac.at/pmb210657.html
pmb210656,https://www.schnitzler-kultur.acdh.oeaw.ac.at/pmb210656.html
pmb210655,https://www.schnitzler-kultur.acdh.oeaw.ac.at/pmb210655.html
pmb210654,https://www.schnitzler-kultur.acdh.oeaw.ac.at/pmb210654.html
pmb210653,https://www.schnitzler-kultur.acdh.oeaw.ac.at/pmb210653.html
pmb210652,https://www.schnitzler-kultur.acdh.oeaw.ac.at/pmb210652.html
pmb210651,https://www.schnitzler-kultur.acdh.oeaw.ac.at/pmb210651.html
pmb210650,https://www.schnitzler-kultur.acdh.oeaw.ac.at/pmb210650.html
pmb210649,https://www.schnitzler-kultur.acdh.oeaw.ac.at/pmb210649.html
pmb210648,https://www.schnitzler-kultur.acdh.oeaw.ac.at/pmb210648.html
pmb210647,https://www.schnitzler-kultur.acdh.oeaw.ac.at/pmb210647.html
pmb210646,https://www.schnitzler-kultur.acdh.oeaw.ac.at/pmb210646.html
pmb210645,https://www.schnitzler-kultur.acdh.oeaw.ac.at/pmb210645.html
pmb210644,https://www.schnitzler-kultur.acdh.oeaw.ac.at/pmb210644.html
pmb210643,https://www.schnitzler-kultur.acdh.oeaw.ac.at/pmb210643.html
pmb210642,https://www.schnitzler-kultur.acdh.oeaw.ac.at/pmb210642.html
pmb210641,https://www.schnitzler-kultur.acdh.oeaw.ac.at/pmb210641.html
pmb210640,https://www.schnitzler-kultur.acdh.oeaw.ac.at/pmb210640.html
pmb210639,https://www.schnitzler-kultur.acdh.oeaw.ac.at/pmb210639.html
pmb210638,https://www.schnitzler-kultur.acdh.oeaw.ac.at/pmb210638.html
pmb210637,https://www.schnitzler-kultur.acdh.oeaw.ac.at/pmb210637.html
pmb210636,https://www.schnitzler-kultur.acdh.oeaw.ac.at/pmb210636.html
pmb210635,https://www.schnitzler-kultur.acdh.oeaw.ac.at/pmb210635.html
pmb210634,https://www.schnitzler-kultur.acdh.oeaw.ac.at/pmb210634.html
pmb210633,https://www.schnitzler-kultur.acdh.oeaw.ac.at/pmb210633.html
pmb210632,https://www.schnitzler-kultur.acdh.oeaw.ac.at/pmb210632.html
pmb210631,https://www.schnitzler-kultur.acdh.oeaw.ac.at/pmb210631.html
pmb210630,https://www.schnitzler-kultur.acdh.oeaw.ac.at/pmb210630.html
pmb210629,https://www.schnitzler-kultur.acdh.oeaw.ac.at/pmb210629.html
pmb210628,https://www.schnitzler-kultur.acdh.oeaw.ac.at/pmb210628.html
pmb210627,https://www.schnitzler-kultur.acdh.oeaw.ac.at/pmb210627.html
pmb210626,https://www.schnitzler-kultur.acdh.oeaw.ac.at/pmb210626.html
pmb210625,https://www.schnitzler-kultur.acdh.oeaw.ac.at/pmb210625.html
pmb210624,https://www.schnitzler-kultur.acdh.oeaw.ac.at/pmb210624.html
pmb210623,https://www.schnitzler-kultur.acdh.oeaw.ac.at/pmb210623.html
pmb210622,https://www.schnitzler-kultur.acdh.oeaw.ac.at/pmb210622.html
pmb210621,https://www.schnitzler-kultur.acdh.oeaw.ac.at/pmb210621.html
pmb210620,https://www.schnitzler-kultur.acdh.oeaw.ac.at/pmb210620.html
pmb210619,https://www.schnitzler-kultur.acdh.oeaw.ac.at/pmb210619.html
pmb210618,https://www.schnitzler-kultur.acdh.oeaw.ac.at/pmb210618.html
pmb210617,https://www.schnitzler-kultur.acdh.oeaw.ac.at/pmb210617.html
pmb210616,https://www.schnitzler-kultur.acdh.oeaw.ac.at/pmb210616.html
pmb210615,https://www.schnitzler-kultur.acdh.oeaw.ac.at/pmb210615.html
pmb210614,https://www.schnitzler-kultur.acdh.oeaw.ac.at/pmb210614.html
pmb210613,https://www.schnitzler-kultur.acdh.oeaw.ac.at/pmb210613.html
pmb210612,https://www.schnitzler-kultur.acdh.oeaw.ac.at/pmb210612.html
pmb210611,https://www.schnitzler-kultur.acdh.oeaw.ac.at/pmb210611.html
pmb210610,https://www.schnitzler-kultur.acdh.oeaw.ac.at/pmb210610.html
pmb210609,https://www.schnitzler-kultur.acdh.oeaw.ac.at/pmb210609.html
pmb210608,https://www.schnitzler-kultur.acdh.oeaw.ac.at/pmb210608.html
pmb210607,https://www.schnitzler-kultur.acdh.oeaw.ac.at/pmb210607.html
pmb210606,https://www.schnitzler-kultur.acdh.oeaw.ac.at/pmb210606.html
pmb210605,https://www.schnitzler-kultur.acdh.oeaw.ac.at/pmb210605.html
pmb210604,https://www.schnitzler-kultur.acdh.oeaw.ac.at/pmb210604.html
pmb210603,https://www.schnitzler-kultur.acdh.oeaw.ac.at/pmb210603.html
pmb210602,https://www.schnitzler-kultur.acdh.oeaw.ac.at/pmb210602.html
pmb210601,https://www.schnitzler-kultur.acdh.oeaw.ac.at/pmb210601.html
pmb210600,https://www.schnitzler-kultur.acdh.oeaw.ac.at/pmb210600.html
pmb210599,https://www.schnitzler-kultur.acdh.oeaw.ac.at/pmb210599.html
pmb210598,https://www.schnitzler-kultur.acdh.oeaw.ac.at/pmb210598.html
pmb210597,https://www.schnitzler-kultur.acdh.oeaw.ac.at/pmb210597.html
pmb210596,https://www.schnitzler-kultur.acdh.oeaw.ac.at/pmb210596.html
pmb210595,https://www.schnitzler-kultur.acdh.oeaw.ac.at/pmb210595.html
pmb210594,https://www.schnitzler-kultur.acdh.oeaw.ac.at/pmb210594.html
pmb210593,https://www.schnitzler-kultur.acdh.oeaw.ac.at/pmb210593.html
pmb210592,https://www.schnitzler-kultur.acdh.oeaw.ac.at/pmb210592.html
pmb210591,https://www.schnitzler-kultur.acdh.oeaw.ac.at/pmb210591.html
pmb210590,https://www.schnitzler-kultur.acdh.oeaw.ac.at/pmb210590.html
pmb210589,https://www.schnitzler-kultur.acdh.oeaw.ac.at/pmb210589.html
pmb210588,https://www.schnitzler-kultur.acdh.oeaw.ac.at/pmb210588.html
pmb210587,https://www.schnitzler-kultur.acdh.oeaw.ac.at/pmb210587.html
pmb210586,https://www.schnitzler-kultur.acdh.oeaw.ac.at/pmb210586.html
pmb210585,https://www.schnitzler-kultur.acdh.oeaw.ac.at/pmb210585.html
pmb210584,https://www.schnitzler-kultur.acdh.oeaw.ac.at/pmb210584.html
pmb210583,https://www.schnitzler-kultur.acdh.oeaw.ac.at/pmb210583.html
pmb210582,https://www.schnitzler-kultur.acdh.oeaw.ac.at/pmb210582.html
pmb210581,https://www.schnitzler-kultur.acdh.oeaw.ac.at/pmb210581.html
pmb210580,https://www.schnitzler-kultur.acdh.oeaw.ac.at/pmb210580.html
pmb210579,https://www.schnitzler-kultur.acdh.oeaw.ac.at/pmb210579.html
pmb210578,https://www.schnitzler-kultur.acdh.oeaw.ac.at/pmb210578.html
pmb210577,https://www.schnitzler-kultur.acdh.oeaw.ac.at/pmb210577.html
pmb210576,https://www.schnitzler-kultur.acdh.oeaw.ac.at/pmb210576.html
pmb210575,https://www.schnitzler-kultur.acdh.oeaw.ac.at/pmb210575.html
pmb210574,https://www.schnitzler-kultur.acdh.oeaw.ac.at/pmb210574.html
pmb210573,https://www.schnitzler-kultur.acdh.oeaw.ac.at/pmb210573.html
pmb210572,https://www.schnitzler-kultur.acdh.oeaw.ac.at/pmb210572.html
pmb210571,https://www.schnitzler-kultur.acdh.oeaw.ac.at/pmb210571.html
pmb210570,https://www.schnitzler-kultur.acdh.oeaw.ac.at/pmb210570.html
pmb210569,https://www.schnitzler-kultur.acdh.oeaw.ac.at/pmb210569.html
pmb210568,https://www.schnitzler-kultur.acdh.oeaw.ac.at/pmb210568.html
pmb210567,https://www.schnitzler-kultur.acdh.oeaw.ac.at/pmb210567.html
pmb210566,https://www.schnitzler-kultur.acdh.oeaw.ac.at/pmb210566.html
pmb210565,https://www.schnitzler-kultur.acdh.oeaw.ac.at/pmb210565.html
pmb210564,https://www.schnitzler-kultur.acdh.oeaw.ac.at/pmb210564.html
pmb210563,https://www.schnitzler-kultur.acdh.oeaw.ac.at/pmb210563.html
pmb210562,https://www.schnitzler-kultur.acdh.oeaw.ac.at/pmb210562.html
pmb210561,https://www.schnitzler-kultur.acdh.oeaw.ac.at/pmb210561.html
pmb210560,https://www.schnitzler-kultur.acdh.oeaw.ac.at/pmb210560.html
pmb210559,https://www.schnitzler-kultur.acdh.oeaw.ac.at/pmb210559.html
pmb210558,https://www.schnitzler-kultur.acdh.oeaw.ac.at/pmb210558.html
pmb210557,https://www.schnitzler-kultur.acdh.oeaw.ac.at/pmb210557.html
pmb210556,https://www.schnitzler-kultur.acdh.oeaw.ac.at/pmb210556.html
pmb210555,https://www.schnitzler-kultur.acdh.oeaw.ac.at/pmb210555.html
pmb210554,https://www.schnitzler-kultur.acdh.oeaw.ac.at/pmb210554.html
pmb210553,https://www.schnitzler-kultur.acdh.oeaw.ac.at/pmb210553.html
pmb210552,https://www.schnitzler-kultur.acdh.oeaw.ac.at/pmb210552.html
pmb210551,https://www.schnitzler-kultur.acdh.oeaw.ac.at/pmb210551.html
pmb210550,https://www.schnitzler-kultur.acdh.oeaw.ac.at/pmb210550.html
pmb210549,https://www.schnitzler-kultur.acdh.oeaw.ac.at/pmb210549.html
pmb210548,https://www.schnitzler-kultur.acdh.oeaw.ac.at/pmb210548.html
pmb210547,https://www.schnitzler-kultur.acdh.oeaw.ac.at/pmb210547.html
pmb210546,https://www.schnitzler-kultur.acdh.oeaw.ac.at/pmb210546.html
pmb210545,https://www.schnitzler-kultur.acdh.oeaw.ac.at/pmb210545.html
pmb210544,https://www.schnitzler-kultur.acdh.oeaw.ac.at/pmb210544.html
pmb210543,https://www.schnitzler-kultur.acdh.oeaw.ac.at/pmb210543.html
pmb210542,https://www.schnitzler-kultur.acdh.oeaw.ac.at/pmb210542.html
pmb210541,https://www.schnitzler-kultur.acdh.oeaw.ac.at/pmb210541.html
pmb210540,https://www.schnitzler-kultur.acdh.oeaw.ac.at/pmb210540.html
pmb210539,https://www.schnitzler-kultur.acdh.oeaw.ac.at/pmb210539.html
pmb210538,https://www.schnitzler-kultur.acdh.oeaw.ac.at/pmb210538.html
pmb210537,https://www.schnitzler-kultur.acdh.oeaw.ac.at/pmb210537.html
pmb210536,https://www.schnitzler-kultur.acdh.oeaw.ac.at/pmb210536.html
pmb210535,https://www.schnitzler-kultur.acdh.oeaw.ac.at/pmb210535.html
pmb210534,https://www.schnitzler-kultur.acdh.oeaw.ac.at/pmb210534.html
pmb210533,https://www.schnitzler-kultur.acdh.oeaw.ac.at/pmb210533.html
pmb210532,https://www.schnitzler-kultur.acdh.oeaw.ac.at/pmb210532.html
pmb210531,https://www.schnitzler-kultur.acdh.oeaw.ac.at/pmb210531.html
pmb210530,https://www.schnitzler-kultur.acdh.oeaw.ac.at/pmb210530.html
pmb210529,https://www.schnitzler-kultur.acdh.oeaw.ac.at/pmb210529.html
pmb210528,https://www.schnitzler-kultur.acdh.oeaw.ac.at/pmb210528.html
pmb210527,https://www.schnitzler-kultur.acdh.oeaw.ac.at/pmb210527.html
pmb210526,https://www.schnitzler-kultur.acdh.oeaw.ac.at/pmb210526.html
pmb210525,https://www.schnitzler-kultur.acdh.oeaw.ac.at/pmb210525.html
pmb210524,https://www.schnitzler-kultur.acdh.oeaw.ac.at/pmb210524.html
pmb210523,https://www.schnitzler-kultur.acdh.oeaw.ac.at/pmb210523.html
pmb210522,https://www.schnitzler-kultur.acdh.oeaw.ac.at/pmb210522.html
pmb210521,https://www.schnitzler-kultur.acdh.oeaw.ac.at/pmb210521.html
pmb210520,https://www.schnitzler-kultur.acdh.oeaw.ac.at/pmb210520.html
pmb210519,https://www.schnitzler-kultur.acdh.oeaw.ac.at/pmb210519.html
pmb210518,https://www.schnitzler-kultur.acdh.oeaw.ac.at/pmb210518.html
pmb210517,https://www.schnitzler-kultur.acdh.oeaw.ac.at/pmb210517.html
pmb210516,https://www.schnitzler-kultur.acdh.oeaw.ac.at/pmb210516.html
pmb210515,https://www.schnitzler-kultur.acdh.oeaw.ac.at/pmb210515.html
pmb210514,https://www.schnitzler-kultur.acdh.oeaw.ac.at/pmb210514.html
pmb210513,https://www.schnitzler-kultur.acdh.oeaw.ac.at/pmb210513.html
pmb210512,https://www.schnitzler-kultur.acdh.oeaw.ac.at/pmb210512.html
pmb210511,https://www.schnitzler-kultur.acdh.oeaw.ac.at/pmb210511.html
pmb210510,https://www.schnitzler-kultur.acdh.oeaw.ac.at/pmb210510.html
pmb210509,https://www.schnitzler-kultur.acdh.oeaw.ac.at/pmb210509.html
pmb210508,https://www.schnitzler-kultur.acdh.oeaw.ac.at/pmb210508.html
pmb210507,https://www.schnitzler-kultur.acdh.oeaw.ac.at/pmb210507.html
pmb210506,https://www.schnitzler-kultur.acdh.oeaw.ac.at/pmb210506.html
pmb210505,https://www.schnitzler-kultur.acdh.oeaw.ac.at/pmb210505.html
pmb210504,https://www.schnitzler-kultur.acdh.oeaw.ac.at/pmb210504.html
pmb210503,https://www.schnitzler-kultur.acdh.oeaw.ac.at/pmb210503.html
pmb210502,https://www.schnitzler-kultur.acdh.oeaw.ac.at/pmb210502.html
pmb210501,https://www.schnitzler-kultur.acdh.oeaw.ac.at/pmb210501.html
pmb210500,https://www.schnitzler-kultur.acdh.oeaw.ac.at/pmb210500.html
pmb210499,https://www.schnitzler-kultur.acdh.oeaw.ac.at/pmb210499.html
pmb210498,https://www.schnitzler-kultur.acdh.oeaw.ac.at/pmb210498.html
pmb210497,https://www.schnitzler-kultur.acdh.oeaw.ac.at/pmb210497.html
pmb210496,https://www.schnitzler-kultur.acdh.oeaw.ac.at/pmb210496.html
pmb210495,https://www.schnitzler-kultur.acdh.oeaw.ac.at/pmb210495.html
pmb210494,https://www.schnitzler-kultur.acdh.oeaw.ac.at/pmb210494.html
pmb210493,https://www.schnitzler-kultur.acdh.oeaw.ac.at/pmb210493.html
pmb210492,https://www.schnitzler-kultur.acdh.oeaw.ac.at/pmb210492.html
pmb210491,https://www.schnitzler-kultur.acdh.oeaw.ac.at/pmb210491.html
pmb210490,https://www.schnitzler-kultur.acdh.oeaw.ac.at/pmb210490.html
pmb210489,https://www.schnitzler-kultur.acdh.oeaw.ac.at/pmb210489.html
pmb210488,https://www.schnitzler-kultur.acdh.oeaw.ac.at/pmb210488.html
pmb210487,https://www.schnitzler-kultur.acdh.oeaw.ac.at/pmb210487.html
pmb210486,https://www.schnitzler-kultur.acdh.oeaw.ac.at/pmb210486.html
pmb210485,https://www.schnitzler-kultur.acdh.oeaw.ac.at/pmb210485.html
pmb210484,https://www.schnitzler-kultur.acdh.oeaw.ac.at/pmb210484.html
pmb210483,https://www.schnitzler-kultur.acdh.oeaw.ac.at/pmb210483.html
pmb210482,https://www.schnitzler-kultur.acdh.oeaw.ac.at/pmb210482.html
pmb210481,https://www.schnitzler-kultur.acdh.oeaw.ac.at/pmb210481.html
pmb210480,https://www.schnitzler-kultur.acdh.oeaw.ac.at/pmb210480.html
pmb210479,https://www.schnitzler-kultur.acdh.oeaw.ac.at/pmb210479.html
pmb210478,https://www.schnitzler-kultur.acdh.oeaw.ac.at/pmb210478.html
pmb210477,https://www.schnitzler-kultur.acdh.oeaw.ac.at/pmb210477.html
pmb210476,https://www.schnitzler-kultur.acdh.oeaw.ac.at/pmb210476.html
pmb210475,https://www.schnitzler-kultur.acdh.oeaw.ac.at/pmb210475.html
pmb210474,https://www.schnitzler-kultur.acdh.oeaw.ac.at/pmb210474.html
pmb210473,https://www.schnitzler-kultur.acdh.oeaw.ac.at/pmb210473.html
pmb210472,https://www.schnitzler-kultur.acdh.oeaw.ac.at/pmb210472.html
pmb210471,https://www.schnitzler-kultur.acdh.oeaw.ac.at/pmb210471.html
pmb210470,https://www.schnitzler-kultur.acdh.oeaw.ac.at/pmb210470.html
pmb210469,https://www.schnitzler-kultur.acdh.oeaw.ac.at/pmb210469.html
pmb210468,https://www.schnitzler-kultur.acdh.oeaw.ac.at/pmb210468.html
pmb210467,https://www.schnitzler-kultur.acdh.oeaw.ac.at/pmb210467.html
pmb210466,https://www.schnitzler-kultur.acdh.oeaw.ac.at/pmb210466.html
pmb210464,https://www.schnitzler-kultur.acdh.oeaw.ac.at/pmb210464.html
pmb210463,https://www.schnitzler-kultur.acdh.oeaw.ac.at/pmb210463.html
pmb210462,https://www.schnitzler-kultur.acdh.oeaw.ac.at/pmb210462.html
pmb210461,https://www.schnitzler-kultur.acdh.oeaw.ac.at/pmb210461.html
pmb210460,https://www.schnitzler-kultur.acdh.oeaw.ac.at/pmb210460.html
pmb210459,https://www.schnitzler-kultur.acdh.oeaw.ac.at/pmb210459.html
pmb210458,https://www.schnitzler-kultur.acdh.oeaw.ac.at/pmb210458.html
pmb210457,https://www.schnitzler-kultur.acdh.oeaw.ac.at/pmb210457.html
pmb210456,https://www.schnitzler-kultur.acdh.oeaw.ac.at/pmb210456.html
pmb210455,https://www.schnitzler-kultur.acdh.oeaw.ac.at/pmb210455.html
pmb210454,https://www.schnitzler-kultur.acdh.oeaw.ac.at/pmb210454.html
pmb210453,https://www.schnitzler-kultur.acdh.oeaw.ac.at/pmb210453.html
pmb210452,https://www.schnitzler-kultur.acdh.oeaw.ac.at/pmb210452.html
pmb210451,https://www.schnitzler-kultur.acdh.oeaw.ac.at/pmb210451.html
pmb210450,https://www.schnitzler-kultur.acdh.oeaw.ac.at/pmb210450.html
pmb210449,https://www.schnitzler-kultur.acdh.oeaw.ac.at/pmb210449.html
pmb210448,https://www.schnitzler-kultur.acdh.oeaw.ac.at/pmb210448.html
pmb210447,https://www.schnitzler-kultur.acdh.oeaw.ac.at/pmb210447.html
pmb210446,https://www.schnitzler-kultur.acdh.oeaw.ac.at/pmb210446.html
pmb210445,https://www.schnitzler-kultur.acdh.oeaw.ac.at/pmb210445.html
pmb210444,https://www.schnitzler-kultur.acdh.oeaw.ac.at/pmb210444.html
pmb210443,https://www.schnitzler-kultur.acdh.oeaw.ac.at/pmb210443.html
pmb210442,https://www.schnitzler-kultur.acdh.oeaw.ac.at/pmb210442.html
pmb210440,https://www.schnitzler-kultur.acdh.oeaw.ac.at/pmb210440.html
pmb210439,https://www.schnitzler-kultur.acdh.oeaw.ac.at/pmb210439.html
pmb210438,https://www.schnitzler-kultur.acdh.oeaw.ac.at/pmb210438.html
pmb210437,https://www.schnitzler-kultur.acdh.oeaw.ac.at/pmb210437.html
pmb210436,https://www.schnitzler-kultur.acdh.oeaw.ac.at/pmb210436.html
pmb210435,https://www.schnitzler-kultur.acdh.oeaw.ac.at/pmb210435.html
pmb210434,https://www.schnitzler-kultur.acdh.oeaw.ac.at/pmb210434.html
pmb210433,https://www.schnitzler-kultur.acdh.oeaw.ac.at/pmb210433.html
pmb210432,https://www.schnitzler-kultur.acdh.oeaw.ac.at/pmb210432.html
pmb210431,https://www.schnitzler-kultur.acdh.oeaw.ac.at/pmb210431.html
pmb210430,https://www.schnitzler-kultur.acdh.oeaw.ac.at/pmb210430.html
pmb210429,https://www.schnitzler-kultur.acdh.oeaw.ac.at/pmb210429.html
pmb210428,https://www.schnitzler-kultur.acdh.oeaw.ac.at/pmb210428.html
pmb210427,https://www.schnitzler-kultur.acdh.oeaw.ac.at/pmb210427.html
pmb210426,https://www.schnitzler-kultur.acdh.oeaw.ac.at/pmb210426.html
pmb210425,https://www.schnitzler-kultur.acdh.oeaw.ac.at/pmb210425.html
pmb210424,https://www.schnitzler-kultur.acdh.oeaw.ac.at/pmb210424.html
pmb210423,https://www.schnitzler-kultur.acdh.oeaw.ac.at/pmb210423.html
pmb210422,https://www.schnitzler-kultur.acdh.oeaw.ac.at/pmb210422.html
pmb210421,https://www.schnitzler-kultur.acdh.oeaw.ac.at/pmb210421.html
pmb210420,https://www.schnitzler-kultur.acdh.oeaw.ac.at/pmb210420.html
pmb210419,https://www.schnitzler-kultur.acdh.oeaw.ac.at/pmb210419.html
pmb210418,https://www.schnitzler-kultur.acdh.oeaw.ac.at/pmb210418.html
pmb210417,https://www.schnitzler-kultur.acdh.oeaw.ac.at/pmb210417.html
pmb210416,https://www.schnitzler-kultur.acdh.oeaw.ac.at/pmb210416.html
pmb210415,https://www.schnitzler-kultur.acdh.oeaw.ac.at/pmb210415.html
pmb210414,https://www.schnitzler-kultur.acdh.oeaw.ac.at/pmb210414.html
pmb210413,https://www.schnitzler-kultur.acdh.oeaw.ac.at/pmb210413.html
pmb210412,https://www.schnitzler-kultur.acdh.oeaw.ac.at/pmb210412.html
pmb210411,https://www.schnitzler-kultur.acdh.oeaw.ac.at/pmb210411.html
pmb210410,https://www.schnitzler-kultur.acdh.oeaw.ac.at/pmb210410.html
pmb210409,https://www.schnitzler-kultur.acdh.oeaw.ac.at/pmb210409.html
pmb210408,https://www.schnitzler-kultur.acdh.oeaw.ac.at/pmb210408.html
pmb210406,https://www.schnitzler-kultur.acdh.oeaw.ac.at/pmb210406.html
pmb210405,https://www.schnitzler-kultur.acdh.oeaw.ac.at/pmb210405.html
pmb210404,https://www.schnitzler-kultur.acdh.oeaw.ac.at/pmb210404.html
pmb210403,https://www.schnitzler-kultur.acdh.oeaw.ac.at/pmb210403.html
pmb210402,https://www.schnitzler-kultur.acdh.oeaw.ac.at/pmb210402.html
pmb210401,https://www.schnitzler-kultur.acdh.oeaw.ac.at/pmb210401.html
pmb210400,https://www.schnitzler-kultur.acdh.oeaw.ac.at/pmb210400.html
pmb210399,https://www.schnitzler-kultur.acdh.oeaw.ac.at/pmb210399.html
pmb210398,https://www.schnitzler-kultur.acdh.oeaw.ac.at/pmb210398.html
pmb210397,https://www.schnitzler-kultur.acdh.oeaw.ac.at/pmb210397.html
pmb210396,https://www.schnitzler-kultur.acdh.oeaw.ac.at/pmb210396.html
pmb210395,https://www.schnitzler-kultur.acdh.oeaw.ac.at/pmb210395.html
pmb210394,https://www.schnitzler-kultur.acdh.oeaw.ac.at/pmb210394.html
pmb210393,https://www.schnitzler-kultur.acdh.oeaw.ac.at/pmb210393.html
pmb210392,https://www.schnitzler-kultur.acdh.oeaw.ac.at/pmb210392.html
pmb210391,https://www.schnitzler-kultur.acdh.oeaw.ac.at/pmb210391.html
pmb210390,https://www.schnitzler-kultur.acdh.oeaw.ac.at/pmb210390.html
pmb210389,https://www.schnitzler-kultur.acdh.oeaw.ac.at/pmb210389.html
pmb210386,https://www.schnitzler-kultur.acdh.oeaw.ac.at/pmb210386.html
pmb210385,https://www.schnitzler-kultur.acdh.oeaw.ac.at/pmb210385.html
pmb210384,https://www.schnitzler-kultur.acdh.oeaw.ac.at/pmb210384.html
pmb210383,https://www.schnitzler-kultur.acdh.oeaw.ac.at/pmb210383.html
pmb210382,https://www.schnitzler-kultur.acdh.oeaw.ac.at/pmb210382.html
pmb210381,https://www.schnitzler-kultur.acdh.oeaw.ac.at/pmb210381.html
pmb210379,https://www.schnitzler-kultur.acdh.oeaw.ac.at/pmb210379.html
pmb210378,https://www.schnitzler-kultur.acdh.oeaw.ac.at/pmb210378.html
pmb210376,https://www.schnitzler-kultur.acdh.oeaw.ac.at/pmb210376.html
pmb210375,https://www.schnitzler-kultur.acdh.oeaw.ac.at/pmb210375.html
pmb210374,https://www.schnitzler-kultur.acdh.oeaw.ac.at/pmb210374.html
pmb210373,https://www.schnitzler-kultur.acdh.oeaw.ac.at/pmb210373.html
pmb210372,https://www.schnitzler-kultur.acdh.oeaw.ac.at/pmb210372.html
pmb210371,https://www.schnitzler-kultur.acdh.oeaw.ac.at/pmb210371.html
pmb210370,https://www.schnitzler-kultur.acdh.oeaw.ac.at/pmb210370.html
pmb210369,https://www.schnitzler-kultur.acdh.oeaw.ac.at/pmb210369.html
pmb210368,https://www.schnitzler-kultur.acdh.oeaw.ac.at/pmb210368.html
pmb210367,https://www.schnitzler-kultur.acdh.oeaw.ac.at/pmb210367.html
pmb210366,https://www.schnitzler-kultur.acdh.oeaw.ac.at/pmb210366.html
pmb210364,https://www.schnitzler-kultur.acdh.oeaw.ac.at/pmb210364.html
pmb210363,https://www.schnitzler-kultur.acdh.oeaw.ac.at/pmb210363.html
pmb210362,https://www.schnitzler-kultur.acdh.oeaw.ac.at/pmb210362.html
pmb210361,https://www.schnitzler-kultur.acdh.oeaw.ac.at/pmb210361.html
pmb210360,https://www.schnitzler-kultur.acdh.oeaw.ac.at/pmb210360.html
pmb210359,https://www.schnitzler-kultur.acdh.oeaw.ac.at/pmb210359.html
pmb210358,https://www.schnitzler-kultur.acdh.oeaw.ac.at/pmb210358.html
pmb210357,https://www.schnitzler-kultur.acdh.oeaw.ac.at/pmb210357.html
pmb210355,https://www.schnitzler-kultur.acdh.oeaw.ac.at/pmb210355.html
pmb210354,https://www.schnitzler-kultur.acdh.oeaw.ac.at/pmb210354.html
pmb210353,https://www.schnitzler-kultur.acdh.oeaw.ac.at/pmb210353.html
pmb210352,https://www.schnitzler-kultur.acdh.oeaw.ac.at/pmb210352.html
pmb210351,https://www.schnitzler-kultur.acdh.oeaw.ac.at/pmb210351.html
pmb210350,https://www.schnitzler-kultur.acdh.oeaw.ac.at/pmb210350.html
pmb210349,https://www.schnitzler-kultur.acdh.oeaw.ac.at/pmb210349.html
pmb210348,https://www.schnitzler-kultur.acdh.oeaw.ac.at/pmb210348.html
pmb210347,https://www.schnitzler-kultur.acdh.oeaw.ac.at/pmb210347.html
pmb210346,https://www.schnitzler-kultur.acdh.oeaw.ac.at/pmb210346.html
pmb210345,https://www.schnitzler-kultur.acdh.oeaw.ac.at/pmb210345.html
pmb210344,https://www.schnitzler-kultur.acdh.oeaw.ac.at/pmb210344.html
pmb210343,https://www.schnitzler-kultur.acdh.oeaw.ac.at/pmb210343.html
pmb210342,https://www.schnitzler-kultur.acdh.oeaw.ac.at/pmb210342.html
pmb210341,https://www.schnitzler-kultur.acdh.oeaw.ac.at/pmb210341.html
pmb210340,https://www.schnitzler-kultur.acdh.oeaw.ac.at/pmb210340.html
pmb210339,https://www.schnitzler-kultur.acdh.oeaw.ac.at/pmb210339.html
pmb210338,https://www.schnitzler-kultur.acdh.oeaw.ac.at/pmb210338.html
pmb210337,https://www.schnitzler-kultur.acdh.oeaw.ac.at/pmb210337.html
pmb210336,https://www.schnitzler-kultur.acdh.oeaw.ac.at/pmb210336.html
pmb210335,https://www.schnitzler-kultur.acdh.oeaw.ac.at/pmb210335.html
pmb210334,https://www.schnitzler-kultur.acdh.oeaw.ac.at/pmb210334.html
pmb210333,https://www.schnitzler-kultur.acdh.oeaw.ac.at/pmb210333.html
pmb210332,https://www.schnitzler-kultur.acdh.oeaw.ac.at/pmb210332.html
pmb210331,https://www.schnitzler-kultur.acdh.oeaw.ac.at/pmb210331.html
pmb210330,https://www.schnitzler-kultur.acdh.oeaw.ac.at/pmb210330.html
pmb210329,https://www.schnitzler-kultur.acdh.oeaw.ac.at/pmb210329.html
pmb210328,https://www.schnitzler-kultur.acdh.oeaw.ac.at/pmb210328.html
pmb210327,https://www.schnitzler-kultur.acdh.oeaw.ac.at/pmb210327.html
pmb210326,https://www.schnitzler-kultur.acdh.oeaw.ac.at/pmb210326.html
pmb210325,https://www.schnitzler-kultur.acdh.oeaw.ac.at/pmb210325.html
pmb210324,https://www.schnitzler-kultur.acdh.oeaw.ac.at/pmb210324.html
pmb210323,https://www.schnitzler-kultur.acdh.oeaw.ac.at/pmb210323.html
pmb210322,https://www.schnitzler-kultur.acdh.oeaw.ac.at/pmb210322.html
pmb210321,https://www.schnitzler-kultur.acdh.oeaw.ac.at/pmb210321.html
pmb210320,https://www.schnitzler-kultur.acdh.oeaw.ac.at/pmb210320.html
pmb210319,https://www.schnitzler-kultur.acdh.oeaw.ac.at/pmb210319.html
pmb210318,https://www.schnitzler-kultur.acdh.oeaw.ac.at/pmb210318.html
pmb210317,https://www.schnitzler-kultur.acdh.oeaw.ac.at/pmb210317.html
pmb210316,https://www.schnitzler-kultur.acdh.oeaw.ac.at/pmb210316.html
pmb210315,https://www.schnitzler-kultur.acdh.oeaw.ac.at/pmb210315.html
pmb210314,https://www.schnitzler-kultur.acdh.oeaw.ac.at/pmb210314.html
pmb210313,https://www.schnitzler-kultur.acdh.oeaw.ac.at/pmb210313.html
pmb210312,https://www.schnitzler-kultur.acdh.oeaw.ac.at/pmb210312.html
pmb210311,https://www.schnitzler-kultur.acdh.oeaw.ac.at/pmb210311.html
pmb210310,https://www.schnitzler-kultur.acdh.oeaw.ac.at/pmb210310.html
pmb210309,https://www.schnitzler-kultur.acdh.oeaw.ac.at/pmb210309.html
pmb210308,https://www.schnitzler-kultur.acdh.oeaw.ac.at/pmb210308.html
pmb210307,https://www.schnitzler-kultur.acdh.oeaw.ac.at/pmb210307.html
pmb210306,https://www.schnitzler-kultur.acdh.oeaw.ac.at/pmb210306.html
pmb210305,https://www.schnitzler-kultur.acdh.oeaw.ac.at/pmb210305.html
pmb210304,https://www.schnitzler-kultur.acdh.oeaw.ac.at/pmb210304.html
pmb210303,https://www.schnitzler-kultur.acdh.oeaw.ac.at/pmb210303.html
pmb210302,https://www.schnitzler-kultur.acdh.oeaw.ac.at/pmb210302.html
pmb210301,https://www.schnitzler-kultur.acdh.oeaw.ac.at/pmb210301.html
pmb210300,https://www.schnitzler-kultur.acdh.oeaw.ac.at/pmb210300.html
pmb210299,https://www.schnitzler-kultur.acdh.oeaw.ac.at/pmb210299.html
pmb210298,https://www.schnitzler-kultur.acdh.oeaw.ac.at/pmb210298.html
pmb210297,https://www.schnitzler-kultur.acdh.oeaw.ac.at/pmb210297.html
pmb210296,https://www.schnitzler-kultur.acdh.oeaw.ac.at/pmb210296.html
pmb210295,https://www.schnitzler-kultur.acdh.oeaw.ac.at/pmb210295.html
pmb210294,https://www.schnitzler-kultur.acdh.oeaw.ac.at/pmb210294.html
pmb210293,https://www.schnitzler-kultur.acdh.oeaw.ac.at/pmb210293.html
pmb210292,https://www.schnitzler-kultur.acdh.oeaw.ac.at/pmb210292.html
pmb210291,https://www.schnitzler-kultur.acdh.oeaw.ac.at/pmb210291.html
pmb210290,https://www.schnitzler-kultur.acdh.oeaw.ac.at/pmb210290.html
pmb210289,https://www.schnitzler-kultur.acdh.oeaw.ac.at/pmb210289.html
pmb210288,https://www.schnitzler-kultur.acdh.oeaw.ac.at/pmb210288.html
pmb210287,https://www.schnitzler-kultur.acdh.oeaw.ac.at/pmb210287.html
pmb210286,https://www.schnitzler-kultur.acdh.oeaw.ac.at/pmb210286.html
pmb210285,https://www.schnitzler-kultur.acdh.oeaw.ac.at/pmb210285.html
pmb210284,https://www.schnitzler-kultur.acdh.oeaw.ac.at/pmb210284.html
pmb210283,https://www.schnitzler-kultur.acdh.oeaw.ac.at/pmb210283.html
pmb210282,https://www.schnitzler-kultur.acdh.oeaw.ac.at/pmb210282.html
pmb210281,https://www.schnitzler-kultur.acdh.oeaw.ac.at/pmb210281.html
pmb210280,https://www.schnitzler-kultur.acdh.oeaw.ac.at/pmb210280.html
pmb210279,https://www.schnitzler-kultur.acdh.oeaw.ac.at/pmb210279.html
pmb210278,https://www.schnitzler-kultur.acdh.oeaw.ac.at/pmb210278.html
pmb210277,https://www.schnitzler-kultur.acdh.oeaw.ac.at/pmb210277.html
pmb210276,https://www.schnitzler-kultur.acdh.oeaw.ac.at/pmb210276.html
pmb210275,https://www.schnitzler-kultur.acdh.oeaw.ac.at/pmb210275.html
pmb210274,https://www.schnitzler-kultur.acdh.oeaw.ac.at/pmb210274.html
pmb210273,https://www.schnitzler-kultur.acdh.oeaw.ac.at/pmb210273.html
pmb210272,https://www.schnitzler-kultur.acdh.oeaw.ac.at/pmb210272.html
pmb210271,https://www.schnitzler-kultur.acdh.oeaw.ac.at/pmb210271.html
pmb210270,https://www.schnitzler-kultur.acdh.oeaw.ac.at/pmb210270.html
pmb210269,https://www.schnitzler-kultur.acdh.oeaw.ac.at/pmb210269.html
pmb210268,https://www.schnitzler-kultur.acdh.oeaw.ac.at/pmb210268.html
pmb210267,https://www.schnitzler-kultur.acdh.oeaw.ac.at/pmb210267.html
pmb210266,https://www.schnitzler-kultur.acdh.oeaw.ac.at/pmb210266.html
pmb210265,https://www.schnitzler-kultur.acdh.oeaw.ac.at/pmb210265.html
pmb210264,https://www.schnitzler-kultur.acdh.oeaw.ac.at/pmb210264.html
pmb210263,https://www.schnitzler-kultur.acdh.oeaw.ac.at/pmb210263.html
pmb210262,https://www.schnitzler-kultur.acdh.oeaw.ac.at/pmb210262.html
pmb210261,https://www.schnitzler-kultur.acdh.oeaw.ac.at/pmb210261.html
pmb210260,https://www.schnitzler-kultur.acdh.oeaw.ac.at/pmb210260.html
pmb210259,https://www.schnitzler-kultur.acdh.oeaw.ac.at/pmb210259.html
pmb210258,https://www.schnitzler-kultur.acdh.oeaw.ac.at/pmb210258.html
pmb210257,https://www.schnitzler-kultur.acdh.oeaw.ac.at/pmb210257.html
pmb210256,https://www.schnitzler-kultur.acdh.oeaw.ac.at/pmb210256.html
pmb210255,https://www.schnitzler-kultur.acdh.oeaw.ac.at/pmb210255.html
pmb210254,https://www.schnitzler-kultur.acdh.oeaw.ac.at/pmb210254.html
pmb210253,https://www.schnitzler-kultur.acdh.oeaw.ac.at/pmb210253.html
pmb210252,https://www.schnitzler-kultur.acdh.oeaw.ac.at/pmb210252.html
pmb210251,https://www.schnitzler-kultur.acdh.oeaw.ac.at/pmb210251.html
pmb210250,https://www.schnitzler-kultur.acdh.oeaw.ac.at/pmb210250.html
pmb210249,https://www.schnitzler-kultur.acdh.oeaw.ac.at/pmb210249.html
pmb210248,https://www.schnitzler-kultur.acdh.oeaw.ac.at/pmb210248.html
pmb210247,https://www.schnitzler-kultur.acdh.oeaw.ac.at/pmb210247.html
pmb210246,https://www.schnitzler-kultur.acdh.oeaw.ac.at/pmb210246.html
pmb210245,https://www.schnitzler-kultur.acdh.oeaw.ac.at/pmb210245.html
pmb210243,https://www.schnitzler-kultur.acdh.oeaw.ac.at/pmb210243.html
pmb210242,https://www.schnitzler-kultur.acdh.oeaw.ac.at/pmb210242.html
pmb210241,https://www.schnitzler-kultur.acdh.oeaw.ac.at/pmb210241.html
pmb210240,https://www.schnitzler-kultur.acdh.oeaw.ac.at/pmb210240.html
pmb210239,https://www.schnitzler-kultur.acdh.oeaw.ac.at/pmb210239.html
pmb210238,https://www.schnitzler-kultur.acdh.oeaw.ac.at/pmb210238.html
pmb210237,https://www.schnitzler-kultur.acdh.oeaw.ac.at/pmb210237.html
pmb210236,https://www.schnitzler-kultur.acdh.oeaw.ac.at/pmb210236.html
pmb210235,https://www.schnitzler-kultur.acdh.oeaw.ac.at/pmb210235.html
pmb210234,https://www.schnitzler-kultur.acdh.oeaw.ac.at/pmb210234.html
pmb210233,https://www.schnitzler-kultur.acdh.oeaw.ac.at/pmb210233.html
pmb210232,https://www.schnitzler-kultur.acdh.oeaw.ac.at/pmb210232.html
pmb210231,https://www.schnitzler-kultur.acdh.oeaw.ac.at/pmb210231.html
pmb210229,https://www.schnitzler-kultur.acdh.oeaw.ac.at/pmb210229.html
pmb210228,https://www.schnitzler-kultur.acdh.oeaw.ac.at/pmb210228.html
pmb210227,https://www.schnitzler-kultur.acdh.oeaw.ac.at/pmb210227.html
pmb210226,https://www.schnitzler-kultur.acdh.oeaw.ac.at/pmb210226.html
pmb210225,https://www.schnitzler-kultur.acdh.oeaw.ac.at/pmb210225.html
pmb210224,https://www.schnitzler-kultur.acdh.oeaw.ac.at/pmb210224.html
pmb210223,https://www.schnitzler-kultur.acdh.oeaw.ac.at/pmb210223.html
pmb210222,https://www.schnitzler-kultur.acdh.oeaw.ac.at/pmb210222.html
pmb210221,https://www.schnitzler-kultur.acdh.oeaw.ac.at/pmb210221.html
pmb210220,https://www.schnitzler-kultur.acdh.oeaw.ac.at/pmb210220.html
pmb210219,https://www.schnitzler-kultur.acdh.oeaw.ac.at/pmb210219.html
pmb210218,https://www.schnitzler-kultur.acdh.oeaw.ac.at/pmb210218.html
pmb210217,https://www.schnitzler-kultur.acdh.oeaw.ac.at/pmb210217.html
pmb210216,https://www.schnitzler-kultur.acdh.oeaw.ac.at/pmb210216.html
pmb210215,https://www.schnitzler-kultur.acdh.oeaw.ac.at/pmb210215.html
pmb210214,https://www.schnitzler-kultur.acdh.oeaw.ac.at/pmb210214.html
pmb210213,https://www.schnitzler-kultur.acdh.oeaw.ac.at/pmb210213.html
pmb210212,https://www.schnitzler-kultur.acdh.oeaw.ac.at/pmb210212.html
pmb210211,https://www.schnitzler-kultur.acdh.oeaw.ac.at/pmb210211.html
pmb210210,https://www.schnitzler-kultur.acdh.oeaw.ac.at/pmb210210.html
pmb210209,https://www.schnitzler-kultur.acdh.oeaw.ac.at/pmb210209.html
pmb210208,https://www.schnitzler-kultur.acdh.oeaw.ac.at/pmb210208.html
pmb210207,https://www.schnitzler-kultur.acdh.oeaw.ac.at/pmb210207.html
pmb210206,https://www.schnitzler-kultur.acdh.oeaw.ac.at/pmb210206.html
pmb210205,https://www.schnitzler-kultur.acdh.oeaw.ac.at/pmb210205.html
pmb210204,https://www.schnitzler-kultur.acdh.oeaw.ac.at/pmb210204.html
pmb210203,https://www.schnitzler-kultur.acdh.oeaw.ac.at/pmb210203.html
pmb210202,https://www.schnitzler-kultur.acdh.oeaw.ac.at/pmb210202.html
pmb210201,https://www.schnitzler-kultur.acdh.oeaw.ac.at/pmb210201.html
pmb210200,https://www.schnitzler-kultur.acdh.oeaw.ac.at/pmb210200.html
pmb210199,https://www.schnitzler-kultur.acdh.oeaw.ac.at/pmb210199.html
pmb210198,https://www.schnitzler-kultur.acdh.oeaw.ac.at/pmb210198.html
pmb210197,https://www.schnitzler-kultur.acdh.oeaw.ac.at/pmb210197.html
pmb210196,https://www.schnitzler-kultur.acdh.oeaw.ac.at/pmb210196.html
pmb210195,https://www.schnitzler-kultur.acdh.oeaw.ac.at/pmb210195.html
pmb210194,https://www.schnitzler-kultur.acdh.oeaw.ac.at/pmb210194.html
pmb210193,https://www.schnitzler-kultur.acdh.oeaw.ac.at/pmb210193.html
pmb210192,https://www.schnitzler-kultur.acdh.oeaw.ac.at/pmb210192.html
pmb210191,https://www.schnitzler-kultur.acdh.oeaw.ac.at/pmb210191.html
pmb210190,https://www.schnitzler-kultur.acdh.oeaw.ac.at/pmb210190.html
pmb210189,https://www.schnitzler-kultur.acdh.oeaw.ac.at/pmb210189.html
pmb210188,https://www.schnitzler-kultur.acdh.oeaw.ac.at/pmb210188.html
pmb210187,https://www.schnitzler-kultur.acdh.oeaw.ac.at/pmb210187.html
pmb210186,https://www.schnitzler-kultur.acdh.oeaw.ac.at/pmb210186.html
pmb210185,https://www.schnitzler-kultur.acdh.oeaw.ac.at/pmb210185.html
pmb210184,https://www.schnitzler-kultur.acdh.oeaw.ac.at/pmb210184.html
pmb210183,https://www.schnitzler-kultur.acdh.oeaw.ac.at/pmb210183.html
pmb210182,https://www.schnitzler-kultur.acdh.oeaw.ac.at/pmb210182.html
pmb210181,https://www.schnitzler-kultur.acdh.oeaw.ac.at/pmb210181.html
pmb210179,https://www.schnitzler-kultur.acdh.oeaw.ac.at/pmb210179.html
pmb210178,https://www.schnitzler-kultur.acdh.oeaw.ac.at/pmb210178.html
pmb210177,https://www.schnitzler-kultur.acdh.oeaw.ac.at/pmb210177.html
pmb210176,https://www.schnitzler-kultur.acdh.oeaw.ac.at/pmb210176.html
pmb210175,https://www.schnitzler-kultur.acdh.oeaw.ac.at/pmb210175.html
pmb210174,https://www.schnitzler-kultur.acdh.oeaw.ac.at/pmb210174.html
pmb210172,https://www.schnitzler-kultur.acdh.oeaw.ac.at/pmb210172.html
pmb210171,https://www.schnitzler-kultur.acdh.oeaw.ac.at/pmb210171.html
pmb210169,https://www.schnitzler-kultur.acdh.oeaw.ac.at/pmb210169.html
pmb210168,https://www.schnitzler-kultur.acdh.oeaw.ac.at/pmb210168.html
pmb210167,https://www.schnitzler-kultur.acdh.oeaw.ac.at/pmb210167.html
pmb210166,https://www.schnitzler-kultur.acdh.oeaw.ac.at/pmb210166.html
pmb210165,https://www.schnitzler-kultur.acdh.oeaw.ac.at/pmb210165.html
pmb210164,https://www.schnitzler-kultur.acdh.oeaw.ac.at/pmb210164.html
pmb210163,https://www.schnitzler-kultur.acdh.oeaw.ac.at/pmb210163.html
pmb210162,https://www.schnitzler-kultur.acdh.oeaw.ac.at/pmb210162.html
pmb210161,https://www.schnitzler-kultur.acdh.oeaw.ac.at/pmb210161.html
pmb210160,https://www.schnitzler-kultur.acdh.oeaw.ac.at/pmb210160.html
pmb210159,https://www.schnitzler-kultur.acdh.oeaw.ac.at/pmb210159.html
pmb210158,https://www.schnitzler-kultur.acdh.oeaw.ac.at/pmb210158.html
pmb210157,https://www.schnitzler-kultur.acdh.oeaw.ac.at/pmb210157.html
pmb210155,https://www.schnitzler-kultur.acdh.oeaw.ac.at/pmb210155.html
pmb210154,https://www.schnitzler-kultur.acdh.oeaw.ac.at/pmb210154.html
pmb210153,https://www.schnitzler-kultur.acdh.oeaw.ac.at/pmb210153.html
pmb210152,https://www.schnitzler-kultur.acdh.oeaw.ac.at/pmb210152.html
pmb210151,https://www.schnitzler-kultur.acdh.oeaw.ac.at/pmb210151.html
pmb210150,https://www.schnitzler-kultur.acdh.oeaw.ac.at/pmb210150.html
pmb210149,https://www.schnitzler-kultur.acdh.oeaw.ac.at/pmb210149.html
pmb210148,https://www.schnitzler-kultur.acdh.oeaw.ac.at/pmb210148.html
pmb210147,https://www.schnitzler-kultur.acdh.oeaw.ac.at/pmb210147.html
pmb210146,https://www.schnitzler-kultur.acdh.oeaw.ac.at/pmb210146.html
pmb210145,https://www.schnitzler-kultur.acdh.oeaw.ac.at/pmb210145.html
pmb210144,https://www.schnitzler-kultur.acdh.oeaw.ac.at/pmb210144.html
pmb210143,https://www.schnitzler-kultur.acdh.oeaw.ac.at/pmb210143.html
pmb210142,https://www.schnitzler-kultur.acdh.oeaw.ac.at/pmb210142.html
pmb210141,https://www.schnitzler-kultur.acdh.oeaw.ac.at/pmb210141.html
pmb210140,https://www.schnitzler-kultur.acdh.oeaw.ac.at/pmb210140.html
pmb210139,https://www.schnitzler-kultur.acdh.oeaw.ac.at/pmb210139.html
pmb210138,https://www.schnitzler-kultur.acdh.oeaw.ac.at/pmb210138.html
pmb210137,https://www.schnitzler-kultur.acdh.oeaw.ac.at/pmb210137.html
pmb210136,https://www.schnitzler-kultur.acdh.oeaw.ac.at/pmb210136.html
pmb210135,https://www.schnitzler-kultur.acdh.oeaw.ac.at/pmb210135.html
pmb210134,https://www.schnitzler-kultur.acdh.oeaw.ac.at/pmb210134.html
pmb210133,https://www.schnitzler-kultur.acdh.oeaw.ac.at/pmb210133.html
pmb210132,https://www.schnitzler-kultur.acdh.oeaw.ac.at/pmb210132.html
pmb210131,https://www.schnitzler-kultur.acdh.oeaw.ac.at/pmb210131.html
pmb210130,https://www.schnitzler-kultur.acdh.oeaw.ac.at/pmb210130.html
pmb210129,https://www.schnitzler-kultur.acdh.oeaw.ac.at/pmb210129.html
pmb210128,https://www.schnitzler-kultur.acdh.oeaw.ac.at/pmb210128.html
pmb210127,https://www.schnitzler-kultur.acdh.oeaw.ac.at/pmb210127.html
pmb210126,https://www.schnitzler-kultur.acdh.oeaw.ac.at/pmb210126.html
pmb210125,https://www.schnitzler-kultur.acdh.oeaw.ac.at/pmb210125.html
pmb210124,https://www.schnitzler-kultur.acdh.oeaw.ac.at/pmb210124.html
pmb210123,https://www.schnitzler-kultur.acdh.oeaw.ac.at/pmb210123.html
pmb210122,https://www.schnitzler-kultur.acdh.oeaw.ac.at/pmb210122.html
pmb210121,https://www.schnitzler-kultur.acdh.oeaw.ac.at/pmb210121.html
pmb210120,https://www.schnitzler-kultur.acdh.oeaw.ac.at/pmb210120.html
pmb210119,https://www.schnitzler-kultur.acdh.oeaw.ac.at/pmb210119.html
pmb210118,https://www.schnitzler-kultur.acdh.oeaw.ac.at/pmb210118.html
pmb210117,https://www.schnitzler-kultur.acdh.oeaw.ac.at/pmb210117.html
pmb210116,https://www.schnitzler-kultur.acdh.oeaw.ac.at/pmb210116.html
pmb210115,https://www.schnitzler-kultur.acdh.oeaw.ac.at/pmb210115.html
pmb210114,https://www.schnitzler-kultur.acdh.oeaw.ac.at/pmb210114.html
pmb210113,https://www.schnitzler-kultur.acdh.oeaw.ac.at/pmb210113.html
pmb210112,https://www.schnitzler-kultur.acdh.oeaw.ac.at/pmb210112.html
pmb210111,https://www.schnitzler-kultur.acdh.oeaw.ac.at/pmb210111.html
pmb210110,https://www.schnitzler-kultur.acdh.oeaw.ac.at/pmb210110.html
pmb210109,https://www.schnitzler-kultur.acdh.oeaw.ac.at/pmb210109.html
pmb210108,https://www.schnitzler-kultur.acdh.oeaw.ac.at/pmb210108.html
pmb210107,https://www.schnitzler-kultur.acdh.oeaw.ac.at/pmb210107.html
pmb210106,https://www.schnitzler-kultur.acdh.oeaw.ac.at/pmb210106.html
pmb210105,https://www.schnitzler-kultur.acdh.oeaw.ac.at/pmb210105.html
pmb210104,https://www.schnitzler-kultur.acdh.oeaw.ac.at/pmb210104.html
pmb210103,https://www.schnitzler-kultur.acdh.oeaw.ac.at/pmb210103.html
pmb210102,https://www.schnitzler-kultur.acdh.oeaw.ac.at/pmb210102.html
pmb210101,https://www.schnitzler-kultur.acdh.oeaw.ac.at/pmb210101.html
pmb210100,https://www.schnitzler-kultur.acdh.oeaw.ac.at/pmb210100.html
pmb210099,https://www.schnitzler-kultur.acdh.oeaw.ac.at/pmb210099.html
pmb210098,https://www.schnitzler-kultur.acdh.oeaw.ac.at/pmb210098.html
pmb210097,https://www.schnitzler-kultur.acdh.oeaw.ac.at/pmb210097.html
pmb210096,https://www.schnitzler-kultur.acdh.oeaw.ac.at/pmb210096.html
pmb210095,https://www.schnitzler-kultur.acdh.oeaw.ac.at/pmb210095.html
pmb210094,https://www.schnitzler-kultur.acdh.oeaw.ac.at/pmb210094.html
pmb210093,https://www.schnitzler-kultur.acdh.oeaw.ac.at/pmb210093.html
pmb210092,https://www.schnitzler-kultur.acdh.oeaw.ac.at/pmb210092.html
pmb210091,https://www.schnitzler-kultur.acdh.oeaw.ac.at/pmb210091.html
pmb210090,https://www.schnitzler-kultur.acdh.oeaw.ac.at/pmb210090.html
pmb210089,https://www.schnitzler-kultur.acdh.oeaw.ac.at/pmb210089.html
pmb210088,https://www.schnitzler-kultur.acdh.oeaw.ac.at/pmb210088.html
pmb210087,https://www.schnitzler-kultur.acdh.oeaw.ac.at/pmb210087.html
pmb210086,https://www.schnitzler-kultur.acdh.oeaw.ac.at/pmb210086.html
pmb210085,https://www.schnitzler-kultur.acdh.oeaw.ac.at/pmb210085.html
pmb210084,https://www.schnitzler-kultur.acdh.oeaw.ac.at/pmb210084.html
pmb210083,https://www.schnitzler-kultur.acdh.oeaw.ac.at/pmb210083.html
pmb210082,https://www.schnitzler-kultur.acdh.oeaw.ac.at/pmb210082.html
pmb210081,https://www.schnitzler-kultur.acdh.oeaw.ac.at/pmb210081.html
pmb210080,https://www.schnitzler-kultur.acdh.oeaw.ac.at/pmb210080.html
pmb210079,https://www.schnitzler-kultur.acdh.oeaw.ac.at/pmb210079.html
pmb210078,https://www.schnitzler-kultur.acdh.oeaw.ac.at/pmb210078.html
pmb210077,https://www.schnitzler-kultur.acdh.oeaw.ac.at/pmb210077.html
pmb210076,https://www.schnitzler-kultur.acdh.oeaw.ac.at/pmb210076.html
pmb210075,https://www.schnitzler-kultur.acdh.oeaw.ac.at/pmb210075.html
pmb210074,https://www.schnitzler-kultur.acdh.oeaw.ac.at/pmb210074.html
pmb210073,https://www.schnitzler-kultur.acdh.oeaw.ac.at/pmb210073.html
pmb210072,https://www.schnitzler-kultur.acdh.oeaw.ac.at/pmb210072.html
pmb210071,https://www.schnitzler-kultur.acdh.oeaw.ac.at/pmb210071.html
pmb210070,https://www.schnitzler-kultur.acdh.oeaw.ac.at/pmb210070.html
pmb210069,https://www.schnitzler-kultur.acdh.oeaw.ac.at/pmb210069.html
pmb210068,https://www.schnitzler-kultur.acdh.oeaw.ac.at/pmb210068.html
pmb210067,https://www.schnitzler-kultur.acdh.oeaw.ac.at/pmb210067.html
pmb210066,https://www.schnitzler-kultur.acdh.oeaw.ac.at/pmb210066.html
pmb210065,https://www.schnitzler-kultur.acdh.oeaw.ac.at/pmb210065.html
pmb210064,https://www.schnitzler-kultur.acdh.oeaw.ac.at/pmb210064.html
pmb210063,https://www.schnitzler-kultur.acdh.oeaw.ac.at/pmb210063.html
pmb210062,https://www.schnitzler-kultur.acdh.oeaw.ac.at/pmb210062.html
pmb210061,https://www.schnitzler-kultur.acdh.oeaw.ac.at/pmb210061.html
pmb210060,https://www.schnitzler-kultur.acdh.oeaw.ac.at/pmb210060.html
pmb210059,https://www.schnitzler-kultur.acdh.oeaw.ac.at/pmb210059.html
pmb210058,https://www.schnitzler-kultur.acdh.oeaw.ac.at/pmb210058.html
pmb210057,https://www.schnitzler-kultur.acdh.oeaw.ac.at/pmb210057.html
pmb210056,https://www.schnitzler-kultur.acdh.oeaw.ac.at/pmb210056.html
pmb210054,https://www.schnitzler-kultur.acdh.oeaw.ac.at/pmb210054.html
pmb210053,https://www.schnitzler-kultur.acdh.oeaw.ac.at/pmb210053.html
pmb210052,https://www.schnitzler-kultur.acdh.oeaw.ac.at/pmb210052.html
pmb210051,https://www.schnitzler-kultur.acdh.oeaw.ac.at/pmb210051.html
pmb210050,https://www.schnitzler-kultur.acdh.oeaw.ac.at/pmb210050.html
pmb210049,https://www.schnitzler-kultur.acdh.oeaw.ac.at/pmb210049.html
pmb210048,https://www.schnitzler-kultur.acdh.oeaw.ac.at/pmb210048.html
pmb210047,https://www.schnitzler-kultur.acdh.oeaw.ac.at/pmb210047.html
pmb210046,https://www.schnitzler-kultur.acdh.oeaw.ac.at/pmb210046.html
pmb210045,https://www.schnitzler-kultur.acdh.oeaw.ac.at/pmb210045.html
pmb210044,https://www.schnitzler-kultur.acdh.oeaw.ac.at/pmb210044.html
pmb210043,https://www.schnitzler-kultur.acdh.oeaw.ac.at/pmb210043.html
pmb210042,https://www.schnitzler-kultur.acdh.oeaw.ac.at/pmb210042.html
pmb210041,https://www.schnitzler-kultur.acdh.oeaw.ac.at/pmb210041.html
pmb210040,https://www.schnitzler-kultur.acdh.oeaw.ac.at/pmb210040.html
pmb210039,https://www.schnitzler-kultur.acdh.oeaw.ac.at/pmb210039.html
pmb210038,https://www.schnitzler-kultur.acdh.oeaw.ac.at/pmb210038.html
pmb210037,https://www.schnitzler-kultur.acdh.oeaw.ac.at/pmb210037.html
pmb210036,https://www.schnitzler-kultur.acdh.oeaw.ac.at/pmb210036.html
pmb210035,https://www.schnitzler-kultur.acdh.oeaw.ac.at/pmb210035.html
pmb210034,https://www.schnitzler-kultur.acdh.oeaw.ac.at/pmb210034.html
pmb210033,https://www.schnitzler-kultur.acdh.oeaw.ac.at/pmb210033.html
pmb210032,https://www.schnitzler-kultur.acdh.oeaw.ac.at/pmb210032.html
pmb210031,https://www.schnitzler-kultur.acdh.oeaw.ac.at/pmb210031.html
pmb210030,https://www.schnitzler-kultur.acdh.oeaw.ac.at/pmb210030.html
pmb210029,https://www.schnitzler-kultur.acdh.oeaw.ac.at/pmb210029.html
pmb210028,https://www.schnitzler-kultur.acdh.oeaw.ac.at/pmb210028.html
pmb210027,https://www.schnitzler-kultur.acdh.oeaw.ac.at/pmb210027.html
pmb210026,https://www.schnitzler-kultur.acdh.oeaw.ac.at/pmb210026.html
pmb210025,https://www.schnitzler-kultur.acdh.oeaw.ac.at/pmb210025.html
pmb210024,https://www.schnitzler-kultur.acdh.oeaw.ac.at/pmb210024.html
pmb210023,https://www.schnitzler-kultur.acdh.oeaw.ac.at/pmb210023.html
pmb210022,https://www.schnitzler-kultur.acdh.oeaw.ac.at/pmb210022.html
pmb210021,https://www.schnitzler-kultur.acdh.oeaw.ac.at/pmb210021.html
pmb210020,https://www.schnitzler-kultur.acdh.oeaw.ac.at/pmb210020.html
pmb210019,https://www.schnitzler-kultur.acdh.oeaw.ac.at/pmb210019.html
pmb210018,https://www.schnitzler-kultur.acdh.oeaw.ac.at/pmb210018.html
pmb210017,https://www.schnitzler-kultur.acdh.oeaw.ac.at/pmb210017.html
pmb210016,https://www.schnitzler-kultur.acdh.oeaw.ac.at/pmb210016.html
pmb210015,https://www.schnitzler-kultur.acdh.oeaw.ac.at/pmb210015.html
pmb210014,https://www.schnitzler-kultur.acdh.oeaw.ac.at/pmb210014.html
pmb210013,https://www.schnitzler-kultur.acdh.oeaw.ac.at/pmb210013.html
pmb210012,https://www.schnitzler-kultur.acdh.oeaw.ac.at/pmb210012.html
pmb210011,https://www.schnitzler-kultur.acdh.oeaw.ac.at/pmb210011.html
pmb210010,https://www.schnitzler-kultur.acdh.oeaw.ac.at/pmb210010.html
pmb210009,https://www.schnitzler-kultur.acdh.oeaw.ac.at/pmb210009.html
pmb210008,https://www.schnitzler-kultur.acdh.oeaw.ac.at/pmb210008.html
pmb210007,https://www.schnitzler-kultur.acdh.oeaw.ac.at/pmb210007.html
pmb210006,https://www.schnitzler-kultur.acdh.oeaw.ac.at/pmb210006.html
pmb210005,https://www.schnitzler-kultur.acdh.oeaw.ac.at/pmb210005.html
pmb210004,https://www.schnitzler-kultur.acdh.oeaw.ac.at/pmb210004.html
pmb210003,https://www.schnitzler-kultur.acdh.oeaw.ac.at/pmb210003.html
pmb210002,https://www.schnitzler-kultur.acdh.oeaw.ac.at/pmb210002.html
pmb210001,https://www.schnitzler-kultur.acdh.oeaw.ac.at/pmb210001.html
pmb210000,https://www.schnitzler-kultur.acdh.oeaw.ac.at/pmb210000.html
pmb209999,https://www.schnitzler-kultur.acdh.oeaw.ac.at/pmb209999.html
pmb209998,https://www.schnitzler-kultur.acdh.oeaw.ac.at/pmb209998.html
pmb209997,https://www.schnitzler-kultur.acdh.oeaw.ac.at/pmb209997.html
pmb209996,https://www.schnitzler-kultur.acdh.oeaw.ac.at/pmb209996.html
pmb209995,https://www.schnitzler-kultur.acdh.oeaw.ac.at/pmb209995.html
pmb209994,https://www.schnitzler-kultur.acdh.oeaw.ac.at/pmb209994.html
pmb209993,https://www.schnitzler-kultur.acdh.oeaw.ac.at/pmb209993.html
pmb209992,https://www.schnitzler-kultur.acdh.oeaw.ac.at/pmb209992.html
pmb209991,https://www.schnitzler-kultur.acdh.oeaw.ac.at/pmb209991.html
pmb209990,https://www.schnitzler-kultur.acdh.oeaw.ac.at/pmb209990.html
pmb209989,https://www.schnitzler-kultur.acdh.oeaw.ac.at/pmb209989.html
pmb209988,https://www.schnitzler-kultur.acdh.oeaw.ac.at/pmb209988.html
pmb209987,https://www.schnitzler-kultur.acdh.oeaw.ac.at/pmb209987.html
pmb209986,https://www.schnitzler-kultur.acdh.oeaw.ac.at/pmb209986.html
pmb209985,https://www.schnitzler-kultur.acdh.oeaw.ac.at/pmb209985.html
pmb209984,https://www.schnitzler-kultur.acdh.oeaw.ac.at/pmb209984.html
pmb209983,https://www.schnitzler-kultur.acdh.oeaw.ac.at/pmb209983.html
pmb209982,https://www.schnitzler-kultur.acdh.oeaw.ac.at/pmb209982.html
pmb209981,https://www.schnitzler-kultur.acdh.oeaw.ac.at/pmb209981.html
pmb209980,https://www.schnitzler-kultur.acdh.oeaw.ac.at/pmb209980.html
pmb209979,https://www.schnitzler-kultur.acdh.oeaw.ac.at/pmb209979.html
pmb209978,https://www.schnitzler-kultur.acdh.oeaw.ac.at/pmb209978.html
pmb209977,https://www.schnitzler-kultur.acdh.oeaw.ac.at/pmb209977.html
pmb209976,https://www.schnitzler-kultur.acdh.oeaw.ac.at/pmb209976.html
pmb209975,https://www.schnitzler-kultur.acdh.oeaw.ac.at/pmb209975.html
pmb209974,https://www.schnitzler-kultur.acdh.oeaw.ac.at/pmb209974.html
pmb209973,https://www.schnitzler-kultur.acdh.oeaw.ac.at/pmb209973.html
pmb209972,https://www.schnitzler-kultur.acdh.oeaw.ac.at/pmb209972.html
pmb209971,https://www.schnitzler-kultur.acdh.oeaw.ac.at/pmb209971.html
pmb209970,https://www.schnitzler-kultur.acdh.oeaw.ac.at/pmb209970.html
pmb209969,https://www.schnitzler-kultur.acdh.oeaw.ac.at/pmb209969.html
pmb209968,https://www.schnitzler-kultur.acdh.oeaw.ac.at/pmb209968.html
pmb209967,https://www.schnitzler-kultur.acdh.oeaw.ac.at/pmb209967.html
pmb209966,https://www.schnitzler-kultur.acdh.oeaw.ac.at/pmb209966.html
pmb209965,https://www.schnitzler-kultur.acdh.oeaw.ac.at/pmb209965.html
pmb209964,https://www.schnitzler-kultur.acdh.oeaw.ac.at/pmb209964.html
pmb209963,https://www.schnitzler-kultur.acdh.oeaw.ac.at/pmb209963.html
pmb209962,https://www.schnitzler-kultur.acdh.oeaw.ac.at/pmb209962.html
pmb209961,https://www.schnitzler-kultur.acdh.oeaw.ac.at/pmb209961.html
pmb209960,https://www.schnitzler-kultur.acdh.oeaw.ac.at/pmb209960.html
pmb209959,https://www.schnitzler-kultur.acdh.oeaw.ac.at/pmb209959.html
pmb209958,https://www.schnitzler-kultur.acdh.oeaw.ac.at/pmb209958.html
pmb209957,https://www.schnitzler-kultur.acdh.oeaw.ac.at/pmb209957.html
pmb209956,https://www.schnitzler-kultur.acdh.oeaw.ac.at/pmb209956.html
pmb209955,https://www.schnitzler-kultur.acdh.oeaw.ac.at/pmb209955.html
pmb209954,https://www.schnitzler-kultur.acdh.oeaw.ac.at/pmb209954.html
pmb209953,https://www.schnitzler-kultur.acdh.oeaw.ac.at/pmb209953.html
pmb209952,https://www.schnitzler-kultur.acdh.oeaw.ac.at/pmb209952.html
pmb209951,https://www.schnitzler-kultur.acdh.oeaw.ac.at/pmb209951.html
pmb209950,https://www.schnitzler-kultur.acdh.oeaw.ac.at/pmb209950.html
pmb209949,https://www.schnitzler-kultur.acdh.oeaw.ac.at/pmb209949.html
pmb209948,https://www.schnitzler-kultur.acdh.oeaw.ac.at/pmb209948.html
pmb209947,https://www.schnitzler-kultur.acdh.oeaw.ac.at/pmb209947.html
pmb209946,https://www.schnitzler-kultur.acdh.oeaw.ac.at/pmb209946.html
pmb209945,https://www.schnitzler-kultur.acdh.oeaw.ac.at/pmb209945.html
pmb209944,https://www.schnitzler-kultur.acdh.oeaw.ac.at/pmb209944.html
pmb209943,https://www.schnitzler-kultur.acdh.oeaw.ac.at/pmb209943.html
pmb209942,https://www.schnitzler-kultur.acdh.oeaw.ac.at/pmb209942.html
pmb209941,https://www.schnitzler-kultur.acdh.oeaw.ac.at/pmb209941.html
pmb209940,https://www.schnitzler-kultur.acdh.oeaw.ac.at/pmb209940.html
pmb209939,https://www.schnitzler-kultur.acdh.oeaw.ac.at/pmb209939.html
pmb209938,https://www.schnitzler-kultur.acdh.oeaw.ac.at/pmb209938.html
pmb209937,https://www.schnitzler-kultur.acdh.oeaw.ac.at/pmb209937.html
pmb209936,https://www.schnitzler-kultur.acdh.oeaw.ac.at/pmb209936.html
pmb209935,https://www.schnitzler-kultur.acdh.oeaw.ac.at/pmb209935.html
pmb209934,https://www.schnitzler-kultur.acdh.oeaw.ac.at/pmb209934.html
pmb209933,https://www.schnitzler-kultur.acdh.oeaw.ac.at/pmb209933.html
pmb209931,https://www.schnitzler-kultur.acdh.oeaw.ac.at/pmb209931.html
pmb209930,https://www.schnitzler-kultur.acdh.oeaw.ac.at/pmb209930.html
pmb209929,https://www.schnitzler-kultur.acdh.oeaw.ac.at/pmb209929.html
pmb209928,https://www.schnitzler-kultur.acdh.oeaw.ac.at/pmb209928.html
pmb209927,https://www.schnitzler-kultur.acdh.oeaw.ac.at/pmb209927.html
pmb209926,https://www.schnitzler-kultur.acdh.oeaw.ac.at/pmb209926.html
pmb209925,https://www.schnitzler-kultur.acdh.oeaw.ac.at/pmb209925.html
pmb209924,https://www.schnitzler-kultur.acdh.oeaw.ac.at/pmb209924.html
pmb209923,https://www.schnitzler-kultur.acdh.oeaw.ac.at/pmb209923.html
pmb209922,https://www.schnitzler-kultur.acdh.oeaw.ac.at/pmb209922.html
pmb209921,https://www.schnitzler-kultur.acdh.oeaw.ac.at/pmb209921.html
pmb209920,https://www.schnitzler-kultur.acdh.oeaw.ac.at/pmb209920.html
pmb209919,https://www.schnitzler-kultur.acdh.oeaw.ac.at/pmb209919.html
pmb209918,https://www.schnitzler-kultur.acdh.oeaw.ac.at/pmb209918.html
pmb209917,https://www.schnitzler-kultur.acdh.oeaw.ac.at/pmb209917.html
pmb209916,https://www.schnitzler-kultur.acdh.oeaw.ac.at/pmb209916.html
pmb209915,https://www.schnitzler-kultur.acdh.oeaw.ac.at/pmb209915.html
pmb209914,https://www.schnitzler-kultur.acdh.oeaw.ac.at/pmb209914.html
pmb209913,https://www.schnitzler-kultur.acdh.oeaw.ac.at/pmb209913.html
pmb209912,https://www.schnitzler-kultur.acdh.oeaw.ac.at/pmb209912.html
pmb209911,https://www.schnitzler-kultur.acdh.oeaw.ac.at/pmb209911.html
pmb209910,https://www.schnitzler-kultur.acdh.oeaw.ac.at/pmb209910.html
pmb209909,https://www.schnitzler-kultur.acdh.oeaw.ac.at/pmb209909.html
pmb209907,https://www.schnitzler-kultur.acdh.oeaw.ac.at/pmb209907.html
pmb209906,https://www.schnitzler-kultur.acdh.oeaw.ac.at/pmb209906.html
pmb209905,https://www.schnitzler-kultur.acdh.oeaw.ac.at/pmb209905.html
pmb209904,https://www.schnitzler-kultur.acdh.oeaw.ac.at/pmb209904.html
pmb209903,https://www.schnitzler-kultur.acdh.oeaw.ac.at/pmb209903.html
pmb209902,https://www.schnitzler-kultur.acdh.oeaw.ac.at/pmb209902.html
pmb209900,https://www.schnitzler-kultur.acdh.oeaw.ac.at/pmb209900.html
pmb209899,https://www.schnitzler-kultur.acdh.oeaw.ac.at/pmb209899.html
pmb209898,https://www.schnitzler-kultur.acdh.oeaw.ac.at/pmb209898.html
pmb209897,https://www.schnitzler-kultur.acdh.oeaw.ac.at/pmb209897.html
pmb209896,https://www.schnitzler-kultur.acdh.oeaw.ac.at/pmb209896.html
pmb209895,https://www.schnitzler-kultur.acdh.oeaw.ac.at/pmb209895.html
pmb209894,https://www.schnitzler-kultur.acdh.oeaw.ac.at/pmb209894.html
pmb209893,https://www.schnitzler-kultur.acdh.oeaw.ac.at/pmb209893.html
pmb209892,https://www.schnitzler-kultur.acdh.oeaw.ac.at/pmb209892.html
pmb209891,https://www.schnitzler-kultur.acdh.oeaw.ac.at/pmb209891.html
pmb209889,https://www.schnitzler-kultur.acdh.oeaw.ac.at/pmb209889.html
pmb209888,https://www.schnitzler-kultur.acdh.oeaw.ac.at/pmb209888.html
pmb209887,https://www.schnitzler-kultur.acdh.oeaw.ac.at/pmb209887.html
pmb209886,https://www.schnitzler-kultur.acdh.oeaw.ac.at/pmb209886.html
pmb209885,https://www.schnitzler-kultur.acdh.oeaw.ac.at/pmb209885.html
pmb209884,https://www.schnitzler-kultur.acdh.oeaw.ac.at/pmb209884.html
pmb209883,https://www.schnitzler-kultur.acdh.oeaw.ac.at/pmb209883.html
pmb209882,https://www.schnitzler-kultur.acdh.oeaw.ac.at/pmb209882.html
pmb209881,https://www.schnitzler-kultur.acdh.oeaw.ac.at/pmb209881.html
pmb209880,https://www.schnitzler-kultur.acdh.oeaw.ac.at/pmb209880.html
pmb209879,https://www.schnitzler-kultur.acdh.oeaw.ac.at/pmb209879.html
pmb209878,https://www.schnitzler-kultur.acdh.oeaw.ac.at/pmb209878.html
pmb209877,https://www.schnitzler-kultur.acdh.oeaw.ac.at/pmb209877.html
pmb209876,https://www.schnitzler-kultur.acdh.oeaw.ac.at/pmb209876.html
pmb209875,https://www.schnitzler-kultur.acdh.oeaw.ac.at/pmb209875.html
pmb209874,https://www.schnitzler-kultur.acdh.oeaw.ac.at/pmb209874.html
pmb209873,https://www.schnitzler-kultur.acdh.oeaw.ac.at/pmb209873.html
pmb209872,https://www.schnitzler-kultur.acdh.oeaw.ac.at/pmb209872.html
pmb209871,https://www.schnitzler-kultur.acdh.oeaw.ac.at/pmb209871.html
pmb209870,https://www.schnitzler-kultur.acdh.oeaw.ac.at/pmb209870.html
pmb209869,https://www.schnitzler-kultur.acdh.oeaw.ac.at/pmb209869.html
pmb209868,https://www.schnitzler-kultur.acdh.oeaw.ac.at/pmb209868.html
pmb209867,https://www.schnitzler-kultur.acdh.oeaw.ac.at/pmb209867.html
pmb209866,https://www.schnitzler-kultur.acdh.oeaw.ac.at/pmb209866.html
pmb209865,https://www.schnitzler-kultur.acdh.oeaw.ac.at/pmb209865.html
pmb209864,https://www.schnitzler-kultur.acdh.oeaw.ac.at/pmb209864.html
pmb209863,https://www.schnitzler-kultur.acdh.oeaw.ac.at/pmb209863.html
pmb209862,https://www.schnitzler-kultur.acdh.oeaw.ac.at/pmb209862.html
pmb209861,https://www.schnitzler-kultur.acdh.oeaw.ac.at/pmb209861.html
pmb209860,https://www.schnitzler-kultur.acdh.oeaw.ac.at/pmb209860.html
pmb209859,https://www.schnitzler-kultur.acdh.oeaw.ac.at/pmb209859.html
pmb209858,https://www.schnitzler-kultur.acdh.oeaw.ac.at/pmb209858.html
pmb209857,https://www.schnitzler-kultur.acdh.oeaw.ac.at/pmb209857.html
pmb209856,https://www.schnitzler-kultur.acdh.oeaw.ac.at/pmb209856.html
pmb209855,https://www.schnitzler-kultur.acdh.oeaw.ac.at/pmb209855.html
pmb209853,https://www.schnitzler-kultur.acdh.oeaw.ac.at/pmb209853.html
pmb209852,https://www.schnitzler-kultur.acdh.oeaw.ac.at/pmb209852.html
pmb209851,https://www.schnitzler-kultur.acdh.oeaw.ac.at/pmb209851.html
pmb209850,https://www.schnitzler-kultur.acdh.oeaw.ac.at/pmb209850.html
pmb209849,https://www.schnitzler-kultur.acdh.oeaw.ac.at/pmb209849.html
pmb209848,https://www.schnitzler-kultur.acdh.oeaw.ac.at/pmb209848.html
pmb209847,https://www.schnitzler-kultur.acdh.oeaw.ac.at/pmb209847.html
pmb209846,https://www.schnitzler-kultur.acdh.oeaw.ac.at/pmb209846.html
pmb209845,https://www.schnitzler-kultur.acdh.oeaw.ac.at/pmb209845.html
pmb209844,https://www.schnitzler-kultur.acdh.oeaw.ac.at/pmb209844.html
pmb209843,https://www.schnitzler-kultur.acdh.oeaw.ac.at/pmb209843.html
pmb209842,https://www.schnitzler-kultur.acdh.oeaw.ac.at/pmb209842.html
pmb209841,https://www.schnitzler-kultur.acdh.oeaw.ac.at/pmb209841.html
pmb209840,https://www.schnitzler-kultur.acdh.oeaw.ac.at/pmb209840.html
pmb209839,https://www.schnitzler-kultur.acdh.oeaw.ac.at/pmb209839.html
pmb209838,https://www.schnitzler-kultur.acdh.oeaw.ac.at/pmb209838.html
pmb209837,https://www.schnitzler-kultur.acdh.oeaw.ac.at/pmb209837.html
pmb209836,https://www.schnitzler-kultur.acdh.oeaw.ac.at/pmb209836.html
pmb209835,https://www.schnitzler-kultur.acdh.oeaw.ac.at/pmb209835.html
pmb209834,https://www.schnitzler-kultur.acdh.oeaw.ac.at/pmb209834.html
pmb209833,https://www.schnitzler-kultur.acdh.oeaw.ac.at/pmb209833.html
pmb209832,https://www.schnitzler-kultur.acdh.oeaw.ac.at/pmb209832.html
pmb209831,https://www.schnitzler-kultur.acdh.oeaw.ac.at/pmb209831.html
pmb209830,https://www.schnitzler-kultur.acdh.oeaw.ac.at/pmb209830.html
pmb209828,https://www.schnitzler-kultur.acdh.oeaw.ac.at/pmb209828.html
pmb209827,https://www.schnitzler-kultur.acdh.oeaw.ac.at/pmb209827.html
pmb209826,https://www.schnitzler-kultur.acdh.oeaw.ac.at/pmb209826.html
pmb209825,https://www.schnitzler-kultur.acdh.oeaw.ac.at/pmb209825.html
pmb209824,https://www.schnitzler-kultur.acdh.oeaw.ac.at/pmb209824.html
pmb209823,https://www.schnitzler-kultur.acdh.oeaw.ac.at/pmb209823.html
pmb209822,https://www.schnitzler-kultur.acdh.oeaw.ac.at/pmb209822.html
pmb209821,https://www.schnitzler-kultur.acdh.oeaw.ac.at/pmb209821.html
pmb209820,https://www.schnitzler-kultur.acdh.oeaw.ac.at/pmb209820.html
pmb209819,https://www.schnitzler-kultur.acdh.oeaw.ac.at/pmb209819.html
pmb209818,https://www.schnitzler-kultur.acdh.oeaw.ac.at/pmb209818.html
pmb209817,https://www.schnitzler-kultur.acdh.oeaw.ac.at/pmb209817.html
pmb209816,https://www.schnitzler-kultur.acdh.oeaw.ac.at/pmb209816.html
pmb209815,https://www.schnitzler-kultur.acdh.oeaw.ac.at/pmb209815.html
pmb209814,https://www.schnitzler-kultur.acdh.oeaw.ac.at/pmb209814.html
pmb209813,https://www.schnitzler-kultur.acdh.oeaw.ac.at/pmb209813.html
pmb209812,https://www.schnitzler-kultur.acdh.oeaw.ac.at/pmb209812.html
pmb209811,https://www.schnitzler-kultur.acdh.oeaw.ac.at/pmb209811.html
pmb209810,https://www.schnitzler-kultur.acdh.oeaw.ac.at/pmb209810.html
pmb209809,https://www.schnitzler-kultur.acdh.oeaw.ac.at/pmb209809.html
pmb209808,https://www.schnitzler-kultur.acdh.oeaw.ac.at/pmb209808.html
pmb209807,https://www.schnitzler-kultur.acdh.oeaw.ac.at/pmb209807.html
pmb209806,https://www.schnitzler-kultur.acdh.oeaw.ac.at/pmb209806.html
pmb209805,https://www.schnitzler-kultur.acdh.oeaw.ac.at/pmb209805.html
pmb209804,https://www.schnitzler-kultur.acdh.oeaw.ac.at/pmb209804.html
pmb209803,https://www.schnitzler-kultur.acdh.oeaw.ac.at/pmb209803.html
pmb209802,https://www.schnitzler-kultur.acdh.oeaw.ac.at/pmb209802.html
pmb209801,https://www.schnitzler-kultur.acdh.oeaw.ac.at/pmb209801.html
pmb209800,https://www.schnitzler-kultur.acdh.oeaw.ac.at/pmb209800.html
pmb209799,https://www.schnitzler-kultur.acdh.oeaw.ac.at/pmb209799.html
pmb209798,https://www.schnitzler-kultur.acdh.oeaw.ac.at/pmb209798.html
pmb209797,https://www.schnitzler-kultur.acdh.oeaw.ac.at/pmb209797.html
pmb209796,https://www.schnitzler-kultur.acdh.oeaw.ac.at/pmb209796.html
pmb209795,https://www.schnitzler-kultur.acdh.oeaw.ac.at/pmb209795.html
pmb209794,https://www.schnitzler-kultur.acdh.oeaw.ac.at/pmb209794.html
pmb209793,https://www.schnitzler-kultur.acdh.oeaw.ac.at/pmb209793.html
pmb209792,https://www.schnitzler-kultur.acdh.oeaw.ac.at/pmb209792.html
pmb209791,https://www.schnitzler-kultur.acdh.oeaw.ac.at/pmb209791.html
pmb209790,https://www.schnitzler-kultur.acdh.oeaw.ac.at/pmb209790.html
pmb209788,https://www.schnitzler-kultur.acdh.oeaw.ac.at/pmb209788.html
pmb209787,https://www.schnitzler-kultur.acdh.oeaw.ac.at/pmb209787.html
pmb209786,https://www.schnitzler-kultur.acdh.oeaw.ac.at/pmb209786.html
pmb209785,https://www.schnitzler-kultur.acdh.oeaw.ac.at/pmb209785.html
pmb209784,https://www.schnitzler-kultur.acdh.oeaw.ac.at/pmb209784.html
pmb209783,https://www.schnitzler-kultur.acdh.oeaw.ac.at/pmb209783.html
pmb209782,https://www.schnitzler-kultur.acdh.oeaw.ac.at/pmb209782.html
pmb209781,https://www.schnitzler-kultur.acdh.oeaw.ac.at/pmb209781.html
pmb209780,https://www.schnitzler-kultur.acdh.oeaw.ac.at/pmb209780.html
pmb209779,https://www.schnitzler-kultur.acdh.oeaw.ac.at/pmb209779.html
pmb209778,https://www.schnitzler-kultur.acdh.oeaw.ac.at/pmb209778.html
pmb209777,https://www.schnitzler-kultur.acdh.oeaw.ac.at/pmb209777.html
pmb209776,https://www.schnitzler-kultur.acdh.oeaw.ac.at/pmb209776.html
pmb209775,https://www.schnitzler-kultur.acdh.oeaw.ac.at/pmb209775.html
pmb209774,https://www.schnitzler-kultur.acdh.oeaw.ac.at/pmb209774.html
pmb209773,https://www.schnitzler-kultur.acdh.oeaw.ac.at/pmb209773.html
pmb209772,https://www.schnitzler-kultur.acdh.oeaw.ac.at/pmb209772.html
pmb209771,https://www.schnitzler-kultur.acdh.oeaw.ac.at/pmb209771.html
pmb209770,https://www.schnitzler-kultur.acdh.oeaw.ac.at/pmb209770.html
pmb209769,https://www.schnitzler-kultur.acdh.oeaw.ac.at/pmb209769.html
pmb209768,https://www.schnitzler-kultur.acdh.oeaw.ac.at/pmb209768.html
pmb209767,https://www.schnitzler-kultur.acdh.oeaw.ac.at/pmb209767.html
pmb209766,https://www.schnitzler-kultur.acdh.oeaw.ac.at/pmb209766.html
pmb209764,https://www.schnitzler-kultur.acdh.oeaw.ac.at/pmb209764.html
pmb209763,https://www.schnitzler-kultur.acdh.oeaw.ac.at/pmb209763.html
pmb209762,https://www.schnitzler-kultur.acdh.oeaw.ac.at/pmb209762.html
pmb209761,https://www.schnitzler-kultur.acdh.oeaw.ac.at/pmb209761.html
pmb209760,https://www.schnitzler-kultur.acdh.oeaw.ac.at/pmb209760.html
pmb209759,https://www.schnitzler-kultur.acdh.oeaw.ac.at/pmb209759.html
pmb209758,https://www.schnitzler-kultur.acdh.oeaw.ac.at/pmb209758.html
pmb209757,https://www.schnitzler-kultur.acdh.oeaw.ac.at/pmb209757.html
pmb209756,https://www.schnitzler-kultur.acdh.oeaw.ac.at/pmb209756.html
pmb209755,https://www.schnitzler-kultur.acdh.oeaw.ac.at/pmb209755.html
pmb209754,https://www.schnitzler-kultur.acdh.oeaw.ac.at/pmb209754.html
pmb209753,https://www.schnitzler-kultur.acdh.oeaw.ac.at/pmb209753.html
pmb209752,https://www.schnitzler-kultur.acdh.oeaw.ac.at/pmb209752.html
pmb209751,https://www.schnitzler-kultur.acdh.oeaw.ac.at/pmb209751.html
pmb209749,https://www.schnitzler-kultur.acdh.oeaw.ac.at/pmb209749.html
pmb209748,https://www.schnitzler-kultur.acdh.oeaw.ac.at/pmb209748.html
pmb209747,https://www.schnitzler-kultur.acdh.oeaw.ac.at/pmb209747.html
pmb209746,https://www.schnitzler-kultur.acdh.oeaw.ac.at/pmb209746.html
pmb209745,https://www.schnitzler-kultur.acdh.oeaw.ac.at/pmb209745.html
pmb209744,https://www.schnitzler-kultur.acdh.oeaw.ac.at/pmb209744.html
pmb209743,https://www.schnitzler-kultur.acdh.oeaw.ac.at/pmb209743.html
pmb209742,https://www.schnitzler-kultur.acdh.oeaw.ac.at/pmb209742.html
pmb209741,https://www.schnitzler-kultur.acdh.oeaw.ac.at/pmb209741.html
pmb209740,https://www.schnitzler-kultur.acdh.oeaw.ac.at/pmb209740.html
pmb209739,https://www.schnitzler-kultur.acdh.oeaw.ac.at/pmb209739.html
pmb209738,https://www.schnitzler-kultur.acdh.oeaw.ac.at/pmb209738.html
pmb209737,https://www.schnitzler-kultur.acdh.oeaw.ac.at/pmb209737.html
pmb209736,https://www.schnitzler-kultur.acdh.oeaw.ac.at/pmb209736.html
pmb209735,https://www.schnitzler-kultur.acdh.oeaw.ac.at/pmb209735.html
pmb209734,https://www.schnitzler-kultur.acdh.oeaw.ac.at/pmb209734.html
pmb209733,https://www.schnitzler-kultur.acdh.oeaw.ac.at/pmb209733.html
pmb209732,https://www.schnitzler-kultur.acdh.oeaw.ac.at/pmb209732.html
pmb209731,https://www.schnitzler-kultur.acdh.oeaw.ac.at/pmb209731.html
pmb209730,https://www.schnitzler-kultur.acdh.oeaw.ac.at/pmb209730.html
pmb209729,https://www.schnitzler-kultur.acdh.oeaw.ac.at/pmb209729.html
pmb209728,https://www.schnitzler-kultur.acdh.oeaw.ac.at/pmb209728.html
pmb209727,https://www.schnitzler-kultur.acdh.oeaw.ac.at/pmb209727.html
pmb209726,https://www.schnitzler-kultur.acdh.oeaw.ac.at/pmb209726.html
pmb209725,https://www.schnitzler-kultur.acdh.oeaw.ac.at/pmb209725.html
pmb209724,https://www.schnitzler-kultur.acdh.oeaw.ac.at/pmb209724.html
pmb209723,https://www.schnitzler-kultur.acdh.oeaw.ac.at/pmb209723.html
pmb209722,https://www.schnitzler-kultur.acdh.oeaw.ac.at/pmb209722.html
pmb209721,https://www.schnitzler-kultur.acdh.oeaw.ac.at/pmb209721.html
pmb209720,https://www.schnitzler-kultur.acdh.oeaw.ac.at/pmb209720.html
pmb209719,https://www.schnitzler-kultur.acdh.oeaw.ac.at/pmb209719.html
pmb209718,https://www.schnitzler-kultur.acdh.oeaw.ac.at/pmb209718.html
pmb209717,https://www.schnitzler-kultur.acdh.oeaw.ac.at/pmb209717.html
pmb209716,https://www.schnitzler-kultur.acdh.oeaw.ac.at/pmb209716.html
pmb209715,https://www.schnitzler-kultur.acdh.oeaw.ac.at/pmb209715.html
pmb209714,https://www.schnitzler-kultur.acdh.oeaw.ac.at/pmb209714.html
pmb209713,https://www.schnitzler-kultur.acdh.oeaw.ac.at/pmb209713.html
pmb209712,https://www.schnitzler-kultur.acdh.oeaw.ac.at/pmb209712.html
pmb209711,https://www.schnitzler-kultur.acdh.oeaw.ac.at/pmb209711.html
pmb209710,https://www.schnitzler-kultur.acdh.oeaw.ac.at/pmb209710.html
pmb209709,https://www.schnitzler-kultur.acdh.oeaw.ac.at/pmb209709.html
pmb209708,https://www.schnitzler-kultur.acdh.oeaw.ac.at/pmb209708.html
pmb209707,https://www.schnitzler-kultur.acdh.oeaw.ac.at/pmb209707.html
pmb209706,https://www.schnitzler-kultur.acdh.oeaw.ac.at/pmb209706.html
pmb209705,https://www.schnitzler-kultur.acdh.oeaw.ac.at/pmb209705.html
pmb209704,https://www.schnitzler-kultur.acdh.oeaw.ac.at/pmb209704.html
pmb209703,https://www.schnitzler-kultur.acdh.oeaw.ac.at/pmb209703.html
pmb209702,https://www.schnitzler-kultur.acdh.oeaw.ac.at/pmb209702.html
pmb209701,https://www.schnitzler-kultur.acdh.oeaw.ac.at/pmb209701.html
pmb209700,https://www.schnitzler-kultur.acdh.oeaw.ac.at/pmb209700.html
pmb209699,https://www.schnitzler-kultur.acdh.oeaw.ac.at/pmb209699.html
pmb209698,https://www.schnitzler-kultur.acdh.oeaw.ac.at/pmb209698.html
pmb209697,https://www.schnitzler-kultur.acdh.oeaw.ac.at/pmb209697.html
pmb209696,https://www.schnitzler-kultur.acdh.oeaw.ac.at/pmb209696.html
pmb209695,https://www.schnitzler-kultur.acdh.oeaw.ac.at/pmb209695.html
pmb209694,https://www.schnitzler-kultur.acdh.oeaw.ac.at/pmb209694.html
pmb209693,https://www.schnitzler-kultur.acdh.oeaw.ac.at/pmb209693.html
pmb209692,https://www.schnitzler-kultur.acdh.oeaw.ac.at/pmb209692.html
pmb209691,https://www.schnitzler-kultur.acdh.oeaw.ac.at/pmb209691.html
pmb209690,https://www.schnitzler-kultur.acdh.oeaw.ac.at/pmb209690.html
pmb209689,https://www.schnitzler-kultur.acdh.oeaw.ac.at/pmb209689.html
pmb209688,https://www.schnitzler-kultur.acdh.oeaw.ac.at/pmb209688.html
pmb209687,https://www.schnitzler-kultur.acdh.oeaw.ac.at/pmb209687.html
pmb209686,https://www.schnitzler-kultur.acdh.oeaw.ac.at/pmb209686.html
pmb209685,https://www.schnitzler-kultur.acdh.oeaw.ac.at/pmb209685.html
pmb209684,https://www.schnitzler-kultur.acdh.oeaw.ac.at/pmb209684.html
pmb209683,https://www.schnitzler-kultur.acdh.oeaw.ac.at/pmb209683.html
pmb209682,https://www.schnitzler-kultur.acdh.oeaw.ac.at/pmb209682.html
pmb209681,https://www.schnitzler-kultur.acdh.oeaw.ac.at/pmb209681.html
pmb209680,https://www.schnitzler-kultur.acdh.oeaw.ac.at/pmb209680.html
pmb209679,https://www.schnitzler-kultur.acdh.oeaw.ac.at/pmb209679.html
pmb209678,https://www.schnitzler-kultur.acdh.oeaw.ac.at/pmb209678.html
pmb209677,https://www.schnitzler-kultur.acdh.oeaw.ac.at/pmb209677.html
pmb209676,https://www.schnitzler-kultur.acdh.oeaw.ac.at/pmb209676.html
pmb209675,https://www.schnitzler-kultur.acdh.oeaw.ac.at/pmb209675.html
pmb209674,https://www.schnitzler-kultur.acdh.oeaw.ac.at/pmb209674.html
pmb209673,https://www.schnitzler-kultur.acdh.oeaw.ac.at/pmb209673.html
pmb209672,https://www.schnitzler-kultur.acdh.oeaw.ac.at/pmb209672.html
pmb209671,https://www.schnitzler-kultur.acdh.oeaw.ac.at/pmb209671.html
pmb209670,https://www.schnitzler-kultur.acdh.oeaw.ac.at/pmb209670.html
pmb209669,https://www.schnitzler-kultur.acdh.oeaw.ac.at/pmb209669.html
pmb209668,https://www.schnitzler-kultur.acdh.oeaw.ac.at/pmb209668.html
pmb209667,https://www.schnitzler-kultur.acdh.oeaw.ac.at/pmb209667.html
pmb209666,https://www.schnitzler-kultur.acdh.oeaw.ac.at/pmb209666.html
pmb209665,https://www.schnitzler-kultur.acdh.oeaw.ac.at/pmb209665.html
pmb209664,https://www.schnitzler-kultur.acdh.oeaw.ac.at/pmb209664.html
pmb209663,https://www.schnitzler-kultur.acdh.oeaw.ac.at/pmb209663.html
pmb209662,https://www.schnitzler-kultur.acdh.oeaw.ac.at/pmb209662.html
pmb209661,https://www.schnitzler-kultur.acdh.oeaw.ac.at/pmb209661.html
pmb209660,https://www.schnitzler-kultur.acdh.oeaw.ac.at/pmb209660.html
pmb209659,https://www.schnitzler-kultur.acdh.oeaw.ac.at/pmb209659.html
pmb209658,https://www.schnitzler-kultur.acdh.oeaw.ac.at/pmb209658.html
pmb209657,https://www.schnitzler-kultur.acdh.oeaw.ac.at/pmb209657.html
pmb209656,https://www.schnitzler-kultur.acdh.oeaw.ac.at/pmb209656.html
pmb209655,https://www.schnitzler-kultur.acdh.oeaw.ac.at/pmb209655.html
pmb209654,https://www.schnitzler-kultur.acdh.oeaw.ac.at/pmb209654.html
pmb209653,https://www.schnitzler-kultur.acdh.oeaw.ac.at/pmb209653.html
pmb209652,https://www.schnitzler-kultur.acdh.oeaw.ac.at/pmb209652.html
pmb209651,https://www.schnitzler-kultur.acdh.oeaw.ac.at/pmb209651.html
pmb209650,https://www.schnitzler-kultur.acdh.oeaw.ac.at/pmb209650.html
pmb209649,https://www.schnitzler-kultur.acdh.oeaw.ac.at/pmb209649.html
pmb209648,https://www.schnitzler-kultur.acdh.oeaw.ac.at/pmb209648.html
pmb209646,https://www.schnitzler-kultur.acdh.oeaw.ac.at/pmb209646.html
pmb209645,https://www.schnitzler-kultur.acdh.oeaw.ac.at/pmb209645.html
pmb209644,https://www.schnitzler-kultur.acdh.oeaw.ac.at/pmb209644.html
pmb209643,https://www.schnitzler-kultur.acdh.oeaw.ac.at/pmb209643.html
pmb209642,https://www.schnitzler-kultur.acdh.oeaw.ac.at/pmb209642.html
pmb209641,https://www.schnitzler-kultur.acdh.oeaw.ac.at/pmb209641.html
pmb209640,https://www.schnitzler-kultur.acdh.oeaw.ac.at/pmb209640.html
pmb209639,https://www.schnitzler-kultur.acdh.oeaw.ac.at/pmb209639.html
pmb209638,https://www.schnitzler-kultur.acdh.oeaw.ac.at/pmb209638.html
pmb209637,https://www.schnitzler-kultur.acdh.oeaw.ac.at/pmb209637.html
pmb209636,https://www.schnitzler-kultur.acdh.oeaw.ac.at/pmb209636.html
pmb209635,https://www.schnitzler-kultur.acdh.oeaw.ac.at/pmb209635.html
pmb209634,https://www.schnitzler-kultur.acdh.oeaw.ac.at/pmb209634.html
pmb209633,https://www.schnitzler-kultur.acdh.oeaw.ac.at/pmb209633.html
pmb209632,https://www.schnitzler-kultur.acdh.oeaw.ac.at/pmb209632.html
pmb209631,https://www.schnitzler-kultur.acdh.oeaw.ac.at/pmb209631.html
pmb209630,https://www.schnitzler-kultur.acdh.oeaw.ac.at/pmb209630.html
pmb209629,https://www.schnitzler-kultur.acdh.oeaw.ac.at/pmb209629.html
pmb209628,https://www.schnitzler-kultur.acdh.oeaw.ac.at/pmb209628.html
pmb209627,https://www.schnitzler-kultur.acdh.oeaw.ac.at/pmb209627.html
pmb209626,https://www.schnitzler-kultur.acdh.oeaw.ac.at/pmb209626.html
pmb209625,https://www.schnitzler-kultur.acdh.oeaw.ac.at/pmb209625.html
pmb209624,https://www.schnitzler-kultur.acdh.oeaw.ac.at/pmb209624.html
pmb209623,https://www.schnitzler-kultur.acdh.oeaw.ac.at/pmb209623.html
pmb209622,https://www.schnitzler-kultur.acdh.oeaw.ac.at/pmb209622.html
pmb209621,https://www.schnitzler-kultur.acdh.oeaw.ac.at/pmb209621.html
pmb209620,https://www.schnitzler-kultur.acdh.oeaw.ac.at/pmb209620.html
pmb209619,https://www.schnitzler-kultur.acdh.oeaw.ac.at/pmb209619.html
pmb209618,https://www.schnitzler-kultur.acdh.oeaw.ac.at/pmb209618.html
pmb209617,https://www.schnitzler-kultur.acdh.oeaw.ac.at/pmb209617.html
pmb209616,https://www.schnitzler-kultur.acdh.oeaw.ac.at/pmb209616.html
pmb209615,https://www.schnitzler-kultur.acdh.oeaw.ac.at/pmb209615.html
pmb209614,https://www.schnitzler-kultur.acdh.oeaw.ac.at/pmb209614.html
pmb209613,https://www.schnitzler-kultur.acdh.oeaw.ac.at/pmb209613.html
pmb209612,https://www.schnitzler-kultur.acdh.oeaw.ac.at/pmb209612.html
pmb209611,https://www.schnitzler-kultur.acdh.oeaw.ac.at/pmb209611.html
pmb209610,https://www.schnitzler-kultur.acdh.oeaw.ac.at/pmb209610.html
pmb209609,https://www.schnitzler-kultur.acdh.oeaw.ac.at/pmb209609.html
pmb209608,https://www.schnitzler-kultur.acdh.oeaw.ac.at/pmb209608.html
pmb209607,https://www.schnitzler-kultur.acdh.oeaw.ac.at/pmb209607.html
pmb209606,https://www.schnitzler-kultur.acdh.oeaw.ac.at/pmb209606.html
pmb209605,https://www.schnitzler-kultur.acdh.oeaw.ac.at/pmb209605.html
pmb209604,https://www.schnitzler-kultur.acdh.oeaw.ac.at/pmb209604.html
pmb209603,https://www.schnitzler-kultur.acdh.oeaw.ac.at/pmb209603.html
pmb209602,https://www.schnitzler-kultur.acdh.oeaw.ac.at/pmb209602.html
pmb209601,https://www.schnitzler-kultur.acdh.oeaw.ac.at/pmb209601.html
pmb209600,https://www.schnitzler-kultur.acdh.oeaw.ac.at/pmb209600.html
pmb209599,https://www.schnitzler-kultur.acdh.oeaw.ac.at/pmb209599.html
pmb209598,https://www.schnitzler-kultur.acdh.oeaw.ac.at/pmb209598.html
pmb209597,https://www.schnitzler-kultur.acdh.oeaw.ac.at/pmb209597.html
pmb209596,https://www.schnitzler-kultur.acdh.oeaw.ac.at/pmb209596.html
pmb209595,https://www.schnitzler-kultur.acdh.oeaw.ac.at/pmb209595.html
pmb209594,https://www.schnitzler-kultur.acdh.oeaw.ac.at/pmb209594.html
pmb209593,https://www.schnitzler-kultur.acdh.oeaw.ac.at/pmb209593.html
pmb209592,https://www.schnitzler-kultur.acdh.oeaw.ac.at/pmb209592.html
pmb209591,https://www.schnitzler-kultur.acdh.oeaw.ac.at/pmb209591.html
pmb209590,https://www.schnitzler-kultur.acdh.oeaw.ac.at/pmb209590.html
pmb209589,https://www.schnitzler-kultur.acdh.oeaw.ac.at/pmb209589.html
pmb209588,https://www.schnitzler-kultur.acdh.oeaw.ac.at/pmb209588.html
pmb209587,https://www.schnitzler-kultur.acdh.oeaw.ac.at/pmb209587.html
pmb209586,https://www.schnitzler-kultur.acdh.oeaw.ac.at/pmb209586.html
pmb209585,https://www.schnitzler-kultur.acdh.oeaw.ac.at/pmb209585.html
pmb209584,https://www.schnitzler-kultur.acdh.oeaw.ac.at/pmb209584.html
pmb209583,https://www.schnitzler-kultur.acdh.oeaw.ac.at/pmb209583.html
pmb209582,https://www.schnitzler-kultur.acdh.oeaw.ac.at/pmb209582.html
pmb209581,https://www.schnitzler-kultur.acdh.oeaw.ac.at/pmb209581.html
pmb209580,https://www.schnitzler-kultur.acdh.oeaw.ac.at/pmb209580.html
pmb209579,https://www.schnitzler-kultur.acdh.oeaw.ac.at/pmb209579.html
pmb209578,https://www.schnitzler-kultur.acdh.oeaw.ac.at/pmb209578.html
pmb209577,https://www.schnitzler-kultur.acdh.oeaw.ac.at/pmb209577.html
pmb209576,https://www.schnitzler-kultur.acdh.oeaw.ac.at/pmb209576.html
pmb209575,https://www.schnitzler-kultur.acdh.oeaw.ac.at/pmb209575.html
pmb209574,https://www.schnitzler-kultur.acdh.oeaw.ac.at/pmb209574.html
pmb209573,https://www.schnitzler-kultur.acdh.oeaw.ac.at/pmb209573.html
pmb209572,https://www.schnitzler-kultur.acdh.oeaw.ac.at/pmb209572.html
pmb209571,https://www.schnitzler-kultur.acdh.oeaw.ac.at/pmb209571.html
pmb209570,https://www.schnitzler-kultur.acdh.oeaw.ac.at/pmb209570.html
pmb209569,https://www.schnitzler-kultur.acdh.oeaw.ac.at/pmb209569.html
pmb209568,https://www.schnitzler-kultur.acdh.oeaw.ac.at/pmb209568.html
pmb209567,https://www.schnitzler-kultur.acdh.oeaw.ac.at/pmb209567.html
pmb209566,https://www.schnitzler-kultur.acdh.oeaw.ac.at/pmb209566.html
pmb209565,https://www.schnitzler-kultur.acdh.oeaw.ac.at/pmb209565.html
pmb209564,https://www.schnitzler-kultur.acdh.oeaw.ac.at/pmb209564.html
pmb209563,https://www.schnitzler-kultur.acdh.oeaw.ac.at/pmb209563.html
pmb209562,https://www.schnitzler-kultur.acdh.oeaw.ac.at/pmb209562.html
pmb209561,https://www.schnitzler-kultur.acdh.oeaw.ac.at/pmb209561.html
pmb209560,https://www.schnitzler-kultur.acdh.oeaw.ac.at/pmb209560.html
pmb209558,https://www.schnitzler-kultur.acdh.oeaw.ac.at/pmb209558.html
pmb209557,https://www.schnitzler-kultur.acdh.oeaw.ac.at/pmb209557.html
pmb209556,https://www.schnitzler-kultur.acdh.oeaw.ac.at/pmb209556.html
pmb209555,https://www.schnitzler-kultur.acdh.oeaw.ac.at/pmb209555.html
pmb209554,https://www.schnitzler-kultur.acdh.oeaw.ac.at/pmb209554.html
pmb209553,https://www.schnitzler-kultur.acdh.oeaw.ac.at/pmb209553.html
pmb209552,https://www.schnitzler-kultur.acdh.oeaw.ac.at/pmb209552.html
pmb209551,https://www.schnitzler-kultur.acdh.oeaw.ac.at/pmb209551.html
pmb209550,https://www.schnitzler-kultur.acdh.oeaw.ac.at/pmb209550.html
pmb209549,https://www.schnitzler-kultur.acdh.oeaw.ac.at/pmb209549.html
pmb209548,https://www.schnitzler-kultur.acdh.oeaw.ac.at/pmb209548.html
pmb209547,https://www.schnitzler-kultur.acdh.oeaw.ac.at/pmb209547.html
pmb209546,https://www.schnitzler-kultur.acdh.oeaw.ac.at/pmb209546.html
pmb209545,https://www.schnitzler-kultur.acdh.oeaw.ac.at/pmb209545.html
pmb209544,https://www.schnitzler-kultur.acdh.oeaw.ac.at/pmb209544.html
pmb209543,https://www.schnitzler-kultur.acdh.oeaw.ac.at/pmb209543.html
pmb209542,https://www.schnitzler-kultur.acdh.oeaw.ac.at/pmb209542.html
pmb209541,https://www.schnitzler-kultur.acdh.oeaw.ac.at/pmb209541.html
pmb209540,https://www.schnitzler-kultur.acdh.oeaw.ac.at/pmb209540.html
pmb209539,https://www.schnitzler-kultur.acdh.oeaw.ac.at/pmb209539.html
pmb209538,https://www.schnitzler-kultur.acdh.oeaw.ac.at/pmb209538.html
pmb209537,https://www.schnitzler-kultur.acdh.oeaw.ac.at/pmb209537.html
pmb209536,https://www.schnitzler-kultur.acdh.oeaw.ac.at/pmb209536.html
pmb209535,https://www.schnitzler-kultur.acdh.oeaw.ac.at/pmb209535.html
pmb209534,https://www.schnitzler-kultur.acdh.oeaw.ac.at/pmb209534.html
pmb209533,https://www.schnitzler-kultur.acdh.oeaw.ac.at/pmb209533.html
pmb209532,https://www.schnitzler-kultur.acdh.oeaw.ac.at/pmb209532.html
pmb209531,https://www.schnitzler-kultur.acdh.oeaw.ac.at/pmb209531.html
pmb209530,https://www.schnitzler-kultur.acdh.oeaw.ac.at/pmb209530.html
pmb209529,https://www.schnitzler-kultur.acdh.oeaw.ac.at/pmb209529.html
pmb209528,https://www.schnitzler-kultur.acdh.oeaw.ac.at/pmb209528.html
pmb209527,https://www.schnitzler-kultur.acdh.oeaw.ac.at/pmb209527.html
pmb209526,https://www.schnitzler-kultur.acdh.oeaw.ac.at/pmb209526.html
pmb209525,https://www.schnitzler-kultur.acdh.oeaw.ac.at/pmb209525.html
pmb209524,https://www.schnitzler-kultur.acdh.oeaw.ac.at/pmb209524.html
pmb209523,https://www.schnitzler-kultur.acdh.oeaw.ac.at/pmb209523.html
pmb209522,https://www.schnitzler-kultur.acdh.oeaw.ac.at/pmb209522.html
pmb209521,https://www.schnitzler-kultur.acdh.oeaw.ac.at/pmb209521.html
pmb209520,https://www.schnitzler-kultur.acdh.oeaw.ac.at/pmb209520.html
pmb209519,https://www.schnitzler-kultur.acdh.oeaw.ac.at/pmb209519.html
pmb209518,https://www.schnitzler-kultur.acdh.oeaw.ac.at/pmb209518.html
pmb209517,https://www.schnitzler-kultur.acdh.oeaw.ac.at/pmb209517.html
pmb209516,https://www.schnitzler-kultur.acdh.oeaw.ac.at/pmb209516.html
pmb209515,https://www.schnitzler-kultur.acdh.oeaw.ac.at/pmb209515.html
pmb209514,https://www.schnitzler-kultur.acdh.oeaw.ac.at/pmb209514.html
pmb209513,https://www.schnitzler-kultur.acdh.oeaw.ac.at/pmb209513.html
pmb209512,https://www.schnitzler-kultur.acdh.oeaw.ac.at/pmb209512.html
pmb209511,https://www.schnitzler-kultur.acdh.oeaw.ac.at/pmb209511.html
pmb209510,https://www.schnitzler-kultur.acdh.oeaw.ac.at/pmb209510.html
pmb209509,https://www.schnitzler-kultur.acdh.oeaw.ac.at/pmb209509.html
pmb209508,https://www.schnitzler-kultur.acdh.oeaw.ac.at/pmb209508.html
pmb209507,https://www.schnitzler-kultur.acdh.oeaw.ac.at/pmb209507.html
pmb209506,https://www.schnitzler-kultur.acdh.oeaw.ac.at/pmb209506.html
pmb209505,https://www.schnitzler-kultur.acdh.oeaw.ac.at/pmb209505.html
pmb209504,https://www.schnitzler-kultur.acdh.oeaw.ac.at/pmb209504.html
pmb209503,https://www.schnitzler-kultur.acdh.oeaw.ac.at/pmb209503.html
pmb209502,https://www.schnitzler-kultur.acdh.oeaw.ac.at/pmb209502.html
pmb209501,https://www.schnitzler-kultur.acdh.oeaw.ac.at/pmb209501.html
pmb209500,https://www.schnitzler-kultur.acdh.oeaw.ac.at/pmb209500.html
pmb209499,https://www.schnitzler-kultur.acdh.oeaw.ac.at/pmb209499.html
pmb209498,https://www.schnitzler-kultur.acdh.oeaw.ac.at/pmb209498.html
pmb209497,https://www.schnitzler-kultur.acdh.oeaw.ac.at/pmb209497.html
pmb209496,https://www.schnitzler-kultur.acdh.oeaw.ac.at/pmb209496.html
pmb209495,https://www.schnitzler-kultur.acdh.oeaw.ac.at/pmb209495.html
pmb209494,https://www.schnitzler-kultur.acdh.oeaw.ac.at/pmb209494.html
pmb209493,https://www.schnitzler-kultur.acdh.oeaw.ac.at/pmb209493.html
pmb209492,https://www.schnitzler-kultur.acdh.oeaw.ac.at/pmb209492.html
pmb209491,https://www.schnitzler-kultur.acdh.oeaw.ac.at/pmb209491.html
pmb209489,https://www.schnitzler-kultur.acdh.oeaw.ac.at/pmb209489.html
pmb209488,https://www.schnitzler-kultur.acdh.oeaw.ac.at/pmb209488.html
pmb209487,https://www.schnitzler-kultur.acdh.oeaw.ac.at/pmb209487.html
pmb209486,https://www.schnitzler-kultur.acdh.oeaw.ac.at/pmb209486.html
pmb209485,https://www.schnitzler-kultur.acdh.oeaw.ac.at/pmb209485.html
pmb209484,https://www.schnitzler-kultur.acdh.oeaw.ac.at/pmb209484.html
pmb209483,https://www.schnitzler-kultur.acdh.oeaw.ac.at/pmb209483.html
pmb209482,https://www.schnitzler-kultur.acdh.oeaw.ac.at/pmb209482.html
pmb209481,https://www.schnitzler-kultur.acdh.oeaw.ac.at/pmb209481.html
pmb209480,https://www.schnitzler-kultur.acdh.oeaw.ac.at/pmb209480.html
pmb209479,https://www.schnitzler-kultur.acdh.oeaw.ac.at/pmb209479.html
pmb209478,https://www.schnitzler-kultur.acdh.oeaw.ac.at/pmb209478.html
pmb209477,https://www.schnitzler-kultur.acdh.oeaw.ac.at/pmb209477.html
pmb209476,https://www.schnitzler-kultur.acdh.oeaw.ac.at/pmb209476.html
pmb209475,https://www.schnitzler-kultur.acdh.oeaw.ac.at/pmb209475.html
pmb209474,https://www.schnitzler-kultur.acdh.oeaw.ac.at/pmb209474.html
pmb209473,https://www.schnitzler-kultur.acdh.oeaw.ac.at/pmb209473.html
pmb209472,https://www.schnitzler-kultur.acdh.oeaw.ac.at/pmb209472.html
pmb209471,https://www.schnitzler-kultur.acdh.oeaw.ac.at/pmb209471.html
pmb209470,https://www.schnitzler-kultur.acdh.oeaw.ac.at/pmb209470.html
pmb209469,https://www.schnitzler-kultur.acdh.oeaw.ac.at/pmb209469.html
pmb209468,https://www.schnitzler-kultur.acdh.oeaw.ac.at/pmb209468.html
pmb209467,https://www.schnitzler-kultur.acdh.oeaw.ac.at/pmb209467.html
pmb209466,https://www.schnitzler-kultur.acdh.oeaw.ac.at/pmb209466.html
pmb209465,https://www.schnitzler-kultur.acdh.oeaw.ac.at/pmb209465.html
pmb209464,https://www.schnitzler-kultur.acdh.oeaw.ac.at/pmb209464.html
pmb209463,https://www.schnitzler-kultur.acdh.oeaw.ac.at/pmb209463.html
pmb209462,https://www.schnitzler-kultur.acdh.oeaw.ac.at/pmb209462.html
pmb209461,https://www.schnitzler-kultur.acdh.oeaw.ac.at/pmb209461.html
pmb209460,https://www.schnitzler-kultur.acdh.oeaw.ac.at/pmb209460.html
pmb209459,https://www.schnitzler-kultur.acdh.oeaw.ac.at/pmb209459.html
pmb209458,https://www.schnitzler-kultur.acdh.oeaw.ac.at/pmb209458.html
pmb209457,https://www.schnitzler-kultur.acdh.oeaw.ac.at/pmb209457.html
pmb209456,https://www.schnitzler-kultur.acdh.oeaw.ac.at/pmb209456.html
pmb209455,https://www.schnitzler-kultur.acdh.oeaw.ac.at/pmb209455.html
pmb209454,https://www.schnitzler-kultur.acdh.oeaw.ac.at/pmb209454.html
pmb209453,https://www.schnitzler-kultur.acdh.oeaw.ac.at/pmb209453.html
pmb209452,https://www.schnitzler-kultur.acdh.oeaw.ac.at/pmb209452.html
pmb209451,https://www.schnitzler-kultur.acdh.oeaw.ac.at/pmb209451.html
pmb209450,https://www.schnitzler-kultur.acdh.oeaw.ac.at/pmb209450.html
pmb209449,https://www.schnitzler-kultur.acdh.oeaw.ac.at/pmb209449.html
pmb209448,https://www.schnitzler-kultur.acdh.oeaw.ac.at/pmb209448.html
pmb209447,https://www.schnitzler-kultur.acdh.oeaw.ac.at/pmb209447.html
pmb209446,https://www.schnitzler-kultur.acdh.oeaw.ac.at/pmb209446.html
pmb209445,https://www.schnitzler-kultur.acdh.oeaw.ac.at/pmb209445.html
pmb209444,https://www.schnitzler-kultur.acdh.oeaw.ac.at/pmb209444.html
pmb209443,https://www.schnitzler-kultur.acdh.oeaw.ac.at/pmb209443.html
pmb209442,https://www.schnitzler-kultur.acdh.oeaw.ac.at/pmb209442.html
pmb209441,https://www.schnitzler-kultur.acdh.oeaw.ac.at/pmb209441.html
pmb209440,https://www.schnitzler-kultur.acdh.oeaw.ac.at/pmb209440.html
pmb209439,https://www.schnitzler-kultur.acdh.oeaw.ac.at/pmb209439.html
pmb209438,https://www.schnitzler-kultur.acdh.oeaw.ac.at/pmb209438.html
pmb209437,https://www.schnitzler-kultur.acdh.oeaw.ac.at/pmb209437.html
pmb209436,https://www.schnitzler-kultur.acdh.oeaw.ac.at/pmb209436.html
pmb209435,https://www.schnitzler-kultur.acdh.oeaw.ac.at/pmb209435.html
pmb209434,https://www.schnitzler-kultur.acdh.oeaw.ac.at/pmb209434.html
pmb209433,https://www.schnitzler-kultur.acdh.oeaw.ac.at/pmb209433.html
pmb209432,https://www.schnitzler-kultur.acdh.oeaw.ac.at/pmb209432.html
pmb209431,https://www.schnitzler-kultur.acdh.oeaw.ac.at/pmb209431.html
pmb209430,https://www.schnitzler-kultur.acdh.oeaw.ac.at/pmb209430.html
pmb209429,https://www.schnitzler-kultur.acdh.oeaw.ac.at/pmb209429.html
pmb209428,https://www.schnitzler-kultur.acdh.oeaw.ac.at/pmb209428.html
pmb209427,https://www.schnitzler-kultur.acdh.oeaw.ac.at/pmb209427.html
pmb209426,https://www.schnitzler-kultur.acdh.oeaw.ac.at/pmb209426.html
pmb209425,https://www.schnitzler-kultur.acdh.oeaw.ac.at/pmb209425.html
pmb209424,https://www.schnitzler-kultur.acdh.oeaw.ac.at/pmb209424.html
pmb209423,https://www.schnitzler-kultur.acdh.oeaw.ac.at/pmb209423.html
pmb209422,https://www.schnitzler-kultur.acdh.oeaw.ac.at/pmb209422.html
pmb209421,https://www.schnitzler-kultur.acdh.oeaw.ac.at/pmb209421.html
pmb209420,https://www.schnitzler-kultur.acdh.oeaw.ac.at/pmb209420.html
pmb209419,https://www.schnitzler-kultur.acdh.oeaw.ac.at/pmb209419.html
pmb209418,https://www.schnitzler-kultur.acdh.oeaw.ac.at/pmb209418.html
pmb209417,https://www.schnitzler-kultur.acdh.oeaw.ac.at/pmb209417.html
pmb209416,https://www.schnitzler-kultur.acdh.oeaw.ac.at/pmb209416.html
pmb209415,https://www.schnitzler-kultur.acdh.oeaw.ac.at/pmb209415.html
pmb209414,https://www.schnitzler-kultur.acdh.oeaw.ac.at/pmb209414.html
pmb209413,https://www.schnitzler-kultur.acdh.oeaw.ac.at/pmb209413.html
pmb209412,https://www.schnitzler-kultur.acdh.oeaw.ac.at/pmb209412.html
pmb209411,https://www.schnitzler-kultur.acdh.oeaw.ac.at/pmb209411.html
pmb209410,https://www.schnitzler-kultur.acdh.oeaw.ac.at/pmb209410.html
pmb209409,https://www.schnitzler-kultur.acdh.oeaw.ac.at/pmb209409.html
pmb209408,https://www.schnitzler-kultur.acdh.oeaw.ac.at/pmb209408.html
pmb209407,https://www.schnitzler-kultur.acdh.oeaw.ac.at/pmb209407.html
pmb209406,https://www.schnitzler-kultur.acdh.oeaw.ac.at/pmb209406.html
pmb209405,https://www.schnitzler-kultur.acdh.oeaw.ac.at/pmb209405.html
pmb209404,https://www.schnitzler-kultur.acdh.oeaw.ac.at/pmb209404.html
pmb209403,https://www.schnitzler-kultur.acdh.oeaw.ac.at/pmb209403.html
pmb209402,https://www.schnitzler-kultur.acdh.oeaw.ac.at/pmb209402.html
pmb209401,https://www.schnitzler-kultur.acdh.oeaw.ac.at/pmb209401.html
pmb209400,https://www.schnitzler-kultur.acdh.oeaw.ac.at/pmb209400.html
pmb209399,https://www.schnitzler-kultur.acdh.oeaw.ac.at/pmb209399.html
pmb209398,https://www.schnitzler-kultur.acdh.oeaw.ac.at/pmb209398.html
pmb209397,https://www.schnitzler-kultur.acdh.oeaw.ac.at/pmb209397.html
pmb209396,https://www.schnitzler-kultur.acdh.oeaw.ac.at/pmb209396.html
pmb209395,https://www.schnitzler-kultur.acdh.oeaw.ac.at/pmb209395.html
pmb209394,https://www.schnitzler-kultur.acdh.oeaw.ac.at/pmb209394.html
pmb209393,https://www.schnitzler-kultur.acdh.oeaw.ac.at/pmb209393.html
pmb209392,https://www.schnitzler-kultur.acdh.oeaw.ac.at/pmb209392.html
pmb209391,https://www.schnitzler-kultur.acdh.oeaw.ac.at/pmb209391.html
pmb209390,https://www.schnitzler-kultur.acdh.oeaw.ac.at/pmb209390.html
pmb209389,https://www.schnitzler-kultur.acdh.oeaw.ac.at/pmb209389.html
pmb209388,https://www.schnitzler-kultur.acdh.oeaw.ac.at/pmb209388.html
pmb209387,https://www.schnitzler-kultur.acdh.oeaw.ac.at/pmb209387.html
pmb209386,https://www.schnitzler-kultur.acdh.oeaw.ac.at/pmb209386.html
pmb209385,https://www.schnitzler-kultur.acdh.oeaw.ac.at/pmb209385.html
pmb209384,https://www.schnitzler-kultur.acdh.oeaw.ac.at/pmb209384.html
pmb209381,https://www.schnitzler-kultur.acdh.oeaw.ac.at/pmb209381.html
pmb209380,https://www.schnitzler-kultur.acdh.oeaw.ac.at/pmb209380.html
pmb209379,https://www.schnitzler-kultur.acdh.oeaw.ac.at/pmb209379.html
pmb209378,https://www.schnitzler-kultur.acdh.oeaw.ac.at/pmb209378.html
pmb209377,https://www.schnitzler-kultur.acdh.oeaw.ac.at/pmb209377.html
pmb209376,https://www.schnitzler-kultur.acdh.oeaw.ac.at/pmb209376.html
pmb209375,https://www.schnitzler-kultur.acdh.oeaw.ac.at/pmb209375.html
pmb209374,https://www.schnitzler-kultur.acdh.oeaw.ac.at/pmb209374.html
pmb209373,https://www.schnitzler-kultur.acdh.oeaw.ac.at/pmb209373.html
pmb209372,https://www.schnitzler-kultur.acdh.oeaw.ac.at/pmb209372.html
pmb209371,https://www.schnitzler-kultur.acdh.oeaw.ac.at/pmb209371.html
pmb209370,https://www.schnitzler-kultur.acdh.oeaw.ac.at/pmb209370.html
pmb209369,https://www.schnitzler-kultur.acdh.oeaw.ac.at/pmb209369.html
pmb209368,https://www.schnitzler-kultur.acdh.oeaw.ac.at/pmb209368.html
pmb209367,https://www.schnitzler-kultur.acdh.oeaw.ac.at/pmb209367.html
pmb209366,https://www.schnitzler-kultur.acdh.oeaw.ac.at/pmb209366.html
pmb209365,https://www.schnitzler-kultur.acdh.oeaw.ac.at/pmb209365.html
pmb209364,https://www.schnitzler-kultur.acdh.oeaw.ac.at/pmb209364.html
pmb209363,https://www.schnitzler-kultur.acdh.oeaw.ac.at/pmb209363.html
pmb209362,https://www.schnitzler-kultur.acdh.oeaw.ac.at/pmb209362.html
pmb209361,https://www.schnitzler-kultur.acdh.oeaw.ac.at/pmb209361.html
pmb209360,https://www.schnitzler-kultur.acdh.oeaw.ac.at/pmb209360.html
pmb209358,https://www.schnitzler-kultur.acdh.oeaw.ac.at/pmb209358.html
pmb209357,https://www.schnitzler-kultur.acdh.oeaw.ac.at/pmb209357.html
pmb209356,https://www.schnitzler-kultur.acdh.oeaw.ac.at/pmb209356.html
pmb209355,https://www.schnitzler-kultur.acdh.oeaw.ac.at/pmb209355.html
pmb209354,https://www.schnitzler-kultur.acdh.oeaw.ac.at/pmb209354.html
pmb209353,https://www.schnitzler-kultur.acdh.oeaw.ac.at/pmb209353.html
pmb209352,https://www.schnitzler-kultur.acdh.oeaw.ac.at/pmb209352.html
pmb209351,https://www.schnitzler-kultur.acdh.oeaw.ac.at/pmb209351.html
pmb209350,https://www.schnitzler-kultur.acdh.oeaw.ac.at/pmb209350.html
pmb209349,https://www.schnitzler-kultur.acdh.oeaw.ac.at/pmb209349.html
pmb209348,https://www.schnitzler-kultur.acdh.oeaw.ac.at/pmb209348.html
pmb209347,https://www.schnitzler-kultur.acdh.oeaw.ac.at/pmb209347.html
pmb209346,https://www.schnitzler-kultur.acdh.oeaw.ac.at/pmb209346.html
pmb209345,https://www.schnitzler-kultur.acdh.oeaw.ac.at/pmb209345.html
pmb209344,https://www.schnitzler-kultur.acdh.oeaw.ac.at/pmb209344.html
pmb209343,https://www.schnitzler-kultur.acdh.oeaw.ac.at/pmb209343.html
pmb209342,https://www.schnitzler-kultur.acdh.oeaw.ac.at/pmb209342.html
pmb209341,https://www.schnitzler-kultur.acdh.oeaw.ac.at/pmb209341.html
pmb209340,https://www.schnitzler-kultur.acdh.oeaw.ac.at/pmb209340.html
pmb209339,https://www.schnitzler-kultur.acdh.oeaw.ac.at/pmb209339.html
pmb209338,https://www.schnitzler-kultur.acdh.oeaw.ac.at/pmb209338.html
pmb209337,https://www.schnitzler-kultur.acdh.oeaw.ac.at/pmb209337.html
pmb209336,https://www.schnitzler-kultur.acdh.oeaw.ac.at/pmb209336.html
pmb209335,https://www.schnitzler-kultur.acdh.oeaw.ac.at/pmb209335.html
pmb209334,https://www.schnitzler-kultur.acdh.oeaw.ac.at/pmb209334.html
pmb209333,https://www.schnitzler-kultur.acdh.oeaw.ac.at/pmb209333.html
pmb209332,https://www.schnitzler-kultur.acdh.oeaw.ac.at/pmb209332.html
pmb209331,https://www.schnitzler-kultur.acdh.oeaw.ac.at/pmb209331.html
pmb209330,https://www.schnitzler-kultur.acdh.oeaw.ac.at/pmb209330.html
pmb209329,https://www.schnitzler-kultur.acdh.oeaw.ac.at/pmb209329.html
pmb209328,https://www.schnitzler-kultur.acdh.oeaw.ac.at/pmb209328.html
pmb209327,https://www.schnitzler-kultur.acdh.oeaw.ac.at/pmb209327.html
pmb209326,https://www.schnitzler-kultur.acdh.oeaw.ac.at/pmb209326.html
pmb209325,https://www.schnitzler-kultur.acdh.oeaw.ac.at/pmb209325.html
pmb209324,https://www.schnitzler-kultur.acdh.oeaw.ac.at/pmb209324.html
pmb209323,https://www.schnitzler-kultur.acdh.oeaw.ac.at/pmb209323.html
pmb209322,https://www.schnitzler-kultur.acdh.oeaw.ac.at/pmb209322.html
pmb209321,https://www.schnitzler-kultur.acdh.oeaw.ac.at/pmb209321.html
pmb209320,https://www.schnitzler-kultur.acdh.oeaw.ac.at/pmb209320.html
pmb209319,https://www.schnitzler-kultur.acdh.oeaw.ac.at/pmb209319.html
pmb209318,https://www.schnitzler-kultur.acdh.oeaw.ac.at/pmb209318.html
pmb209317,https://www.schnitzler-kultur.acdh.oeaw.ac.at/pmb209317.html
pmb209316,https://www.schnitzler-kultur.acdh.oeaw.ac.at/pmb209316.html
pmb209315,https://www.schnitzler-kultur.acdh.oeaw.ac.at/pmb209315.html
pmb209314,https://www.schnitzler-kultur.acdh.oeaw.ac.at/pmb209314.html
pmb209313,https://www.schnitzler-kultur.acdh.oeaw.ac.at/pmb209313.html
pmb209312,https://www.schnitzler-kultur.acdh.oeaw.ac.at/pmb209312.html
pmb209311,https://www.schnitzler-kultur.acdh.oeaw.ac.at/pmb209311.html
pmb209310,https://www.schnitzler-kultur.acdh.oeaw.ac.at/pmb209310.html
pmb209309,https://www.schnitzler-kultur.acdh.oeaw.ac.at/pmb209309.html
pmb209308,https://www.schnitzler-kultur.acdh.oeaw.ac.at/pmb209308.html
pmb209306,https://www.schnitzler-kultur.acdh.oeaw.ac.at/pmb209306.html
pmb209305,https://www.schnitzler-kultur.acdh.oeaw.ac.at/pmb209305.html
pmb209304,https://www.schnitzler-kultur.acdh.oeaw.ac.at/pmb209304.html
pmb209303,https://www.schnitzler-kultur.acdh.oeaw.ac.at/pmb209303.html
pmb209302,https://www.schnitzler-kultur.acdh.oeaw.ac.at/pmb209302.html
pmb209301,https://www.schnitzler-kultur.acdh.oeaw.ac.at/pmb209301.html
pmb209300,https://www.schnitzler-kultur.acdh.oeaw.ac.at/pmb209300.html
pmb209299,https://www.schnitzler-kultur.acdh.oeaw.ac.at/pmb209299.html
pmb209298,https://www.schnitzler-kultur.acdh.oeaw.ac.at/pmb209298.html
pmb209297,https://www.schnitzler-kultur.acdh.oeaw.ac.at/pmb209297.html
pmb209296,https://www.schnitzler-kultur.acdh.oeaw.ac.at/pmb209296.html
pmb209295,https://www.schnitzler-kultur.acdh.oeaw.ac.at/pmb209295.html
pmb209294,https://www.schnitzler-kultur.acdh.oeaw.ac.at/pmb209294.html
pmb209293,https://www.schnitzler-kultur.acdh.oeaw.ac.at/pmb209293.html
pmb209292,https://www.schnitzler-kultur.acdh.oeaw.ac.at/pmb209292.html
pmb209291,https://www.schnitzler-kultur.acdh.oeaw.ac.at/pmb209291.html
pmb209290,https://www.schnitzler-kultur.acdh.oeaw.ac.at/pmb209290.html
pmb209289,https://www.schnitzler-kultur.acdh.oeaw.ac.at/pmb209289.html
pmb209288,https://www.schnitzler-kultur.acdh.oeaw.ac.at/pmb209288.html
pmb209287,https://www.schnitzler-kultur.acdh.oeaw.ac.at/pmb209287.html
pmb209286,https://www.schnitzler-kultur.acdh.oeaw.ac.at/pmb209286.html
pmb209285,https://www.schnitzler-kultur.acdh.oeaw.ac.at/pmb209285.html
pmb209284,https://www.schnitzler-kultur.acdh.oeaw.ac.at/pmb209284.html
pmb209283,https://www.schnitzler-kultur.acdh.oeaw.ac.at/pmb209283.html
pmb209282,https://www.schnitzler-kultur.acdh.oeaw.ac.at/pmb209282.html
pmb209281,https://www.schnitzler-kultur.acdh.oeaw.ac.at/pmb209281.html
pmb209280,https://www.schnitzler-kultur.acdh.oeaw.ac.at/pmb209280.html
pmb209279,https://www.schnitzler-kultur.acdh.oeaw.ac.at/pmb209279.html
pmb209278,https://www.schnitzler-kultur.acdh.oeaw.ac.at/pmb209278.html
pmb209277,https://www.schnitzler-kultur.acdh.oeaw.ac.at/pmb209277.html
pmb209276,https://www.schnitzler-kultur.acdh.oeaw.ac.at/pmb209276.html
pmb209274,https://www.schnitzler-kultur.acdh.oeaw.ac.at/pmb209274.html
pmb209273,https://www.schnitzler-kultur.acdh.oeaw.ac.at/pmb209273.html
pmb209272,https://www.schnitzler-kultur.acdh.oeaw.ac.at/pmb209272.html
pmb209271,https://www.schnitzler-kultur.acdh.oeaw.ac.at/pmb209271.html
pmb209270,https://www.schnitzler-kultur.acdh.oeaw.ac.at/pmb209270.html
pmb209269,https://www.schnitzler-kultur.acdh.oeaw.ac.at/pmb209269.html
pmb209268,https://www.schnitzler-kultur.acdh.oeaw.ac.at/pmb209268.html
pmb209267,https://www.schnitzler-kultur.acdh.oeaw.ac.at/pmb209267.html
pmb209266,https://www.schnitzler-kultur.acdh.oeaw.ac.at/pmb209266.html
pmb209265,https://www.schnitzler-kultur.acdh.oeaw.ac.at/pmb209265.html
pmb209264,https://www.schnitzler-kultur.acdh.oeaw.ac.at/pmb209264.html
pmb209263,https://www.schnitzler-kultur.acdh.oeaw.ac.at/pmb209263.html
pmb209262,https://www.schnitzler-kultur.acdh.oeaw.ac.at/pmb209262.html
pmb209261,https://www.schnitzler-kultur.acdh.oeaw.ac.at/pmb209261.html
pmb209260,https://www.schnitzler-kultur.acdh.oeaw.ac.at/pmb209260.html
pmb209259,https://www.schnitzler-kultur.acdh.oeaw.ac.at/pmb209259.html
pmb209258,https://www.schnitzler-kultur.acdh.oeaw.ac.at/pmb209258.html
pmb209257,https://www.schnitzler-kultur.acdh.oeaw.ac.at/pmb209257.html
pmb209256,https://www.schnitzler-kultur.acdh.oeaw.ac.at/pmb209256.html
pmb209255,https://www.schnitzler-kultur.acdh.oeaw.ac.at/pmb209255.html
pmb209254,https://www.schnitzler-kultur.acdh.oeaw.ac.at/pmb209254.html
pmb209253,https://www.schnitzler-kultur.acdh.oeaw.ac.at/pmb209253.html
pmb209252,https://www.schnitzler-kultur.acdh.oeaw.ac.at/pmb209252.html
pmb209251,https://www.schnitzler-kultur.acdh.oeaw.ac.at/pmb209251.html
pmb209250,https://www.schnitzler-kultur.acdh.oeaw.ac.at/pmb209250.html
pmb209249,https://www.schnitzler-kultur.acdh.oeaw.ac.at/pmb209249.html
pmb209248,https://www.schnitzler-kultur.acdh.oeaw.ac.at/pmb209248.html
pmb209247,https://www.schnitzler-kultur.acdh.oeaw.ac.at/pmb209247.html
pmb209246,https://www.schnitzler-kultur.acdh.oeaw.ac.at/pmb209246.html
pmb209245,https://www.schnitzler-kultur.acdh.oeaw.ac.at/pmb209245.html
pmb209244,https://www.schnitzler-kultur.acdh.oeaw.ac.at/pmb209244.html
pmb209243,https://www.schnitzler-kultur.acdh.oeaw.ac.at/pmb209243.html
pmb209242,https://www.schnitzler-kultur.acdh.oeaw.ac.at/pmb209242.html
pmb209241,https://www.schnitzler-kultur.acdh.oeaw.ac.at/pmb209241.html
pmb209240,https://www.schnitzler-kultur.acdh.oeaw.ac.at/pmb209240.html
pmb209239,https://www.schnitzler-kultur.acdh.oeaw.ac.at/pmb209239.html
pmb209238,https://www.schnitzler-kultur.acdh.oeaw.ac.at/pmb209238.html
pmb209237,https://www.schnitzler-kultur.acdh.oeaw.ac.at/pmb209237.html
pmb209236,https://www.schnitzler-kultur.acdh.oeaw.ac.at/pmb209236.html
pmb209235,https://www.schnitzler-kultur.acdh.oeaw.ac.at/pmb209235.html
pmb209234,https://www.schnitzler-kultur.acdh.oeaw.ac.at/pmb209234.html
pmb209233,https://www.schnitzler-kultur.acdh.oeaw.ac.at/pmb209233.html
pmb209232,https://www.schnitzler-kultur.acdh.oeaw.ac.at/pmb209232.html
pmb209231,https://www.schnitzler-kultur.acdh.oeaw.ac.at/pmb209231.html
pmb209230,https://www.schnitzler-kultur.acdh.oeaw.ac.at/pmb209230.html
pmb209229,https://www.schnitzler-kultur.acdh.oeaw.ac.at/pmb209229.html
pmb209228,https://www.schnitzler-kultur.acdh.oeaw.ac.at/pmb209228.html
pmb209227,https://www.schnitzler-kultur.acdh.oeaw.ac.at/pmb209227.html
pmb209226,https://www.schnitzler-kultur.acdh.oeaw.ac.at/pmb209226.html
pmb209225,https://www.schnitzler-kultur.acdh.oeaw.ac.at/pmb209225.html
pmb209224,https://www.schnitzler-kultur.acdh.oeaw.ac.at/pmb209224.html
pmb209223,https://www.schnitzler-kultur.acdh.oeaw.ac.at/pmb209223.html
pmb209222,https://www.schnitzler-kultur.acdh.oeaw.ac.at/pmb209222.html
pmb209221,https://www.schnitzler-kultur.acdh.oeaw.ac.at/pmb209221.html
pmb209220,https://www.schnitzler-kultur.acdh.oeaw.ac.at/pmb209220.html
pmb209219,https://www.schnitzler-kultur.acdh.oeaw.ac.at/pmb209219.html
pmb209218,https://www.schnitzler-kultur.acdh.oeaw.ac.at/pmb209218.html
pmb209217,https://www.schnitzler-kultur.acdh.oeaw.ac.at/pmb209217.html
pmb209216,https://www.schnitzler-kultur.acdh.oeaw.ac.at/pmb209216.html
pmb209215,https://www.schnitzler-kultur.acdh.oeaw.ac.at/pmb209215.html
pmb209214,https://www.schnitzler-kultur.acdh.oeaw.ac.at/pmb209214.html
pmb209213,https://www.schnitzler-kultur.acdh.oeaw.ac.at/pmb209213.html
pmb209212,https://www.schnitzler-kultur.acdh.oeaw.ac.at/pmb209212.html
pmb209211,https://www.schnitzler-kultur.acdh.oeaw.ac.at/pmb209211.html
pmb209210,https://www.schnitzler-kultur.acdh.oeaw.ac.at/pmb209210.html
pmb209209,https://www.schnitzler-kultur.acdh.oeaw.ac.at/pmb209209.html
pmb209208,https://www.schnitzler-kultur.acdh.oeaw.ac.at/pmb209208.html
pmb209207,https://www.schnitzler-kultur.acdh.oeaw.ac.at/pmb209207.html
pmb209206,https://www.schnitzler-kultur.acdh.oeaw.ac.at/pmb209206.html
pmb209205,https://www.schnitzler-kultur.acdh.oeaw.ac.at/pmb209205.html
pmb209204,https://www.schnitzler-kultur.acdh.oeaw.ac.at/pmb209204.html
pmb209203,https://www.schnitzler-kultur.acdh.oeaw.ac.at/pmb209203.html
pmb209201,https://www.schnitzler-kultur.acdh.oeaw.ac.at/pmb209201.html
pmb209200,https://www.schnitzler-kultur.acdh.oeaw.ac.at/pmb209200.html
pmb209199,https://www.schnitzler-kultur.acdh.oeaw.ac.at/pmb209199.html
pmb209198,https://www.schnitzler-kultur.acdh.oeaw.ac.at/pmb209198.html
pmb209197,https://www.schnitzler-kultur.acdh.oeaw.ac.at/pmb209197.html
pmb209196,https://www.schnitzler-kultur.acdh.oeaw.ac.at/pmb209196.html
pmb209194,https://www.schnitzler-kultur.acdh.oeaw.ac.at/pmb209194.html
pmb209193,https://www.schnitzler-kultur.acdh.oeaw.ac.at/pmb209193.html
pmb209192,https://www.schnitzler-kultur.acdh.oeaw.ac.at/pmb209192.html
pmb209191,https://www.schnitzler-kultur.acdh.oeaw.ac.at/pmb209191.html
pmb209190,https://www.schnitzler-kultur.acdh.oeaw.ac.at/pmb209190.html
pmb209189,https://www.schnitzler-kultur.acdh.oeaw.ac.at/pmb209189.html
pmb209188,https://www.schnitzler-kultur.acdh.oeaw.ac.at/pmb209188.html
pmb209187,https://www.schnitzler-kultur.acdh.oeaw.ac.at/pmb209187.html
pmb209186,https://www.schnitzler-kultur.acdh.oeaw.ac.at/pmb209186.html
pmb209185,https://www.schnitzler-kultur.acdh.oeaw.ac.at/pmb209185.html
pmb209184,https://www.schnitzler-kultur.acdh.oeaw.ac.at/pmb209184.html
pmb209183,https://www.schnitzler-kultur.acdh.oeaw.ac.at/pmb209183.html
pmb209181,https://www.schnitzler-kultur.acdh.oeaw.ac.at/pmb209181.html
pmb209180,https://www.schnitzler-kultur.acdh.oeaw.ac.at/pmb209180.html
pmb209178,https://www.schnitzler-kultur.acdh.oeaw.ac.at/pmb209178.html
pmb209177,https://www.schnitzler-kultur.acdh.oeaw.ac.at/pmb209177.html
pmb209176,https://www.schnitzler-kultur.acdh.oeaw.ac.at/pmb209176.html
pmb209175,https://www.schnitzler-kultur.acdh.oeaw.ac.at/pmb209175.html
pmb209174,https://www.schnitzler-kultur.acdh.oeaw.ac.at/pmb209174.html
pmb209173,https://www.schnitzler-kultur.acdh.oeaw.ac.at/pmb209173.html
pmb209172,https://www.schnitzler-kultur.acdh.oeaw.ac.at/pmb209172.html
pmb209171,https://www.schnitzler-kultur.acdh.oeaw.ac.at/pmb209171.html
pmb209170,https://www.schnitzler-kultur.acdh.oeaw.ac.at/pmb209170.html
pmb209169,https://www.schnitzler-kultur.acdh.oeaw.ac.at/pmb209169.html
pmb209167,https://www.schnitzler-kultur.acdh.oeaw.ac.at/pmb209167.html
pmb209166,https://www.schnitzler-kultur.acdh.oeaw.ac.at/pmb209166.html
pmb209165,https://www.schnitzler-kultur.acdh.oeaw.ac.at/pmb209165.html
pmb209164,https://www.schnitzler-kultur.acdh.oeaw.ac.at/pmb209164.html
pmb209163,https://www.schnitzler-kultur.acdh.oeaw.ac.at/pmb209163.html
pmb209162,https://www.schnitzler-kultur.acdh.oeaw.ac.at/pmb209162.html
pmb209161,https://www.schnitzler-kultur.acdh.oeaw.ac.at/pmb209161.html
pmb209160,https://www.schnitzler-kultur.acdh.oeaw.ac.at/pmb209160.html
pmb209159,https://www.schnitzler-kultur.acdh.oeaw.ac.at/pmb209159.html
pmb209158,https://www.schnitzler-kultur.acdh.oeaw.ac.at/pmb209158.html
pmb209157,https://www.schnitzler-kultur.acdh.oeaw.ac.at/pmb209157.html
pmb209156,https://www.schnitzler-kultur.acdh.oeaw.ac.at/pmb209156.html
pmb209155,https://www.schnitzler-kultur.acdh.oeaw.ac.at/pmb209155.html
pmb209154,https://www.schnitzler-kultur.acdh.oeaw.ac.at/pmb209154.html
pmb209153,https://www.schnitzler-kultur.acdh.oeaw.ac.at/pmb209153.html
pmb209152,https://www.schnitzler-kultur.acdh.oeaw.ac.at/pmb209152.html
pmb209151,https://www.schnitzler-kultur.acdh.oeaw.ac.at/pmb209151.html
pmb209150,https://www.schnitzler-kultur.acdh.oeaw.ac.at/pmb209150.html
pmb209149,https://www.schnitzler-kultur.acdh.oeaw.ac.at/pmb209149.html
pmb209148,https://www.schnitzler-kultur.acdh.oeaw.ac.at/pmb209148.html
pmb209147,https://www.schnitzler-kultur.acdh.oeaw.ac.at/pmb209147.html
pmb209146,https://www.schnitzler-kultur.acdh.oeaw.ac.at/pmb209146.html
pmb209145,https://www.schnitzler-kultur.acdh.oeaw.ac.at/pmb209145.html
pmb209144,https://www.schnitzler-kultur.acdh.oeaw.ac.at/pmb209144.html
pmb209143,https://www.schnitzler-kultur.acdh.oeaw.ac.at/pmb209143.html
pmb209142,https://www.schnitzler-kultur.acdh.oeaw.ac.at/pmb209142.html
pmb209141,https://www.schnitzler-kultur.acdh.oeaw.ac.at/pmb209141.html
pmb209140,https://www.schnitzler-kultur.acdh.oeaw.ac.at/pmb209140.html
pmb209139,https://www.schnitzler-kultur.acdh.oeaw.ac.at/pmb209139.html
pmb209138,https://www.schnitzler-kultur.acdh.oeaw.ac.at/pmb209138.html
pmb209137,https://www.schnitzler-kultur.acdh.oeaw.ac.at/pmb209137.html
pmb209136,https://www.schnitzler-kultur.acdh.oeaw.ac.at/pmb209136.html
pmb209135,https://www.schnitzler-kultur.acdh.oeaw.ac.at/pmb209135.html
pmb209134,https://www.schnitzler-kultur.acdh.oeaw.ac.at/pmb209134.html
pmb209133,https://www.schnitzler-kultur.acdh.oeaw.ac.at/pmb209133.html
pmb209132,https://www.schnitzler-kultur.acdh.oeaw.ac.at/pmb209132.html
pmb209131,https://www.schnitzler-kultur.acdh.oeaw.ac.at/pmb209131.html
pmb209130,https://www.schnitzler-kultur.acdh.oeaw.ac.at/pmb209130.html
pmb209129,https://www.schnitzler-kultur.acdh.oeaw.ac.at/pmb209129.html
pmb209128,https://www.schnitzler-kultur.acdh.oeaw.ac.at/pmb209128.html
pmb209127,https://www.schnitzler-kultur.acdh.oeaw.ac.at/pmb209127.html
pmb209126,https://www.schnitzler-kultur.acdh.oeaw.ac.at/pmb209126.html
pmb209125,https://www.schnitzler-kultur.acdh.oeaw.ac.at/pmb209125.html
pmb209124,https://www.schnitzler-kultur.acdh.oeaw.ac.at/pmb209124.html
pmb209123,https://www.schnitzler-kultur.acdh.oeaw.ac.at/pmb209123.html
pmb209122,https://www.schnitzler-kultur.acdh.oeaw.ac.at/pmb209122.html
pmb209121,https://www.schnitzler-kultur.acdh.oeaw.ac.at/pmb209121.html
pmb209120,https://www.schnitzler-kultur.acdh.oeaw.ac.at/pmb209120.html
pmb209119,https://www.schnitzler-kultur.acdh.oeaw.ac.at/pmb209119.html
pmb209118,https://www.schnitzler-kultur.acdh.oeaw.ac.at/pmb209118.html
pmb209117,https://www.schnitzler-kultur.acdh.oeaw.ac.at/pmb209117.html
pmb209116,https://www.schnitzler-kultur.acdh.oeaw.ac.at/pmb209116.html
pmb209115,https://www.schnitzler-kultur.acdh.oeaw.ac.at/pmb209115.html
pmb209114,https://www.schnitzler-kultur.acdh.oeaw.ac.at/pmb209114.html
pmb209113,https://www.schnitzler-kultur.acdh.oeaw.ac.at/pmb209113.html
pmb209112,https://www.schnitzler-kultur.acdh.oeaw.ac.at/pmb209112.html
pmb209111,https://www.schnitzler-kultur.acdh.oeaw.ac.at/pmb209111.html
pmb209110,https://www.schnitzler-kultur.acdh.oeaw.ac.at/pmb209110.html
pmb209109,https://www.schnitzler-kultur.acdh.oeaw.ac.at/pmb209109.html
pmb209108,https://www.schnitzler-kultur.acdh.oeaw.ac.at/pmb209108.html
pmb209107,https://www.schnitzler-kultur.acdh.oeaw.ac.at/pmb209107.html
pmb209106,https://www.schnitzler-kultur.acdh.oeaw.ac.at/pmb209106.html
pmb209105,https://www.schnitzler-kultur.acdh.oeaw.ac.at/pmb209105.html
pmb209104,https://www.schnitzler-kultur.acdh.oeaw.ac.at/pmb209104.html
pmb209103,https://www.schnitzler-kultur.acdh.oeaw.ac.at/pmb209103.html
pmb209102,https://www.schnitzler-kultur.acdh.oeaw.ac.at/pmb209102.html
pmb209101,https://www.schnitzler-kultur.acdh.oeaw.ac.at/pmb209101.html
pmb209100,https://www.schnitzler-kultur.acdh.oeaw.ac.at/pmb209100.html
pmb209099,https://www.schnitzler-kultur.acdh.oeaw.ac.at/pmb209099.html
pmb209098,https://www.schnitzler-kultur.acdh.oeaw.ac.at/pmb209098.html
pmb209097,https://www.schnitzler-kultur.acdh.oeaw.ac.at/pmb209097.html
pmb209096,https://www.schnitzler-kultur.acdh.oeaw.ac.at/pmb209096.html
pmb209095,https://www.schnitzler-kultur.acdh.oeaw.ac.at/pmb209095.html
pmb209094,https://www.schnitzler-kultur.acdh.oeaw.ac.at/pmb209094.html
pmb209093,https://www.schnitzler-kultur.acdh.oeaw.ac.at/pmb209093.html
pmb209092,https://www.schnitzler-kultur.acdh.oeaw.ac.at/pmb209092.html
pmb209091,https://www.schnitzler-kultur.acdh.oeaw.ac.at/pmb209091.html
pmb209090,https://www.schnitzler-kultur.acdh.oeaw.ac.at/pmb209090.html
pmb209089,https://www.schnitzler-kultur.acdh.oeaw.ac.at/pmb209089.html
pmb209088,https://www.schnitzler-kultur.acdh.oeaw.ac.at/pmb209088.html
pmb209087,https://www.schnitzler-kultur.acdh.oeaw.ac.at/pmb209087.html
pmb209086,https://www.schnitzler-kultur.acdh.oeaw.ac.at/pmb209086.html
pmb209085,https://www.schnitzler-kultur.acdh.oeaw.ac.at/pmb209085.html
pmb209084,https://www.schnitzler-kultur.acdh.oeaw.ac.at/pmb209084.html
pmb209083,https://www.schnitzler-kultur.acdh.oeaw.ac.at/pmb209083.html
pmb209082,https://www.schnitzler-kultur.acdh.oeaw.ac.at/pmb209082.html
pmb209081,https://www.schnitzler-kultur.acdh.oeaw.ac.at/pmb209081.html
pmb209080,https://www.schnitzler-kultur.acdh.oeaw.ac.at/pmb209080.html
pmb209079,https://www.schnitzler-kultur.acdh.oeaw.ac.at/pmb209079.html
pmb209078,https://www.schnitzler-kultur.acdh.oeaw.ac.at/pmb209078.html
pmb209077,https://www.schnitzler-kultur.acdh.oeaw.ac.at/pmb209077.html
pmb209076,https://www.schnitzler-kultur.acdh.oeaw.ac.at/pmb209076.html
pmb209075,https://www.schnitzler-kultur.acdh.oeaw.ac.at/pmb209075.html
pmb209074,https://www.schnitzler-kultur.acdh.oeaw.ac.at/pmb209074.html
pmb209073,https://www.schnitzler-kultur.acdh.oeaw.ac.at/pmb209073.html
pmb209072,https://www.schnitzler-kultur.acdh.oeaw.ac.at/pmb209072.html
pmb209071,https://www.schnitzler-kultur.acdh.oeaw.ac.at/pmb209071.html
pmb209070,https://www.schnitzler-kultur.acdh.oeaw.ac.at/pmb209070.html
pmb209069,https://www.schnitzler-kultur.acdh.oeaw.ac.at/pmb209069.html
pmb209068,https://www.schnitzler-kultur.acdh.oeaw.ac.at/pmb209068.html
pmb209067,https://www.schnitzler-kultur.acdh.oeaw.ac.at/pmb209067.html
pmb209066,https://www.schnitzler-kultur.acdh.oeaw.ac.at/pmb209066.html
pmb209065,https://www.schnitzler-kultur.acdh.oeaw.ac.at/pmb209065.html
pmb209064,https://www.schnitzler-kultur.acdh.oeaw.ac.at/pmb209064.html
pmb209063,https://www.schnitzler-kultur.acdh.oeaw.ac.at/pmb209063.html
pmb209062,https://www.schnitzler-kultur.acdh.oeaw.ac.at/pmb209062.html
pmb209061,https://www.schnitzler-kultur.acdh.oeaw.ac.at/pmb209061.html
pmb209060,https://www.schnitzler-kultur.acdh.oeaw.ac.at/pmb209060.html
pmb209059,https://www.schnitzler-kultur.acdh.oeaw.ac.at/pmb209059.html
pmb209058,https://www.schnitzler-kultur.acdh.oeaw.ac.at/pmb209058.html
pmb209057,https://www.schnitzler-kultur.acdh.oeaw.ac.at/pmb209057.html
pmb209056,https://www.schnitzler-kultur.acdh.oeaw.ac.at/pmb209056.html
pmb209055,https://www.schnitzler-kultur.acdh.oeaw.ac.at/pmb209055.html
pmb209054,https://www.schnitzler-kultur.acdh.oeaw.ac.at/pmb209054.html
pmb209053,https://www.schnitzler-kultur.acdh.oeaw.ac.at/pmb209053.html
pmb209052,https://www.schnitzler-kultur.acdh.oeaw.ac.at/pmb209052.html
pmb209051,https://www.schnitzler-kultur.acdh.oeaw.ac.at/pmb209051.html
pmb209050,https://www.schnitzler-kultur.acdh.oeaw.ac.at/pmb209050.html
pmb209049,https://www.schnitzler-kultur.acdh.oeaw.ac.at/pmb209049.html
pmb209048,https://www.schnitzler-kultur.acdh.oeaw.ac.at/pmb209048.html
pmb209047,https://www.schnitzler-kultur.acdh.oeaw.ac.at/pmb209047.html
pmb209046,https://www.schnitzler-kultur.acdh.oeaw.ac.at/pmb209046.html
pmb209045,https://www.schnitzler-kultur.acdh.oeaw.ac.at/pmb209045.html
pmb209044,https://www.schnitzler-kultur.acdh.oeaw.ac.at/pmb209044.html
pmb209043,https://www.schnitzler-kultur.acdh.oeaw.ac.at/pmb209043.html
pmb209042,https://www.schnitzler-kultur.acdh.oeaw.ac.at/pmb209042.html
pmb209041,https://www.schnitzler-kultur.acdh.oeaw.ac.at/pmb209041.html
pmb209040,https://www.schnitzler-kultur.acdh.oeaw.ac.at/pmb209040.html
pmb209039,https://www.schnitzler-kultur.acdh.oeaw.ac.at/pmb209039.html
pmb209038,https://www.schnitzler-kultur.acdh.oeaw.ac.at/pmb209038.html
pmb209037,https://www.schnitzler-kultur.acdh.oeaw.ac.at/pmb209037.html
pmb209036,https://www.schnitzler-kultur.acdh.oeaw.ac.at/pmb209036.html
pmb209035,https://www.schnitzler-kultur.acdh.oeaw.ac.at/pmb209035.html
pmb209034,https://www.schnitzler-kultur.acdh.oeaw.ac.at/pmb209034.html
pmb209033,https://www.schnitzler-kultur.acdh.oeaw.ac.at/pmb209033.html
pmb209032,https://www.schnitzler-kultur.acdh.oeaw.ac.at/pmb209032.html
pmb209031,https://www.schnitzler-kultur.acdh.oeaw.ac.at/pmb209031.html
pmb209030,https://www.schnitzler-kultur.acdh.oeaw.ac.at/pmb209030.html
pmb209029,https://www.schnitzler-kultur.acdh.oeaw.ac.at/pmb209029.html
pmb209028,https://www.schnitzler-kultur.acdh.oeaw.ac.at/pmb209028.html
pmb209027,https://www.schnitzler-kultur.acdh.oeaw.ac.at/pmb209027.html
pmb209026,https://www.schnitzler-kultur.acdh.oeaw.ac.at/pmb209026.html
pmb209025,https://www.schnitzler-kultur.acdh.oeaw.ac.at/pmb209025.html
pmb209024,https://www.schnitzler-kultur.acdh.oeaw.ac.at/pmb209024.html
pmb209023,https://www.schnitzler-kultur.acdh.oeaw.ac.at/pmb209023.html
pmb209022,https://www.schnitzler-kultur.acdh.oeaw.ac.at/pmb209022.html
pmb209021,https://www.schnitzler-kultur.acdh.oeaw.ac.at/pmb209021.html
pmb209020,https://www.schnitzler-kultur.acdh.oeaw.ac.at/pmb209020.html
pmb209019,https://www.schnitzler-kultur.acdh.oeaw.ac.at/pmb209019.html
pmb209018,https://www.schnitzler-kultur.acdh.oeaw.ac.at/pmb209018.html
pmb209017,https://www.schnitzler-kultur.acdh.oeaw.ac.at/pmb209017.html
pmb209016,https://www.schnitzler-kultur.acdh.oeaw.ac.at/pmb209016.html
pmb209015,https://www.schnitzler-kultur.acdh.oeaw.ac.at/pmb209015.html
pmb209014,https://www.schnitzler-kultur.acdh.oeaw.ac.at/pmb209014.html
pmb209013,https://www.schnitzler-kultur.acdh.oeaw.ac.at/pmb209013.html
pmb209012,https://www.schnitzler-kultur.acdh.oeaw.ac.at/pmb209012.html
pmb209011,https://www.schnitzler-kultur.acdh.oeaw.ac.at/pmb209011.html
pmb209010,https://www.schnitzler-kultur.acdh.oeaw.ac.at/pmb209010.html
pmb209009,https://www.schnitzler-kultur.acdh.oeaw.ac.at/pmb209009.html
pmb209008,https://www.schnitzler-kultur.acdh.oeaw.ac.at/pmb209008.html
pmb209007,https://www.schnitzler-kultur.acdh.oeaw.ac.at/pmb209007.html
pmb209006,https://www.schnitzler-kultur.acdh.oeaw.ac.at/pmb209006.html
pmb209005,https://www.schnitzler-kultur.acdh.oeaw.ac.at/pmb209005.html
pmb209004,https://www.schnitzler-kultur.acdh.oeaw.ac.at/pmb209004.html
pmb209003,https://www.schnitzler-kultur.acdh.oeaw.ac.at/pmb209003.html
pmb209002,https://www.schnitzler-kultur.acdh.oeaw.ac.at/pmb209002.html
pmb209001,https://www.schnitzler-kultur.acdh.oeaw.ac.at/pmb209001.html
pmb209000,https://www.schnitzler-kultur.acdh.oeaw.ac.at/pmb209000.html
pmb208999,https://www.schnitzler-kultur.acdh.oeaw.ac.at/pmb208999.html
pmb208998,https://www.schnitzler-kultur.acdh.oeaw.ac.at/pmb208998.html
pmb208997,https://www.schnitzler-kultur.acdh.oeaw.ac.at/pmb208997.html
pmb208996,https://www.schnitzler-kultur.acdh.oeaw.ac.at/pmb208996.html
pmb208995,https://www.schnitzler-kultur.acdh.oeaw.ac.at/pmb208995.html
pmb208994,https://www.schnitzler-kultur.acdh.oeaw.ac.at/pmb208994.html
pmb208993,https://www.schnitzler-kultur.acdh.oeaw.ac.at/pmb208993.html
pmb208992,https://www.schnitzler-kultur.acdh.oeaw.ac.at/pmb208992.html
pmb208991,https://www.schnitzler-kultur.acdh.oeaw.ac.at/pmb208991.html
pmb208989,https://www.schnitzler-kultur.acdh.oeaw.ac.at/pmb208989.html
pmb208988,https://www.schnitzler-kultur.acdh.oeaw.ac.at/pmb208988.html
pmb208987,https://www.schnitzler-kultur.acdh.oeaw.ac.at/pmb208987.html
pmb208986,https://www.schnitzler-kultur.acdh.oeaw.ac.at/pmb208986.html
pmb208985,https://www.schnitzler-kultur.acdh.oeaw.ac.at/pmb208985.html
pmb208984,https://www.schnitzler-kultur.acdh.oeaw.ac.at/pmb208984.html
pmb208983,https://www.schnitzler-kultur.acdh.oeaw.ac.at/pmb208983.html
pmb208982,https://www.schnitzler-kultur.acdh.oeaw.ac.at/pmb208982.html
pmb208981,https://www.schnitzler-kultur.acdh.oeaw.ac.at/pmb208981.html
pmb208980,https://www.schnitzler-kultur.acdh.oeaw.ac.at/pmb208980.html
pmb208979,https://www.schnitzler-kultur.acdh.oeaw.ac.at/pmb208979.html
pmb208978,https://www.schnitzler-kultur.acdh.oeaw.ac.at/pmb208978.html
pmb208977,https://www.schnitzler-kultur.acdh.oeaw.ac.at/pmb208977.html
pmb208976,https://www.schnitzler-kultur.acdh.oeaw.ac.at/pmb208976.html
pmb208975,https://www.schnitzler-kultur.acdh.oeaw.ac.at/pmb208975.html
pmb208974,https://www.schnitzler-kultur.acdh.oeaw.ac.at/pmb208974.html
pmb208973,https://www.schnitzler-kultur.acdh.oeaw.ac.at/pmb208973.html
pmb208972,https://www.schnitzler-kultur.acdh.oeaw.ac.at/pmb208972.html
pmb208971,https://www.schnitzler-kultur.acdh.oeaw.ac.at/pmb208971.html
pmb208970,https://www.schnitzler-kultur.acdh.oeaw.ac.at/pmb208970.html
pmb208969,https://www.schnitzler-kultur.acdh.oeaw.ac.at/pmb208969.html
pmb208968,https://www.schnitzler-kultur.acdh.oeaw.ac.at/pmb208968.html
pmb208967,https://www.schnitzler-kultur.acdh.oeaw.ac.at/pmb208967.html
pmb208966,https://www.schnitzler-kultur.acdh.oeaw.ac.at/pmb208966.html
pmb208965,https://www.schnitzler-kultur.acdh.oeaw.ac.at/pmb208965.html
pmb208964,https://www.schnitzler-kultur.acdh.oeaw.ac.at/pmb208964.html
pmb208963,https://www.schnitzler-kultur.acdh.oeaw.ac.at/pmb208963.html
pmb208962,https://www.schnitzler-kultur.acdh.oeaw.ac.at/pmb208962.html
pmb208961,https://www.schnitzler-kultur.acdh.oeaw.ac.at/pmb208961.html
pmb208960,https://www.schnitzler-kultur.acdh.oeaw.ac.at/pmb208960.html
pmb208959,https://www.schnitzler-kultur.acdh.oeaw.ac.at/pmb208959.html
pmb208958,https://www.schnitzler-kultur.acdh.oeaw.ac.at/pmb208958.html
pmb208957,https://www.schnitzler-kultur.acdh.oeaw.ac.at/pmb208957.html
pmb208956,https://www.schnitzler-kultur.acdh.oeaw.ac.at/pmb208956.html
pmb208955,https://www.schnitzler-kultur.acdh.oeaw.ac.at/pmb208955.html
pmb208954,https://www.schnitzler-kultur.acdh.oeaw.ac.at/pmb208954.html
pmb208953,https://www.schnitzler-kultur.acdh.oeaw.ac.at/pmb208953.html
pmb208952,https://www.schnitzler-kultur.acdh.oeaw.ac.at/pmb208952.html
pmb208951,https://www.schnitzler-kultur.acdh.oeaw.ac.at/pmb208951.html
pmb208950,https://www.schnitzler-kultur.acdh.oeaw.ac.at/pmb208950.html
pmb208949,https://www.schnitzler-kultur.acdh.oeaw.ac.at/pmb208949.html
pmb208948,https://www.schnitzler-kultur.acdh.oeaw.ac.at/pmb208948.html
pmb208947,https://www.schnitzler-kultur.acdh.oeaw.ac.at/pmb208947.html
pmb208946,https://www.schnitzler-kultur.acdh.oeaw.ac.at/pmb208946.html
pmb208945,https://www.schnitzler-kultur.acdh.oeaw.ac.at/pmb208945.html
pmb208944,https://www.schnitzler-kultur.acdh.oeaw.ac.at/pmb208944.html
pmb208943,https://www.schnitzler-kultur.acdh.oeaw.ac.at/pmb208943.html
pmb208942,https://www.schnitzler-kultur.acdh.oeaw.ac.at/pmb208942.html
pmb208941,https://www.schnitzler-kultur.acdh.oeaw.ac.at/pmb208941.html
pmb208940,https://www.schnitzler-kultur.acdh.oeaw.ac.at/pmb208940.html
pmb208939,https://www.schnitzler-kultur.acdh.oeaw.ac.at/pmb208939.html
pmb208938,https://www.schnitzler-kultur.acdh.oeaw.ac.at/pmb208938.html
pmb208937,https://www.schnitzler-kultur.acdh.oeaw.ac.at/pmb208937.html
pmb208936,https://www.schnitzler-kultur.acdh.oeaw.ac.at/pmb208936.html
pmb208935,https://www.schnitzler-kultur.acdh.oeaw.ac.at/pmb208935.html
pmb208934,https://www.schnitzler-kultur.acdh.oeaw.ac.at/pmb208934.html
pmb208933,https://www.schnitzler-kultur.acdh.oeaw.ac.at/pmb208933.html
pmb208932,https://www.schnitzler-kultur.acdh.oeaw.ac.at/pmb208932.html
pmb208931,https://www.schnitzler-kultur.acdh.oeaw.ac.at/pmb208931.html
pmb208930,https://www.schnitzler-kultur.acdh.oeaw.ac.at/pmb208930.html
pmb208929,https://www.schnitzler-kultur.acdh.oeaw.ac.at/pmb208929.html
pmb208928,https://www.schnitzler-kultur.acdh.oeaw.ac.at/pmb208928.html
pmb208927,https://www.schnitzler-kultur.acdh.oeaw.ac.at/pmb208927.html
pmb208926,https://www.schnitzler-kultur.acdh.oeaw.ac.at/pmb208926.html
pmb208925,https://www.schnitzler-kultur.acdh.oeaw.ac.at/pmb208925.html
pmb208924,https://www.schnitzler-kultur.acdh.oeaw.ac.at/pmb208924.html
pmb208923,https://www.schnitzler-kultur.acdh.oeaw.ac.at/pmb208923.html
pmb208922,https://www.schnitzler-kultur.acdh.oeaw.ac.at/pmb208922.html
pmb208921,https://www.schnitzler-kultur.acdh.oeaw.ac.at/pmb208921.html
pmb208920,https://www.schnitzler-kultur.acdh.oeaw.ac.at/pmb208920.html
pmb208919,https://www.schnitzler-kultur.acdh.oeaw.ac.at/pmb208919.html
pmb208918,https://www.schnitzler-kultur.acdh.oeaw.ac.at/pmb208918.html
pmb208917,https://www.schnitzler-kultur.acdh.oeaw.ac.at/pmb208917.html
pmb208916,https://www.schnitzler-kultur.acdh.oeaw.ac.at/pmb208916.html
pmb208915,https://www.schnitzler-kultur.acdh.oeaw.ac.at/pmb208915.html
pmb208914,https://www.schnitzler-kultur.acdh.oeaw.ac.at/pmb208914.html
pmb208913,https://www.schnitzler-kultur.acdh.oeaw.ac.at/pmb208913.html
pmb208912,https://www.schnitzler-kultur.acdh.oeaw.ac.at/pmb208912.html
pmb208911,https://www.schnitzler-kultur.acdh.oeaw.ac.at/pmb208911.html
pmb208910,https://www.schnitzler-kultur.acdh.oeaw.ac.at/pmb208910.html
pmb208909,https://www.schnitzler-kultur.acdh.oeaw.ac.at/pmb208909.html
pmb208908,https://www.schnitzler-kultur.acdh.oeaw.ac.at/pmb208908.html
pmb208907,https://www.schnitzler-kultur.acdh.oeaw.ac.at/pmb208907.html
pmb208906,https://www.schnitzler-kultur.acdh.oeaw.ac.at/pmb208906.html
pmb208905,https://www.schnitzler-kultur.acdh.oeaw.ac.at/pmb208905.html
pmb208904,https://www.schnitzler-kultur.acdh.oeaw.ac.at/pmb208904.html
pmb208903,https://www.schnitzler-kultur.acdh.oeaw.ac.at/pmb208903.html
pmb208902,https://www.schnitzler-kultur.acdh.oeaw.ac.at/pmb208902.html
pmb208901,https://www.schnitzler-kultur.acdh.oeaw.ac.at/pmb208901.html
pmb208900,https://www.schnitzler-kultur.acdh.oeaw.ac.at/pmb208900.html
pmb208899,https://www.schnitzler-kultur.acdh.oeaw.ac.at/pmb208899.html
pmb208898,https://www.schnitzler-kultur.acdh.oeaw.ac.at/pmb208898.html
pmb208897,https://www.schnitzler-kultur.acdh.oeaw.ac.at/pmb208897.html
pmb208896,https://www.schnitzler-kultur.acdh.oeaw.ac.at/pmb208896.html
pmb208895,https://www.schnitzler-kultur.acdh.oeaw.ac.at/pmb208895.html
pmb208894,https://www.schnitzler-kultur.acdh.oeaw.ac.at/pmb208894.html
pmb208893,https://www.schnitzler-kultur.acdh.oeaw.ac.at/pmb208893.html
pmb208892,https://www.schnitzler-kultur.acdh.oeaw.ac.at/pmb208892.html
pmb208891,https://www.schnitzler-kultur.acdh.oeaw.ac.at/pmb208891.html
pmb208890,https://www.schnitzler-kultur.acdh.oeaw.ac.at/pmb208890.html
pmb208889,https://www.schnitzler-kultur.acdh.oeaw.ac.at/pmb208889.html
pmb208888,https://www.schnitzler-kultur.acdh.oeaw.ac.at/pmb208888.html
pmb208887,https://www.schnitzler-kultur.acdh.oeaw.ac.at/pmb208887.html
pmb208886,https://www.schnitzler-kultur.acdh.oeaw.ac.at/pmb208886.html
pmb208885,https://www.schnitzler-kultur.acdh.oeaw.ac.at/pmb208885.html
pmb208884,https://www.schnitzler-kultur.acdh.oeaw.ac.at/pmb208884.html
pmb208883,https://www.schnitzler-kultur.acdh.oeaw.ac.at/pmb208883.html
pmb208882,https://www.schnitzler-kultur.acdh.oeaw.ac.at/pmb208882.html
pmb208881,https://www.schnitzler-kultur.acdh.oeaw.ac.at/pmb208881.html
pmb208880,https://www.schnitzler-kultur.acdh.oeaw.ac.at/pmb208880.html
pmb208879,https://www.schnitzler-kultur.acdh.oeaw.ac.at/pmb208879.html
pmb208878,https://www.schnitzler-kultur.acdh.oeaw.ac.at/pmb208878.html
pmb208877,https://www.schnitzler-kultur.acdh.oeaw.ac.at/pmb208877.html
pmb208876,https://www.schnitzler-kultur.acdh.oeaw.ac.at/pmb208876.html
pmb208875,https://www.schnitzler-kultur.acdh.oeaw.ac.at/pmb208875.html
pmb208874,https://www.schnitzler-kultur.acdh.oeaw.ac.at/pmb208874.html
pmb208873,https://www.schnitzler-kultur.acdh.oeaw.ac.at/pmb208873.html
pmb208872,https://www.schnitzler-kultur.acdh.oeaw.ac.at/pmb208872.html
pmb208871,https://www.schnitzler-kultur.acdh.oeaw.ac.at/pmb208871.html
pmb208870,https://www.schnitzler-kultur.acdh.oeaw.ac.at/pmb208870.html
pmb208869,https://www.schnitzler-kultur.acdh.oeaw.ac.at/pmb208869.html
pmb208868,https://www.schnitzler-kultur.acdh.oeaw.ac.at/pmb208868.html
pmb208867,https://www.schnitzler-kultur.acdh.oeaw.ac.at/pmb208867.html
pmb208866,https://www.schnitzler-kultur.acdh.oeaw.ac.at/pmb208866.html
pmb208865,https://www.schnitzler-kultur.acdh.oeaw.ac.at/pmb208865.html
pmb208864,https://www.schnitzler-kultur.acdh.oeaw.ac.at/pmb208864.html
pmb208863,https://www.schnitzler-kultur.acdh.oeaw.ac.at/pmb208863.html
pmb208862,https://www.schnitzler-kultur.acdh.oeaw.ac.at/pmb208862.html
pmb208860,https://www.schnitzler-kultur.acdh.oeaw.ac.at/pmb208860.html
pmb208859,https://www.schnitzler-kultur.acdh.oeaw.ac.at/pmb208859.html
pmb208858,https://www.schnitzler-kultur.acdh.oeaw.ac.at/pmb208858.html
pmb208857,https://www.schnitzler-kultur.acdh.oeaw.ac.at/pmb208857.html
pmb208856,https://www.schnitzler-kultur.acdh.oeaw.ac.at/pmb208856.html
pmb208855,https://www.schnitzler-kultur.acdh.oeaw.ac.at/pmb208855.html
pmb208854,https://www.schnitzler-kultur.acdh.oeaw.ac.at/pmb208854.html
pmb208853,https://www.schnitzler-kultur.acdh.oeaw.ac.at/pmb208853.html
pmb208852,https://www.schnitzler-kultur.acdh.oeaw.ac.at/pmb208852.html
pmb208851,https://www.schnitzler-kultur.acdh.oeaw.ac.at/pmb208851.html
pmb208850,https://www.schnitzler-kultur.acdh.oeaw.ac.at/pmb208850.html
pmb208849,https://www.schnitzler-kultur.acdh.oeaw.ac.at/pmb208849.html
pmb208848,https://www.schnitzler-kultur.acdh.oeaw.ac.at/pmb208848.html
pmb208847,https://www.schnitzler-kultur.acdh.oeaw.ac.at/pmb208847.html
pmb208846,https://www.schnitzler-kultur.acdh.oeaw.ac.at/pmb208846.html
pmb208845,https://www.schnitzler-kultur.acdh.oeaw.ac.at/pmb208845.html
pmb208844,https://www.schnitzler-kultur.acdh.oeaw.ac.at/pmb208844.html
pmb208843,https://www.schnitzler-kultur.acdh.oeaw.ac.at/pmb208843.html
pmb208842,https://www.schnitzler-kultur.acdh.oeaw.ac.at/pmb208842.html
pmb208841,https://www.schnitzler-kultur.acdh.oeaw.ac.at/pmb208841.html
pmb208840,https://www.schnitzler-kultur.acdh.oeaw.ac.at/pmb208840.html
pmb208839,https://www.schnitzler-kultur.acdh.oeaw.ac.at/pmb208839.html
pmb208838,https://www.schnitzler-kultur.acdh.oeaw.ac.at/pmb208838.html
pmb208837,https://www.schnitzler-kultur.acdh.oeaw.ac.at/pmb208837.html
pmb208836,https://www.schnitzler-kultur.acdh.oeaw.ac.at/pmb208836.html
pmb208835,https://www.schnitzler-kultur.acdh.oeaw.ac.at/pmb208835.html
pmb208834,https://www.schnitzler-kultur.acdh.oeaw.ac.at/pmb208834.html
pmb208833,https://www.schnitzler-kultur.acdh.oeaw.ac.at/pmb208833.html
pmb208832,https://www.schnitzler-kultur.acdh.oeaw.ac.at/pmb208832.html
pmb208831,https://www.schnitzler-kultur.acdh.oeaw.ac.at/pmb208831.html
pmb208830,https://www.schnitzler-kultur.acdh.oeaw.ac.at/pmb208830.html
pmb208829,https://www.schnitzler-kultur.acdh.oeaw.ac.at/pmb208829.html
pmb208828,https://www.schnitzler-kultur.acdh.oeaw.ac.at/pmb208828.html
pmb208827,https://www.schnitzler-kultur.acdh.oeaw.ac.at/pmb208827.html
pmb208826,https://www.schnitzler-kultur.acdh.oeaw.ac.at/pmb208826.html
pmb208825,https://www.schnitzler-kultur.acdh.oeaw.ac.at/pmb208825.html
pmb208824,https://www.schnitzler-kultur.acdh.oeaw.ac.at/pmb208824.html
pmb208823,https://www.schnitzler-kultur.acdh.oeaw.ac.at/pmb208823.html
pmb208822,https://www.schnitzler-kultur.acdh.oeaw.ac.at/pmb208822.html
pmb208821,https://www.schnitzler-kultur.acdh.oeaw.ac.at/pmb208821.html
pmb208820,https://www.schnitzler-kultur.acdh.oeaw.ac.at/pmb208820.html
pmb208819,https://www.schnitzler-kultur.acdh.oeaw.ac.at/pmb208819.html
pmb208818,https://www.schnitzler-kultur.acdh.oeaw.ac.at/pmb208818.html
pmb208817,https://www.schnitzler-kultur.acdh.oeaw.ac.at/pmb208817.html
pmb208816,https://www.schnitzler-kultur.acdh.oeaw.ac.at/pmb208816.html
pmb208815,https://www.schnitzler-kultur.acdh.oeaw.ac.at/pmb208815.html
pmb208814,https://www.schnitzler-kultur.acdh.oeaw.ac.at/pmb208814.html
pmb208813,https://www.schnitzler-kultur.acdh.oeaw.ac.at/pmb208813.html
pmb208812,https://www.schnitzler-kultur.acdh.oeaw.ac.at/pmb208812.html
pmb208811,https://www.schnitzler-kultur.acdh.oeaw.ac.at/pmb208811.html
pmb208810,https://www.schnitzler-kultur.acdh.oeaw.ac.at/pmb208810.html
pmb208809,https://www.schnitzler-kultur.acdh.oeaw.ac.at/pmb208809.html
pmb208808,https://www.schnitzler-kultur.acdh.oeaw.ac.at/pmb208808.html
pmb208807,https://www.schnitzler-kultur.acdh.oeaw.ac.at/pmb208807.html
pmb208806,https://www.schnitzler-kultur.acdh.oeaw.ac.at/pmb208806.html
pmb208805,https://www.schnitzler-kultur.acdh.oeaw.ac.at/pmb208805.html
pmb208804,https://www.schnitzler-kultur.acdh.oeaw.ac.at/pmb208804.html
pmb208803,https://www.schnitzler-kultur.acdh.oeaw.ac.at/pmb208803.html
pmb208802,https://www.schnitzler-kultur.acdh.oeaw.ac.at/pmb208802.html
pmb208801,https://www.schnitzler-kultur.acdh.oeaw.ac.at/pmb208801.html
pmb208800,https://www.schnitzler-kultur.acdh.oeaw.ac.at/pmb208800.html
pmb208799,https://www.schnitzler-kultur.acdh.oeaw.ac.at/pmb208799.html
pmb208798,https://www.schnitzler-kultur.acdh.oeaw.ac.at/pmb208798.html
pmb208797,https://www.schnitzler-kultur.acdh.oeaw.ac.at/pmb208797.html
pmb208796,https://www.schnitzler-kultur.acdh.oeaw.ac.at/pmb208796.html
pmb208795,https://www.schnitzler-kultur.acdh.oeaw.ac.at/pmb208795.html
pmb208794,https://www.schnitzler-kultur.acdh.oeaw.ac.at/pmb208794.html
pmb208793,https://www.schnitzler-kultur.acdh.oeaw.ac.at/pmb208793.html
pmb208792,https://www.schnitzler-kultur.acdh.oeaw.ac.at/pmb208792.html
pmb208791,https://www.schnitzler-kultur.acdh.oeaw.ac.at/pmb208791.html
pmb208790,https://www.schnitzler-kultur.acdh.oeaw.ac.at/pmb208790.html
pmb208789,https://www.schnitzler-kultur.acdh.oeaw.ac.at/pmb208789.html
pmb208788,https://www.schnitzler-kultur.acdh.oeaw.ac.at/pmb208788.html
pmb208787,https://www.schnitzler-kultur.acdh.oeaw.ac.at/pmb208787.html
pmb208786,https://www.schnitzler-kultur.acdh.oeaw.ac.at/pmb208786.html
pmb208785,https://www.schnitzler-kultur.acdh.oeaw.ac.at/pmb208785.html
pmb208784,https://www.schnitzler-kultur.acdh.oeaw.ac.at/pmb208784.html
pmb208783,https://www.schnitzler-kultur.acdh.oeaw.ac.at/pmb208783.html
pmb208782,https://www.schnitzler-kultur.acdh.oeaw.ac.at/pmb208782.html
pmb208781,https://www.schnitzler-kultur.acdh.oeaw.ac.at/pmb208781.html
pmb208780,https://www.schnitzler-kultur.acdh.oeaw.ac.at/pmb208780.html
pmb208779,https://www.schnitzler-kultur.acdh.oeaw.ac.at/pmb208779.html
pmb208778,https://www.schnitzler-kultur.acdh.oeaw.ac.at/pmb208778.html
pmb208777,https://www.schnitzler-kultur.acdh.oeaw.ac.at/pmb208777.html
pmb208776,https://www.schnitzler-kultur.acdh.oeaw.ac.at/pmb208776.html
pmb208775,https://www.schnitzler-kultur.acdh.oeaw.ac.at/pmb208775.html
pmb208774,https://www.schnitzler-kultur.acdh.oeaw.ac.at/pmb208774.html
pmb208773,https://www.schnitzler-kultur.acdh.oeaw.ac.at/pmb208773.html
pmb208772,https://www.schnitzler-kultur.acdh.oeaw.ac.at/pmb208772.html
pmb208771,https://www.schnitzler-kultur.acdh.oeaw.ac.at/pmb208771.html
pmb208770,https://www.schnitzler-kultur.acdh.oeaw.ac.at/pmb208770.html
pmb208769,https://www.schnitzler-kultur.acdh.oeaw.ac.at/pmb208769.html
pmb208768,https://www.schnitzler-kultur.acdh.oeaw.ac.at/pmb208768.html
pmb208767,https://www.schnitzler-kultur.acdh.oeaw.ac.at/pmb208767.html
pmb208766,https://www.schnitzler-kultur.acdh.oeaw.ac.at/pmb208766.html
pmb208765,https://www.schnitzler-kultur.acdh.oeaw.ac.at/pmb208765.html
pmb208764,https://www.schnitzler-kultur.acdh.oeaw.ac.at/pmb208764.html
pmb208763,https://www.schnitzler-kultur.acdh.oeaw.ac.at/pmb208763.html
pmb208762,https://www.schnitzler-kultur.acdh.oeaw.ac.at/pmb208762.html
pmb208761,https://www.schnitzler-kultur.acdh.oeaw.ac.at/pmb208761.html
pmb208760,https://www.schnitzler-kultur.acdh.oeaw.ac.at/pmb208760.html
pmb208759,https://www.schnitzler-kultur.acdh.oeaw.ac.at/pmb208759.html
pmb208758,https://www.schnitzler-kultur.acdh.oeaw.ac.at/pmb208758.html
pmb208757,https://www.schnitzler-kultur.acdh.oeaw.ac.at/pmb208757.html
pmb208756,https://www.schnitzler-kultur.acdh.oeaw.ac.at/pmb208756.html
pmb208755,https://www.schnitzler-kultur.acdh.oeaw.ac.at/pmb208755.html
pmb208754,https://www.schnitzler-kultur.acdh.oeaw.ac.at/pmb208754.html
pmb208753,https://www.schnitzler-kultur.acdh.oeaw.ac.at/pmb208753.html
pmb208752,https://www.schnitzler-kultur.acdh.oeaw.ac.at/pmb208752.html
pmb208751,https://www.schnitzler-kultur.acdh.oeaw.ac.at/pmb208751.html
pmb208750,https://www.schnitzler-kultur.acdh.oeaw.ac.at/pmb208750.html
pmb208749,https://www.schnitzler-kultur.acdh.oeaw.ac.at/pmb208749.html
pmb208748,https://www.schnitzler-kultur.acdh.oeaw.ac.at/pmb208748.html
pmb208747,https://www.schnitzler-kultur.acdh.oeaw.ac.at/pmb208747.html
pmb208746,https://www.schnitzler-kultur.acdh.oeaw.ac.at/pmb208746.html
pmb208745,https://www.schnitzler-kultur.acdh.oeaw.ac.at/pmb208745.html
pmb208744,https://www.schnitzler-kultur.acdh.oeaw.ac.at/pmb208744.html
pmb208743,https://www.schnitzler-kultur.acdh.oeaw.ac.at/pmb208743.html
pmb208742,https://www.schnitzler-kultur.acdh.oeaw.ac.at/pmb208742.html
pmb208741,https://www.schnitzler-kultur.acdh.oeaw.ac.at/pmb208741.html
pmb208740,https://www.schnitzler-kultur.acdh.oeaw.ac.at/pmb208740.html
pmb208739,https://www.schnitzler-kultur.acdh.oeaw.ac.at/pmb208739.html
pmb208738,https://www.schnitzler-kultur.acdh.oeaw.ac.at/pmb208738.html
pmb208737,https://www.schnitzler-kultur.acdh.oeaw.ac.at/pmb208737.html
pmb208736,https://www.schnitzler-kultur.acdh.oeaw.ac.at/pmb208736.html
pmb208735,https://www.schnitzler-kultur.acdh.oeaw.ac.at/pmb208735.html
pmb208734,https://www.schnitzler-kultur.acdh.oeaw.ac.at/pmb208734.html
pmb208733,https://www.schnitzler-kultur.acdh.oeaw.ac.at/pmb208733.html
pmb208732,https://www.schnitzler-kultur.acdh.oeaw.ac.at/pmb208732.html
pmb208731,https://www.schnitzler-kultur.acdh.oeaw.ac.at/pmb208731.html
pmb208730,https://www.schnitzler-kultur.acdh.oeaw.ac.at/pmb208730.html
pmb208729,https://www.schnitzler-kultur.acdh.oeaw.ac.at/pmb208729.html
pmb208728,https://www.schnitzler-kultur.acdh.oeaw.ac.at/pmb208728.html
pmb208727,https://www.schnitzler-kultur.acdh.oeaw.ac.at/pmb208727.html
pmb208726,https://www.schnitzler-kultur.acdh.oeaw.ac.at/pmb208726.html
pmb208725,https://www.schnitzler-kultur.acdh.oeaw.ac.at/pmb208725.html
pmb208724,https://www.schnitzler-kultur.acdh.oeaw.ac.at/pmb208724.html
pmb208723,https://www.schnitzler-kultur.acdh.oeaw.ac.at/pmb208723.html
pmb208722,https://www.schnitzler-kultur.acdh.oeaw.ac.at/pmb208722.html
pmb208721,https://www.schnitzler-kultur.acdh.oeaw.ac.at/pmb208721.html
pmb208720,https://www.schnitzler-kultur.acdh.oeaw.ac.at/pmb208720.html
pmb208719,https://www.schnitzler-kultur.acdh.oeaw.ac.at/pmb208719.html
pmb208718,https://www.schnitzler-kultur.acdh.oeaw.ac.at/pmb208718.html
pmb208717,https://www.schnitzler-kultur.acdh.oeaw.ac.at/pmb208717.html
pmb208716,https://www.schnitzler-kultur.acdh.oeaw.ac.at/pmb208716.html
pmb208715,https://www.schnitzler-kultur.acdh.oeaw.ac.at/pmb208715.html
pmb208714,https://www.schnitzler-kultur.acdh.oeaw.ac.at/pmb208714.html
pmb208713,https://www.schnitzler-kultur.acdh.oeaw.ac.at/pmb208713.html
pmb208712,https://www.schnitzler-kultur.acdh.oeaw.ac.at/pmb208712.html
pmb208711,https://www.schnitzler-kultur.acdh.oeaw.ac.at/pmb208711.html
pmb208710,https://www.schnitzler-kultur.acdh.oeaw.ac.at/pmb208710.html
pmb208709,https://www.schnitzler-kultur.acdh.oeaw.ac.at/pmb208709.html
pmb208708,https://www.schnitzler-kultur.acdh.oeaw.ac.at/pmb208708.html
pmb208707,https://www.schnitzler-kultur.acdh.oeaw.ac.at/pmb208707.html
pmb208706,https://www.schnitzler-kultur.acdh.oeaw.ac.at/pmb208706.html
pmb208705,https://www.schnitzler-kultur.acdh.oeaw.ac.at/pmb208705.html
pmb208704,https://www.schnitzler-kultur.acdh.oeaw.ac.at/pmb208704.html
pmb208703,https://www.schnitzler-kultur.acdh.oeaw.ac.at/pmb208703.html
pmb208702,https://www.schnitzler-kultur.acdh.oeaw.ac.at/pmb208702.html
pmb208701,https://www.schnitzler-kultur.acdh.oeaw.ac.at/pmb208701.html
pmb208700,https://www.schnitzler-kultur.acdh.oeaw.ac.at/pmb208700.html
pmb208699,https://www.schnitzler-kultur.acdh.oeaw.ac.at/pmb208699.html
pmb208698,https://www.schnitzler-kultur.acdh.oeaw.ac.at/pmb208698.html
pmb208697,https://www.schnitzler-kultur.acdh.oeaw.ac.at/pmb208697.html
pmb208696,https://www.schnitzler-kultur.acdh.oeaw.ac.at/pmb208696.html
pmb208695,https://www.schnitzler-kultur.acdh.oeaw.ac.at/pmb208695.html
pmb208694,https://www.schnitzler-kultur.acdh.oeaw.ac.at/pmb208694.html
pmb208693,https://www.schnitzler-kultur.acdh.oeaw.ac.at/pmb208693.html
pmb208692,https://www.schnitzler-kultur.acdh.oeaw.ac.at/pmb208692.html
pmb208691,https://www.schnitzler-kultur.acdh.oeaw.ac.at/pmb208691.html
pmb208690,https://www.schnitzler-kultur.acdh.oeaw.ac.at/pmb208690.html
pmb208689,https://www.schnitzler-kultur.acdh.oeaw.ac.at/pmb208689.html
pmb208688,https://www.schnitzler-kultur.acdh.oeaw.ac.at/pmb208688.html
pmb208687,https://www.schnitzler-kultur.acdh.oeaw.ac.at/pmb208687.html
pmb208686,https://www.schnitzler-kultur.acdh.oeaw.ac.at/pmb208686.html
pmb208685,https://www.schnitzler-kultur.acdh.oeaw.ac.at/pmb208685.html
pmb208684,https://www.schnitzler-kultur.acdh.oeaw.ac.at/pmb208684.html
pmb208683,https://www.schnitzler-kultur.acdh.oeaw.ac.at/pmb208683.html
pmb208682,https://www.schnitzler-kultur.acdh.oeaw.ac.at/pmb208682.html
pmb208681,https://www.schnitzler-kultur.acdh.oeaw.ac.at/pmb208681.html
pmb208680,https://www.schnitzler-kultur.acdh.oeaw.ac.at/pmb208680.html
pmb208679,https://www.schnitzler-kultur.acdh.oeaw.ac.at/pmb208679.html
pmb208678,https://www.schnitzler-kultur.acdh.oeaw.ac.at/pmb208678.html
pmb208677,https://www.schnitzler-kultur.acdh.oeaw.ac.at/pmb208677.html
pmb208676,https://www.schnitzler-kultur.acdh.oeaw.ac.at/pmb208676.html
pmb208675,https://www.schnitzler-kultur.acdh.oeaw.ac.at/pmb208675.html
pmb208674,https://www.schnitzler-kultur.acdh.oeaw.ac.at/pmb208674.html
pmb208673,https://www.schnitzler-kultur.acdh.oeaw.ac.at/pmb208673.html
pmb208672,https://www.schnitzler-kultur.acdh.oeaw.ac.at/pmb208672.html
pmb208671,https://www.schnitzler-kultur.acdh.oeaw.ac.at/pmb208671.html
pmb208670,https://www.schnitzler-kultur.acdh.oeaw.ac.at/pmb208670.html
pmb208669,https://www.schnitzler-kultur.acdh.oeaw.ac.at/pmb208669.html
pmb208668,https://www.schnitzler-kultur.acdh.oeaw.ac.at/pmb208668.html
pmb208667,https://www.schnitzler-kultur.acdh.oeaw.ac.at/pmb208667.html
pmb208666,https://www.schnitzler-kultur.acdh.oeaw.ac.at/pmb208666.html
pmb208665,https://www.schnitzler-kultur.acdh.oeaw.ac.at/pmb208665.html
pmb208664,https://www.schnitzler-kultur.acdh.oeaw.ac.at/pmb208664.html
pmb208663,https://www.schnitzler-kultur.acdh.oeaw.ac.at/pmb208663.html
pmb208662,https://www.schnitzler-kultur.acdh.oeaw.ac.at/pmb208662.html
pmb208661,https://www.schnitzler-kultur.acdh.oeaw.ac.at/pmb208661.html
pmb208660,https://www.schnitzler-kultur.acdh.oeaw.ac.at/pmb208660.html
pmb208659,https://www.schnitzler-kultur.acdh.oeaw.ac.at/pmb208659.html
pmb208658,https://www.schnitzler-kultur.acdh.oeaw.ac.at/pmb208658.html
pmb208657,https://www.schnitzler-kultur.acdh.oeaw.ac.at/pmb208657.html
pmb208656,https://www.schnitzler-kultur.acdh.oeaw.ac.at/pmb208656.html
pmb208655,https://www.schnitzler-kultur.acdh.oeaw.ac.at/pmb208655.html
pmb208654,https://www.schnitzler-kultur.acdh.oeaw.ac.at/pmb208654.html
pmb208653,https://www.schnitzler-kultur.acdh.oeaw.ac.at/pmb208653.html
pmb208652,https://www.schnitzler-kultur.acdh.oeaw.ac.at/pmb208652.html
pmb208651,https://www.schnitzler-kultur.acdh.oeaw.ac.at/pmb208651.html
pmb208650,https://www.schnitzler-kultur.acdh.oeaw.ac.at/pmb208650.html
pmb208649,https://www.schnitzler-kultur.acdh.oeaw.ac.at/pmb208649.html
pmb208648,https://www.schnitzler-kultur.acdh.oeaw.ac.at/pmb208648.html
pmb208647,https://www.schnitzler-kultur.acdh.oeaw.ac.at/pmb208647.html
pmb208646,https://www.schnitzler-kultur.acdh.oeaw.ac.at/pmb208646.html
pmb208645,https://www.schnitzler-kultur.acdh.oeaw.ac.at/pmb208645.html
pmb208644,https://www.schnitzler-kultur.acdh.oeaw.ac.at/pmb208644.html
pmb208643,https://www.schnitzler-kultur.acdh.oeaw.ac.at/pmb208643.html
pmb208642,https://www.schnitzler-kultur.acdh.oeaw.ac.at/pmb208642.html
pmb208641,https://www.schnitzler-kultur.acdh.oeaw.ac.at/pmb208641.html
pmb208640,https://www.schnitzler-kultur.acdh.oeaw.ac.at/pmb208640.html
pmb208639,https://www.schnitzler-kultur.acdh.oeaw.ac.at/pmb208639.html
pmb208638,https://www.schnitzler-kultur.acdh.oeaw.ac.at/pmb208638.html
pmb208637,https://www.schnitzler-kultur.acdh.oeaw.ac.at/pmb208637.html
pmb208636,https://www.schnitzler-kultur.acdh.oeaw.ac.at/pmb208636.html
pmb208635,https://www.schnitzler-kultur.acdh.oeaw.ac.at/pmb208635.html
pmb208634,https://www.schnitzler-kultur.acdh.oeaw.ac.at/pmb208634.html
pmb208633,https://www.schnitzler-kultur.acdh.oeaw.ac.at/pmb208633.html
pmb208632,https://www.schnitzler-kultur.acdh.oeaw.ac.at/pmb208632.html
pmb208631,https://www.schnitzler-kultur.acdh.oeaw.ac.at/pmb208631.html
pmb208630,https://www.schnitzler-kultur.acdh.oeaw.ac.at/pmb208630.html
pmb208629,https://www.schnitzler-kultur.acdh.oeaw.ac.at/pmb208629.html
pmb208628,https://www.schnitzler-kultur.acdh.oeaw.ac.at/pmb208628.html
pmb208627,https://www.schnitzler-kultur.acdh.oeaw.ac.at/pmb208627.html
pmb208626,https://www.schnitzler-kultur.acdh.oeaw.ac.at/pmb208626.html
pmb208625,https://www.schnitzler-kultur.acdh.oeaw.ac.at/pmb208625.html
pmb208624,https://www.schnitzler-kultur.acdh.oeaw.ac.at/pmb208624.html
pmb208623,https://www.schnitzler-kultur.acdh.oeaw.ac.at/pmb208623.html
pmb208622,https://www.schnitzler-kultur.acdh.oeaw.ac.at/pmb208622.html
pmb208621,https://www.schnitzler-kultur.acdh.oeaw.ac.at/pmb208621.html
pmb208620,https://www.schnitzler-kultur.acdh.oeaw.ac.at/pmb208620.html
pmb208619,https://www.schnitzler-kultur.acdh.oeaw.ac.at/pmb208619.html
pmb208618,https://www.schnitzler-kultur.acdh.oeaw.ac.at/pmb208618.html
pmb208617,https://www.schnitzler-kultur.acdh.oeaw.ac.at/pmb208617.html
pmb208616,https://www.schnitzler-kultur.acdh.oeaw.ac.at/pmb208616.html
pmb208615,https://www.schnitzler-kultur.acdh.oeaw.ac.at/pmb208615.html
pmb208614,https://www.schnitzler-kultur.acdh.oeaw.ac.at/pmb208614.html
pmb208613,https://www.schnitzler-kultur.acdh.oeaw.ac.at/pmb208613.html
pmb208612,https://www.schnitzler-kultur.acdh.oeaw.ac.at/pmb208612.html
pmb208611,https://www.schnitzler-kultur.acdh.oeaw.ac.at/pmb208611.html
pmb208610,https://www.schnitzler-kultur.acdh.oeaw.ac.at/pmb208610.html
pmb208609,https://www.schnitzler-kultur.acdh.oeaw.ac.at/pmb208609.html
pmb208608,https://www.schnitzler-kultur.acdh.oeaw.ac.at/pmb208608.html
pmb208607,https://www.schnitzler-kultur.acdh.oeaw.ac.at/pmb208607.html
pmb208606,https://www.schnitzler-kultur.acdh.oeaw.ac.at/pmb208606.html
pmb208605,https://www.schnitzler-kultur.acdh.oeaw.ac.at/pmb208605.html
pmb208604,https://www.schnitzler-kultur.acdh.oeaw.ac.at/pmb208604.html
pmb208603,https://www.schnitzler-kultur.acdh.oeaw.ac.at/pmb208603.html
pmb208602,https://www.schnitzler-kultur.acdh.oeaw.ac.at/pmb208602.html
pmb208601,https://www.schnitzler-kultur.acdh.oeaw.ac.at/pmb208601.html
pmb208600,https://www.schnitzler-kultur.acdh.oeaw.ac.at/pmb208600.html
pmb208599,https://www.schnitzler-kultur.acdh.oeaw.ac.at/pmb208599.html
pmb208598,https://www.schnitzler-kultur.acdh.oeaw.ac.at/pmb208598.html
pmb208597,https://www.schnitzler-kultur.acdh.oeaw.ac.at/pmb208597.html
pmb208596,https://www.schnitzler-kultur.acdh.oeaw.ac.at/pmb208596.html
pmb208595,https://www.schnitzler-kultur.acdh.oeaw.ac.at/pmb208595.html
pmb208594,https://www.schnitzler-kultur.acdh.oeaw.ac.at/pmb208594.html
pmb208593,https://www.schnitzler-kultur.acdh.oeaw.ac.at/pmb208593.html
pmb208592,https://www.schnitzler-kultur.acdh.oeaw.ac.at/pmb208592.html
pmb208591,https://www.schnitzler-kultur.acdh.oeaw.ac.at/pmb208591.html
pmb208590,https://www.schnitzler-kultur.acdh.oeaw.ac.at/pmb208590.html
pmb208589,https://www.schnitzler-kultur.acdh.oeaw.ac.at/pmb208589.html
pmb208588,https://www.schnitzler-kultur.acdh.oeaw.ac.at/pmb208588.html
pmb208587,https://www.schnitzler-kultur.acdh.oeaw.ac.at/pmb208587.html
pmb208586,https://www.schnitzler-kultur.acdh.oeaw.ac.at/pmb208586.html
pmb208585,https://www.schnitzler-kultur.acdh.oeaw.ac.at/pmb208585.html
pmb208584,https://www.schnitzler-kultur.acdh.oeaw.ac.at/pmb208584.html
pmb208583,https://www.schnitzler-kultur.acdh.oeaw.ac.at/pmb208583.html
pmb208582,https://www.schnitzler-kultur.acdh.oeaw.ac.at/pmb208582.html
pmb208581,https://www.schnitzler-kultur.acdh.oeaw.ac.at/pmb208581.html
pmb208580,https://www.schnitzler-kultur.acdh.oeaw.ac.at/pmb208580.html
pmb208579,https://www.schnitzler-kultur.acdh.oeaw.ac.at/pmb208579.html
pmb208578,https://www.schnitzler-kultur.acdh.oeaw.ac.at/pmb208578.html
pmb208577,https://www.schnitzler-kultur.acdh.oeaw.ac.at/pmb208577.html
pmb208576,https://www.schnitzler-kultur.acdh.oeaw.ac.at/pmb208576.html
pmb208575,https://www.schnitzler-kultur.acdh.oeaw.ac.at/pmb208575.html
pmb208574,https://www.schnitzler-kultur.acdh.oeaw.ac.at/pmb208574.html
pmb208573,https://www.schnitzler-kultur.acdh.oeaw.ac.at/pmb208573.html
pmb208572,https://www.schnitzler-kultur.acdh.oeaw.ac.at/pmb208572.html
pmb208571,https://www.schnitzler-kultur.acdh.oeaw.ac.at/pmb208571.html
pmb208570,https://www.schnitzler-kultur.acdh.oeaw.ac.at/pmb208570.html
pmb208569,https://www.schnitzler-kultur.acdh.oeaw.ac.at/pmb208569.html
pmb208568,https://www.schnitzler-kultur.acdh.oeaw.ac.at/pmb208568.html
pmb208567,https://www.schnitzler-kultur.acdh.oeaw.ac.at/pmb208567.html
pmb208566,https://www.schnitzler-kultur.acdh.oeaw.ac.at/pmb208566.html
pmb208565,https://www.schnitzler-kultur.acdh.oeaw.ac.at/pmb208565.html
pmb208564,https://www.schnitzler-kultur.acdh.oeaw.ac.at/pmb208564.html
pmb208563,https://www.schnitzler-kultur.acdh.oeaw.ac.at/pmb208563.html
pmb208562,https://www.schnitzler-kultur.acdh.oeaw.ac.at/pmb208562.html
pmb208561,https://www.schnitzler-kultur.acdh.oeaw.ac.at/pmb208561.html
pmb208560,https://www.schnitzler-kultur.acdh.oeaw.ac.at/pmb208560.html
pmb208559,https://www.schnitzler-kultur.acdh.oeaw.ac.at/pmb208559.html
pmb208558,https://www.schnitzler-kultur.acdh.oeaw.ac.at/pmb208558.html
pmb208557,https://www.schnitzler-kultur.acdh.oeaw.ac.at/pmb208557.html
pmb208556,https://www.schnitzler-kultur.acdh.oeaw.ac.at/pmb208556.html
pmb208555,https://www.schnitzler-kultur.acdh.oeaw.ac.at/pmb208555.html
pmb208554,https://www.schnitzler-kultur.acdh.oeaw.ac.at/pmb208554.html
pmb208553,https://www.schnitzler-kultur.acdh.oeaw.ac.at/pmb208553.html
pmb208552,https://www.schnitzler-kultur.acdh.oeaw.ac.at/pmb208552.html
pmb208551,https://www.schnitzler-kultur.acdh.oeaw.ac.at/pmb208551.html
pmb208550,https://www.schnitzler-kultur.acdh.oeaw.ac.at/pmb208550.html
pmb208549,https://www.schnitzler-kultur.acdh.oeaw.ac.at/pmb208549.html
pmb208548,https://www.schnitzler-kultur.acdh.oeaw.ac.at/pmb208548.html
pmb208547,https://www.schnitzler-kultur.acdh.oeaw.ac.at/pmb208547.html
pmb208546,https://www.schnitzler-kultur.acdh.oeaw.ac.at/pmb208546.html
pmb208545,https://www.schnitzler-kultur.acdh.oeaw.ac.at/pmb208545.html
pmb208544,https://www.schnitzler-kultur.acdh.oeaw.ac.at/pmb208544.html
pmb208543,https://www.schnitzler-kultur.acdh.oeaw.ac.at/pmb208543.html
pmb208542,https://www.schnitzler-kultur.acdh.oeaw.ac.at/pmb208542.html
pmb208541,https://www.schnitzler-kultur.acdh.oeaw.ac.at/pmb208541.html
pmb208540,https://www.schnitzler-kultur.acdh.oeaw.ac.at/pmb208540.html
pmb208539,https://www.schnitzler-kultur.acdh.oeaw.ac.at/pmb208539.html
pmb208538,https://www.schnitzler-kultur.acdh.oeaw.ac.at/pmb208538.html
pmb208537,https://www.schnitzler-kultur.acdh.oeaw.ac.at/pmb208537.html
pmb208536,https://www.schnitzler-kultur.acdh.oeaw.ac.at/pmb208536.html
pmb208535,https://www.schnitzler-kultur.acdh.oeaw.ac.at/pmb208535.html
pmb208534,https://www.schnitzler-kultur.acdh.oeaw.ac.at/pmb208534.html
pmb208533,https://www.schnitzler-kultur.acdh.oeaw.ac.at/pmb208533.html
pmb208532,https://www.schnitzler-kultur.acdh.oeaw.ac.at/pmb208532.html
pmb208531,https://www.schnitzler-kultur.acdh.oeaw.ac.at/pmb208531.html
pmb208530,https://www.schnitzler-kultur.acdh.oeaw.ac.at/pmb208530.html
pmb208529,https://www.schnitzler-kultur.acdh.oeaw.ac.at/pmb208529.html
pmb208527,https://www.schnitzler-kultur.acdh.oeaw.ac.at/pmb208527.html
pmb208526,https://www.schnitzler-kultur.acdh.oeaw.ac.at/pmb208526.html
pmb208525,https://www.schnitzler-kultur.acdh.oeaw.ac.at/pmb208525.html
pmb208524,https://www.schnitzler-kultur.acdh.oeaw.ac.at/pmb208524.html
pmb208523,https://www.schnitzler-kultur.acdh.oeaw.ac.at/pmb208523.html
pmb208522,https://www.schnitzler-kultur.acdh.oeaw.ac.at/pmb208522.html
pmb208521,https://www.schnitzler-kultur.acdh.oeaw.ac.at/pmb208521.html
pmb208520,https://www.schnitzler-kultur.acdh.oeaw.ac.at/pmb208520.html
pmb208519,https://www.schnitzler-kultur.acdh.oeaw.ac.at/pmb208519.html
pmb208518,https://www.schnitzler-kultur.acdh.oeaw.ac.at/pmb208518.html
pmb208517,https://www.schnitzler-kultur.acdh.oeaw.ac.at/pmb208517.html
pmb208516,https://www.schnitzler-kultur.acdh.oeaw.ac.at/pmb208516.html
pmb208515,https://www.schnitzler-kultur.acdh.oeaw.ac.at/pmb208515.html
pmb208514,https://www.schnitzler-kultur.acdh.oeaw.ac.at/pmb208514.html
pmb208513,https://www.schnitzler-kultur.acdh.oeaw.ac.at/pmb208513.html
pmb208512,https://www.schnitzler-kultur.acdh.oeaw.ac.at/pmb208512.html
pmb208511,https://www.schnitzler-kultur.acdh.oeaw.ac.at/pmb208511.html
pmb208510,https://www.schnitzler-kultur.acdh.oeaw.ac.at/pmb208510.html
pmb208509,https://www.schnitzler-kultur.acdh.oeaw.ac.at/pmb208509.html
pmb208508,https://www.schnitzler-kultur.acdh.oeaw.ac.at/pmb208508.html
pmb208507,https://www.schnitzler-kultur.acdh.oeaw.ac.at/pmb208507.html
pmb208506,https://www.schnitzler-kultur.acdh.oeaw.ac.at/pmb208506.html
pmb208505,https://www.schnitzler-kultur.acdh.oeaw.ac.at/pmb208505.html
pmb208504,https://www.schnitzler-kultur.acdh.oeaw.ac.at/pmb208504.html
pmb208503,https://www.schnitzler-kultur.acdh.oeaw.ac.at/pmb208503.html
pmb208502,https://www.schnitzler-kultur.acdh.oeaw.ac.at/pmb208502.html
pmb208501,https://www.schnitzler-kultur.acdh.oeaw.ac.at/pmb208501.html
pmb208500,https://www.schnitzler-kultur.acdh.oeaw.ac.at/pmb208500.html
pmb208499,https://www.schnitzler-kultur.acdh.oeaw.ac.at/pmb208499.html
pmb208498,https://www.schnitzler-kultur.acdh.oeaw.ac.at/pmb208498.html
pmb208497,https://www.schnitzler-kultur.acdh.oeaw.ac.at/pmb208497.html
pmb208496,https://www.schnitzler-kultur.acdh.oeaw.ac.at/pmb208496.html
pmb208495,https://www.schnitzler-kultur.acdh.oeaw.ac.at/pmb208495.html
pmb208494,https://www.schnitzler-kultur.acdh.oeaw.ac.at/pmb208494.html
pmb208493,https://www.schnitzler-kultur.acdh.oeaw.ac.at/pmb208493.html
pmb208492,https://www.schnitzler-kultur.acdh.oeaw.ac.at/pmb208492.html
pmb208491,https://www.schnitzler-kultur.acdh.oeaw.ac.at/pmb208491.html
pmb208490,https://www.schnitzler-kultur.acdh.oeaw.ac.at/pmb208490.html
pmb208489,https://www.schnitzler-kultur.acdh.oeaw.ac.at/pmb208489.html
pmb208488,https://www.schnitzler-kultur.acdh.oeaw.ac.at/pmb208488.html
pmb208487,https://www.schnitzler-kultur.acdh.oeaw.ac.at/pmb208487.html
pmb208486,https://www.schnitzler-kultur.acdh.oeaw.ac.at/pmb208486.html
pmb208485,https://www.schnitzler-kultur.acdh.oeaw.ac.at/pmb208485.html
pmb208484,https://www.schnitzler-kultur.acdh.oeaw.ac.at/pmb208484.html
pmb208483,https://www.schnitzler-kultur.acdh.oeaw.ac.at/pmb208483.html
pmb208482,https://www.schnitzler-kultur.acdh.oeaw.ac.at/pmb208482.html
pmb208481,https://www.schnitzler-kultur.acdh.oeaw.ac.at/pmb208481.html
pmb208480,https://www.schnitzler-kultur.acdh.oeaw.ac.at/pmb208480.html
pmb208479,https://www.schnitzler-kultur.acdh.oeaw.ac.at/pmb208479.html
pmb208478,https://www.schnitzler-kultur.acdh.oeaw.ac.at/pmb208478.html
pmb208477,https://www.schnitzler-kultur.acdh.oeaw.ac.at/pmb208477.html
pmb208475,https://www.schnitzler-kultur.acdh.oeaw.ac.at/pmb208475.html
pmb208474,https://www.schnitzler-kultur.acdh.oeaw.ac.at/pmb208474.html
pmb208473,https://www.schnitzler-kultur.acdh.oeaw.ac.at/pmb208473.html
pmb208472,https://www.schnitzler-kultur.acdh.oeaw.ac.at/pmb208472.html
pmb208471,https://www.schnitzler-kultur.acdh.oeaw.ac.at/pmb208471.html
pmb208470,https://www.schnitzler-kultur.acdh.oeaw.ac.at/pmb208470.html
pmb208469,https://www.schnitzler-kultur.acdh.oeaw.ac.at/pmb208469.html
pmb208468,https://www.schnitzler-kultur.acdh.oeaw.ac.at/pmb208468.html
pmb208467,https://www.schnitzler-kultur.acdh.oeaw.ac.at/pmb208467.html
pmb208466,https://www.schnitzler-kultur.acdh.oeaw.ac.at/pmb208466.html
pmb208465,https://www.schnitzler-kultur.acdh.oeaw.ac.at/pmb208465.html
pmb208464,https://www.schnitzler-kultur.acdh.oeaw.ac.at/pmb208464.html
pmb208463,https://www.schnitzler-kultur.acdh.oeaw.ac.at/pmb208463.html
pmb208462,https://www.schnitzler-kultur.acdh.oeaw.ac.at/pmb208462.html
pmb208461,https://www.schnitzler-kultur.acdh.oeaw.ac.at/pmb208461.html
pmb208460,https://www.schnitzler-kultur.acdh.oeaw.ac.at/pmb208460.html
pmb208459,https://www.schnitzler-kultur.acdh.oeaw.ac.at/pmb208459.html
pmb208458,https://www.schnitzler-kultur.acdh.oeaw.ac.at/pmb208458.html
pmb208457,https://www.schnitzler-kultur.acdh.oeaw.ac.at/pmb208457.html
pmb208456,https://www.schnitzler-kultur.acdh.oeaw.ac.at/pmb208456.html
pmb208455,https://www.schnitzler-kultur.acdh.oeaw.ac.at/pmb208455.html
pmb208454,https://www.schnitzler-kultur.acdh.oeaw.ac.at/pmb208454.html
pmb208453,https://www.schnitzler-kultur.acdh.oeaw.ac.at/pmb208453.html
pmb208452,https://www.schnitzler-kultur.acdh.oeaw.ac.at/pmb208452.html
pmb208451,https://www.schnitzler-kultur.acdh.oeaw.ac.at/pmb208451.html
pmb208450,https://www.schnitzler-kultur.acdh.oeaw.ac.at/pmb208450.html
pmb208449,https://www.schnitzler-kultur.acdh.oeaw.ac.at/pmb208449.html
pmb208448,https://www.schnitzler-kultur.acdh.oeaw.ac.at/pmb208448.html
pmb208447,https://www.schnitzler-kultur.acdh.oeaw.ac.at/pmb208447.html
pmb208446,https://www.schnitzler-kultur.acdh.oeaw.ac.at/pmb208446.html
pmb208445,https://www.schnitzler-kultur.acdh.oeaw.ac.at/pmb208445.html
pmb208444,https://www.schnitzler-kultur.acdh.oeaw.ac.at/pmb208444.html
pmb208443,https://www.schnitzler-kultur.acdh.oeaw.ac.at/pmb208443.html
pmb208442,https://www.schnitzler-kultur.acdh.oeaw.ac.at/pmb208442.html
pmb208441,https://www.schnitzler-kultur.acdh.oeaw.ac.at/pmb208441.html
pmb208440,https://www.schnitzler-kultur.acdh.oeaw.ac.at/pmb208440.html
pmb208439,https://www.schnitzler-kultur.acdh.oeaw.ac.at/pmb208439.html
pmb208438,https://www.schnitzler-kultur.acdh.oeaw.ac.at/pmb208438.html
pmb208437,https://www.schnitzler-kultur.acdh.oeaw.ac.at/pmb208437.html
pmb208436,https://www.schnitzler-kultur.acdh.oeaw.ac.at/pmb208436.html
pmb208435,https://www.schnitzler-kultur.acdh.oeaw.ac.at/pmb208435.html
pmb208434,https://www.schnitzler-kultur.acdh.oeaw.ac.at/pmb208434.html
pmb208433,https://www.schnitzler-kultur.acdh.oeaw.ac.at/pmb208433.html
pmb208432,https://www.schnitzler-kultur.acdh.oeaw.ac.at/pmb208432.html
pmb208431,https://www.schnitzler-kultur.acdh.oeaw.ac.at/pmb208431.html
pmb208430,https://www.schnitzler-kultur.acdh.oeaw.ac.at/pmb208430.html
pmb208429,https://www.schnitzler-kultur.acdh.oeaw.ac.at/pmb208429.html
pmb208428,https://www.schnitzler-kultur.acdh.oeaw.ac.at/pmb208428.html
pmb208427,https://www.schnitzler-kultur.acdh.oeaw.ac.at/pmb208427.html
pmb208426,https://www.schnitzler-kultur.acdh.oeaw.ac.at/pmb208426.html
pmb208425,https://www.schnitzler-kultur.acdh.oeaw.ac.at/pmb208425.html
pmb208424,https://www.schnitzler-kultur.acdh.oeaw.ac.at/pmb208424.html
pmb208423,https://www.schnitzler-kultur.acdh.oeaw.ac.at/pmb208423.html
pmb208422,https://www.schnitzler-kultur.acdh.oeaw.ac.at/pmb208422.html
pmb208421,https://www.schnitzler-kultur.acdh.oeaw.ac.at/pmb208421.html
pmb208420,https://www.schnitzler-kultur.acdh.oeaw.ac.at/pmb208420.html
pmb208419,https://www.schnitzler-kultur.acdh.oeaw.ac.at/pmb208419.html
pmb208418,https://www.schnitzler-kultur.acdh.oeaw.ac.at/pmb208418.html
pmb208417,https://www.schnitzler-kultur.acdh.oeaw.ac.at/pmb208417.html
pmb208416,https://www.schnitzler-kultur.acdh.oeaw.ac.at/pmb208416.html
pmb208415,https://www.schnitzler-kultur.acdh.oeaw.ac.at/pmb208415.html
pmb208414,https://www.schnitzler-kultur.acdh.oeaw.ac.at/pmb208414.html
pmb208413,https://www.schnitzler-kultur.acdh.oeaw.ac.at/pmb208413.html
pmb208412,https://www.schnitzler-kultur.acdh.oeaw.ac.at/pmb208412.html
pmb208411,https://www.schnitzler-kultur.acdh.oeaw.ac.at/pmb208411.html
pmb208410,https://www.schnitzler-kultur.acdh.oeaw.ac.at/pmb208410.html
pmb208409,https://www.schnitzler-kultur.acdh.oeaw.ac.at/pmb208409.html
pmb208408,https://www.schnitzler-kultur.acdh.oeaw.ac.at/pmb208408.html
pmb208407,https://www.schnitzler-kultur.acdh.oeaw.ac.at/pmb208407.html
pmb208406,https://www.schnitzler-kultur.acdh.oeaw.ac.at/pmb208406.html
pmb208405,https://www.schnitzler-kultur.acdh.oeaw.ac.at/pmb208405.html
pmb208404,https://www.schnitzler-kultur.acdh.oeaw.ac.at/pmb208404.html
pmb208403,https://www.schnitzler-kultur.acdh.oeaw.ac.at/pmb208403.html
pmb208402,https://www.schnitzler-kultur.acdh.oeaw.ac.at/pmb208402.html
pmb208401,https://www.schnitzler-kultur.acdh.oeaw.ac.at/pmb208401.html
pmb208400,https://www.schnitzler-kultur.acdh.oeaw.ac.at/pmb208400.html
pmb208399,https://www.schnitzler-kultur.acdh.oeaw.ac.at/pmb208399.html
pmb208398,https://www.schnitzler-kultur.acdh.oeaw.ac.at/pmb208398.html
pmb208397,https://www.schnitzler-kultur.acdh.oeaw.ac.at/pmb208397.html
pmb208396,https://www.schnitzler-kultur.acdh.oeaw.ac.at/pmb208396.html
pmb208395,https://www.schnitzler-kultur.acdh.oeaw.ac.at/pmb208395.html
pmb208394,https://www.schnitzler-kultur.acdh.oeaw.ac.at/pmb208394.html
pmb208393,https://www.schnitzler-kultur.acdh.oeaw.ac.at/pmb208393.html
pmb208392,https://www.schnitzler-kultur.acdh.oeaw.ac.at/pmb208392.html
pmb208391,https://www.schnitzler-kultur.acdh.oeaw.ac.at/pmb208391.html
pmb208390,https://www.schnitzler-kultur.acdh.oeaw.ac.at/pmb208390.html
pmb208389,https://www.schnitzler-kultur.acdh.oeaw.ac.at/pmb208389.html
pmb208388,https://www.schnitzler-kultur.acdh.oeaw.ac.at/pmb208388.html
pmb208387,https://www.schnitzler-kultur.acdh.oeaw.ac.at/pmb208387.html
pmb208386,https://www.schnitzler-kultur.acdh.oeaw.ac.at/pmb208386.html
pmb208385,https://www.schnitzler-kultur.acdh.oeaw.ac.at/pmb208385.html
pmb208384,https://www.schnitzler-kultur.acdh.oeaw.ac.at/pmb208384.html
pmb208383,https://www.schnitzler-kultur.acdh.oeaw.ac.at/pmb208383.html
pmb208382,https://www.schnitzler-kultur.acdh.oeaw.ac.at/pmb208382.html
pmb208381,https://www.schnitzler-kultur.acdh.oeaw.ac.at/pmb208381.html
pmb208380,https://www.schnitzler-kultur.acdh.oeaw.ac.at/pmb208380.html
pmb208379,https://www.schnitzler-kultur.acdh.oeaw.ac.at/pmb208379.html
pmb208378,https://www.schnitzler-kultur.acdh.oeaw.ac.at/pmb208378.html
pmb208377,https://www.schnitzler-kultur.acdh.oeaw.ac.at/pmb208377.html
pmb208376,https://www.schnitzler-kultur.acdh.oeaw.ac.at/pmb208376.html
pmb208375,https://www.schnitzler-kultur.acdh.oeaw.ac.at/pmb208375.html
pmb208374,https://www.schnitzler-kultur.acdh.oeaw.ac.at/pmb208374.html
pmb208373,https://www.schnitzler-kultur.acdh.oeaw.ac.at/pmb208373.html
pmb208372,https://www.schnitzler-kultur.acdh.oeaw.ac.at/pmb208372.html
pmb208371,https://www.schnitzler-kultur.acdh.oeaw.ac.at/pmb208371.html
pmb208370,https://www.schnitzler-kultur.acdh.oeaw.ac.at/pmb208370.html
pmb208369,https://www.schnitzler-kultur.acdh.oeaw.ac.at/pmb208369.html
pmb208368,https://www.schnitzler-kultur.acdh.oeaw.ac.at/pmb208368.html
pmb208367,https://www.schnitzler-kultur.acdh.oeaw.ac.at/pmb208367.html
pmb208366,https://www.schnitzler-kultur.acdh.oeaw.ac.at/pmb208366.html
pmb208365,https://www.schnitzler-kultur.acdh.oeaw.ac.at/pmb208365.html
pmb208364,https://www.schnitzler-kultur.acdh.oeaw.ac.at/pmb208364.html
pmb208363,https://www.schnitzler-kultur.acdh.oeaw.ac.at/pmb208363.html
pmb208362,https://www.schnitzler-kultur.acdh.oeaw.ac.at/pmb208362.html
pmb208361,https://www.schnitzler-kultur.acdh.oeaw.ac.at/pmb208361.html
pmb208360,https://www.schnitzler-kultur.acdh.oeaw.ac.at/pmb208360.html
pmb208359,https://www.schnitzler-kultur.acdh.oeaw.ac.at/pmb208359.html
pmb208358,https://www.schnitzler-kultur.acdh.oeaw.ac.at/pmb208358.html
pmb208357,https://www.schnitzler-kultur.acdh.oeaw.ac.at/pmb208357.html
pmb208356,https://www.schnitzler-kultur.acdh.oeaw.ac.at/pmb208356.html
pmb208355,https://www.schnitzler-kultur.acdh.oeaw.ac.at/pmb208355.html
pmb208354,https://www.schnitzler-kultur.acdh.oeaw.ac.at/pmb208354.html
pmb208353,https://www.schnitzler-kultur.acdh.oeaw.ac.at/pmb208353.html
pmb208352,https://www.schnitzler-kultur.acdh.oeaw.ac.at/pmb208352.html
pmb208351,https://www.schnitzler-kultur.acdh.oeaw.ac.at/pmb208351.html
pmb208350,https://www.schnitzler-kultur.acdh.oeaw.ac.at/pmb208350.html
pmb208349,https://www.schnitzler-kultur.acdh.oeaw.ac.at/pmb208349.html
pmb208348,https://www.schnitzler-kultur.acdh.oeaw.ac.at/pmb208348.html
pmb208347,https://www.schnitzler-kultur.acdh.oeaw.ac.at/pmb208347.html
pmb208346,https://www.schnitzler-kultur.acdh.oeaw.ac.at/pmb208346.html
pmb208345,https://www.schnitzler-kultur.acdh.oeaw.ac.at/pmb208345.html
pmb208344,https://www.schnitzler-kultur.acdh.oeaw.ac.at/pmb208344.html
pmb208343,https://www.schnitzler-kultur.acdh.oeaw.ac.at/pmb208343.html
pmb208342,https://www.schnitzler-kultur.acdh.oeaw.ac.at/pmb208342.html
pmb208341,https://www.schnitzler-kultur.acdh.oeaw.ac.at/pmb208341.html
pmb208340,https://www.schnitzler-kultur.acdh.oeaw.ac.at/pmb208340.html
pmb208339,https://www.schnitzler-kultur.acdh.oeaw.ac.at/pmb208339.html
pmb208338,https://www.schnitzler-kultur.acdh.oeaw.ac.at/pmb208338.html
pmb208337,https://www.schnitzler-kultur.acdh.oeaw.ac.at/pmb208337.html
pmb208336,https://www.schnitzler-kultur.acdh.oeaw.ac.at/pmb208336.html
pmb208335,https://www.schnitzler-kultur.acdh.oeaw.ac.at/pmb208335.html
pmb208334,https://www.schnitzler-kultur.acdh.oeaw.ac.at/pmb208334.html
pmb208333,https://www.schnitzler-kultur.acdh.oeaw.ac.at/pmb208333.html
pmb208332,https://www.schnitzler-kultur.acdh.oeaw.ac.at/pmb208332.html
pmb208331,https://www.schnitzler-kultur.acdh.oeaw.ac.at/pmb208331.html
pmb208330,https://www.schnitzler-kultur.acdh.oeaw.ac.at/pmb208330.html
pmb208329,https://www.schnitzler-kultur.acdh.oeaw.ac.at/pmb208329.html
pmb208328,https://www.schnitzler-kultur.acdh.oeaw.ac.at/pmb208328.html
pmb208327,https://www.schnitzler-kultur.acdh.oeaw.ac.at/pmb208327.html
pmb208326,https://www.schnitzler-kultur.acdh.oeaw.ac.at/pmb208326.html
pmb208325,https://www.schnitzler-kultur.acdh.oeaw.ac.at/pmb208325.html
pmb208324,https://www.schnitzler-kultur.acdh.oeaw.ac.at/pmb208324.html
pmb208323,https://www.schnitzler-kultur.acdh.oeaw.ac.at/pmb208323.html
pmb208322,https://www.schnitzler-kultur.acdh.oeaw.ac.at/pmb208322.html
pmb208321,https://www.schnitzler-kultur.acdh.oeaw.ac.at/pmb208321.html
pmb208320,https://www.schnitzler-kultur.acdh.oeaw.ac.at/pmb208320.html
pmb208319,https://www.schnitzler-kultur.acdh.oeaw.ac.at/pmb208319.html
pmb208318,https://www.schnitzler-kultur.acdh.oeaw.ac.at/pmb208318.html
pmb208317,https://www.schnitzler-kultur.acdh.oeaw.ac.at/pmb208317.html
pmb208316,https://www.schnitzler-kultur.acdh.oeaw.ac.at/pmb208316.html
pmb208315,https://www.schnitzler-kultur.acdh.oeaw.ac.at/pmb208315.html
pmb208314,https://www.schnitzler-kultur.acdh.oeaw.ac.at/pmb208314.html
pmb208313,https://www.schnitzler-kultur.acdh.oeaw.ac.at/pmb208313.html
pmb208312,https://www.schnitzler-kultur.acdh.oeaw.ac.at/pmb208312.html
pmb208311,https://www.schnitzler-kultur.acdh.oeaw.ac.at/pmb208311.html
pmb208310,https://www.schnitzler-kultur.acdh.oeaw.ac.at/pmb208310.html
pmb208309,https://www.schnitzler-kultur.acdh.oeaw.ac.at/pmb208309.html
pmb208308,https://www.schnitzler-kultur.acdh.oeaw.ac.at/pmb208308.html
pmb208307,https://www.schnitzler-kultur.acdh.oeaw.ac.at/pmb208307.html
pmb208306,https://www.schnitzler-kultur.acdh.oeaw.ac.at/pmb208306.html
pmb208305,https://www.schnitzler-kultur.acdh.oeaw.ac.at/pmb208305.html
pmb208304,https://www.schnitzler-kultur.acdh.oeaw.ac.at/pmb208304.html
pmb208303,https://www.schnitzler-kultur.acdh.oeaw.ac.at/pmb208303.html
pmb208302,https://www.schnitzler-kultur.acdh.oeaw.ac.at/pmb208302.html
pmb208301,https://www.schnitzler-kultur.acdh.oeaw.ac.at/pmb208301.html
pmb208300,https://www.schnitzler-kultur.acdh.oeaw.ac.at/pmb208300.html
pmb208299,https://www.schnitzler-kultur.acdh.oeaw.ac.at/pmb208299.html
pmb208298,https://www.schnitzler-kultur.acdh.oeaw.ac.at/pmb208298.html
pmb208297,https://www.schnitzler-kultur.acdh.oeaw.ac.at/pmb208297.html
pmb208296,https://www.schnitzler-kultur.acdh.oeaw.ac.at/pmb208296.html
pmb208295,https://www.schnitzler-kultur.acdh.oeaw.ac.at/pmb208295.html
pmb208294,https://www.schnitzler-kultur.acdh.oeaw.ac.at/pmb208294.html
pmb208293,https://www.schnitzler-kultur.acdh.oeaw.ac.at/pmb208293.html
pmb208292,https://www.schnitzler-kultur.acdh.oeaw.ac.at/pmb208292.html
pmb208291,https://www.schnitzler-kultur.acdh.oeaw.ac.at/pmb208291.html
pmb208290,https://www.schnitzler-kultur.acdh.oeaw.ac.at/pmb208290.html
pmb208289,https://www.schnitzler-kultur.acdh.oeaw.ac.at/pmb208289.html
pmb208288,https://www.schnitzler-kultur.acdh.oeaw.ac.at/pmb208288.html
pmb208287,https://www.schnitzler-kultur.acdh.oeaw.ac.at/pmb208287.html
pmb208286,https://www.schnitzler-kultur.acdh.oeaw.ac.at/pmb208286.html
pmb208285,https://www.schnitzler-kultur.acdh.oeaw.ac.at/pmb208285.html
pmb208284,https://www.schnitzler-kultur.acdh.oeaw.ac.at/pmb208284.html
pmb208283,https://www.schnitzler-kultur.acdh.oeaw.ac.at/pmb208283.html
pmb208282,https://www.schnitzler-kultur.acdh.oeaw.ac.at/pmb208282.html
pmb208281,https://www.schnitzler-kultur.acdh.oeaw.ac.at/pmb208281.html
pmb208280,https://www.schnitzler-kultur.acdh.oeaw.ac.at/pmb208280.html
pmb208279,https://www.schnitzler-kultur.acdh.oeaw.ac.at/pmb208279.html
pmb208278,https://www.schnitzler-kultur.acdh.oeaw.ac.at/pmb208278.html
pmb208277,https://www.schnitzler-kultur.acdh.oeaw.ac.at/pmb208277.html
pmb208276,https://www.schnitzler-kultur.acdh.oeaw.ac.at/pmb208276.html
pmb208275,https://www.schnitzler-kultur.acdh.oeaw.ac.at/pmb208275.html
pmb208274,https://www.schnitzler-kultur.acdh.oeaw.ac.at/pmb208274.html
pmb208273,https://www.schnitzler-kultur.acdh.oeaw.ac.at/pmb208273.html
pmb208272,https://www.schnitzler-kultur.acdh.oeaw.ac.at/pmb208272.html
pmb208271,https://www.schnitzler-kultur.acdh.oeaw.ac.at/pmb208271.html
pmb208270,https://www.schnitzler-kultur.acdh.oeaw.ac.at/pmb208270.html
pmb208269,https://www.schnitzler-kultur.acdh.oeaw.ac.at/pmb208269.html
pmb208268,https://www.schnitzler-kultur.acdh.oeaw.ac.at/pmb208268.html
pmb208267,https://www.schnitzler-kultur.acdh.oeaw.ac.at/pmb208267.html
pmb208266,https://www.schnitzler-kultur.acdh.oeaw.ac.at/pmb208266.html
pmb208265,https://www.schnitzler-kultur.acdh.oeaw.ac.at/pmb208265.html
pmb208264,https://www.schnitzler-kultur.acdh.oeaw.ac.at/pmb208264.html
pmb208263,https://www.schnitzler-kultur.acdh.oeaw.ac.at/pmb208263.html
pmb208262,https://www.schnitzler-kultur.acdh.oeaw.ac.at/pmb208262.html
pmb208261,https://www.schnitzler-kultur.acdh.oeaw.ac.at/pmb208261.html
pmb208260,https://www.schnitzler-kultur.acdh.oeaw.ac.at/pmb208260.html
pmb208259,https://www.schnitzler-kultur.acdh.oeaw.ac.at/pmb208259.html
pmb208258,https://www.schnitzler-kultur.acdh.oeaw.ac.at/pmb208258.html
pmb208257,https://www.schnitzler-kultur.acdh.oeaw.ac.at/pmb208257.html
pmb208256,https://www.schnitzler-kultur.acdh.oeaw.ac.at/pmb208256.html
pmb208255,https://www.schnitzler-kultur.acdh.oeaw.ac.at/pmb208255.html
pmb208254,https://www.schnitzler-kultur.acdh.oeaw.ac.at/pmb208254.html
pmb208253,https://www.schnitzler-kultur.acdh.oeaw.ac.at/pmb208253.html
pmb208252,https://www.schnitzler-kultur.acdh.oeaw.ac.at/pmb208252.html
pmb208251,https://www.schnitzler-kultur.acdh.oeaw.ac.at/pmb208251.html
pmb208250,https://www.schnitzler-kultur.acdh.oeaw.ac.at/pmb208250.html
pmb208249,https://www.schnitzler-kultur.acdh.oeaw.ac.at/pmb208249.html
pmb208248,https://www.schnitzler-kultur.acdh.oeaw.ac.at/pmb208248.html
pmb208247,https://www.schnitzler-kultur.acdh.oeaw.ac.at/pmb208247.html
pmb208246,https://www.schnitzler-kultur.acdh.oeaw.ac.at/pmb208246.html
pmb208245,https://www.schnitzler-kultur.acdh.oeaw.ac.at/pmb208245.html
pmb208244,https://www.schnitzler-kultur.acdh.oeaw.ac.at/pmb208244.html
pmb208243,https://www.schnitzler-kultur.acdh.oeaw.ac.at/pmb208243.html
pmb208242,https://www.schnitzler-kultur.acdh.oeaw.ac.at/pmb208242.html
pmb208241,https://www.schnitzler-kultur.acdh.oeaw.ac.at/pmb208241.html
pmb208240,https://www.schnitzler-kultur.acdh.oeaw.ac.at/pmb208240.html
pmb208239,https://www.schnitzler-kultur.acdh.oeaw.ac.at/pmb208239.html
pmb208238,https://www.schnitzler-kultur.acdh.oeaw.ac.at/pmb208238.html
pmb208237,https://www.schnitzler-kultur.acdh.oeaw.ac.at/pmb208237.html
pmb208236,https://www.schnitzler-kultur.acdh.oeaw.ac.at/pmb208236.html
pmb208235,https://www.schnitzler-kultur.acdh.oeaw.ac.at/pmb208235.html
pmb208234,https://www.schnitzler-kultur.acdh.oeaw.ac.at/pmb208234.html
pmb208233,https://www.schnitzler-kultur.acdh.oeaw.ac.at/pmb208233.html
pmb208232,https://www.schnitzler-kultur.acdh.oeaw.ac.at/pmb208232.html
pmb208231,https://www.schnitzler-kultur.acdh.oeaw.ac.at/pmb208231.html
pmb208230,https://www.schnitzler-kultur.acdh.oeaw.ac.at/pmb208230.html
pmb208229,https://www.schnitzler-kultur.acdh.oeaw.ac.at/pmb208229.html
pmb208228,https://www.schnitzler-kultur.acdh.oeaw.ac.at/pmb208228.html
pmb208227,https://www.schnitzler-kultur.acdh.oeaw.ac.at/pmb208227.html
pmb208226,https://www.schnitzler-kultur.acdh.oeaw.ac.at/pmb208226.html
pmb208225,https://www.schnitzler-kultur.acdh.oeaw.ac.at/pmb208225.html
pmb208224,https://www.schnitzler-kultur.acdh.oeaw.ac.at/pmb208224.html
pmb208223,https://www.schnitzler-kultur.acdh.oeaw.ac.at/pmb208223.html
pmb208222,https://www.schnitzler-kultur.acdh.oeaw.ac.at/pmb208222.html
pmb208221,https://www.schnitzler-kultur.acdh.oeaw.ac.at/pmb208221.html
pmb208220,https://www.schnitzler-kultur.acdh.oeaw.ac.at/pmb208220.html
pmb208219,https://www.schnitzler-kultur.acdh.oeaw.ac.at/pmb208219.html
pmb208218,https://www.schnitzler-kultur.acdh.oeaw.ac.at/pmb208218.html
pmb208217,https://www.schnitzler-kultur.acdh.oeaw.ac.at/pmb208217.html
pmb208216,https://www.schnitzler-kultur.acdh.oeaw.ac.at/pmb208216.html
pmb208215,https://www.schnitzler-kultur.acdh.oeaw.ac.at/pmb208215.html
pmb208214,https://www.schnitzler-kultur.acdh.oeaw.ac.at/pmb208214.html
pmb208213,https://www.schnitzler-kultur.acdh.oeaw.ac.at/pmb208213.html
pmb208212,https://www.schnitzler-kultur.acdh.oeaw.ac.at/pmb208212.html
pmb208211,https://www.schnitzler-kultur.acdh.oeaw.ac.at/pmb208211.html
pmb208210,https://www.schnitzler-kultur.acdh.oeaw.ac.at/pmb208210.html
pmb208209,https://www.schnitzler-kultur.acdh.oeaw.ac.at/pmb208209.html
pmb208208,https://www.schnitzler-kultur.acdh.oeaw.ac.at/pmb208208.html
pmb208207,https://www.schnitzler-kultur.acdh.oeaw.ac.at/pmb208207.html
pmb208206,https://www.schnitzler-kultur.acdh.oeaw.ac.at/pmb208206.html
pmb208205,https://www.schnitzler-kultur.acdh.oeaw.ac.at/pmb208205.html
pmb208204,https://www.schnitzler-kultur.acdh.oeaw.ac.at/pmb208204.html
pmb208203,https://www.schnitzler-kultur.acdh.oeaw.ac.at/pmb208203.html
pmb208202,https://www.schnitzler-kultur.acdh.oeaw.ac.at/pmb208202.html
pmb208201,https://www.schnitzler-kultur.acdh.oeaw.ac.at/pmb208201.html
pmb208200,https://www.schnitzler-kultur.acdh.oeaw.ac.at/pmb208200.html
pmb208199,https://www.schnitzler-kultur.acdh.oeaw.ac.at/pmb208199.html
pmb208198,https://www.schnitzler-kultur.acdh.oeaw.ac.at/pmb208198.html
pmb208197,https://www.schnitzler-kultur.acdh.oeaw.ac.at/pmb208197.html
pmb208196,https://www.schnitzler-kultur.acdh.oeaw.ac.at/pmb208196.html
pmb208195,https://www.schnitzler-kultur.acdh.oeaw.ac.at/pmb208195.html
pmb208194,https://www.schnitzler-kultur.acdh.oeaw.ac.at/pmb208194.html
pmb208193,https://www.schnitzler-kultur.acdh.oeaw.ac.at/pmb208193.html
pmb208192,https://www.schnitzler-kultur.acdh.oeaw.ac.at/pmb208192.html
pmb208191,https://www.schnitzler-kultur.acdh.oeaw.ac.at/pmb208191.html
pmb208190,https://www.schnitzler-kultur.acdh.oeaw.ac.at/pmb208190.html
pmb208189,https://www.schnitzler-kultur.acdh.oeaw.ac.at/pmb208189.html
pmb208188,https://www.schnitzler-kultur.acdh.oeaw.ac.at/pmb208188.html
pmb208187,https://www.schnitzler-kultur.acdh.oeaw.ac.at/pmb208187.html
pmb208186,https://www.schnitzler-kultur.acdh.oeaw.ac.at/pmb208186.html
pmb208185,https://www.schnitzler-kultur.acdh.oeaw.ac.at/pmb208185.html
pmb208184,https://www.schnitzler-kultur.acdh.oeaw.ac.at/pmb208184.html
pmb208183,https://www.schnitzler-kultur.acdh.oeaw.ac.at/pmb208183.html
pmb208182,https://www.schnitzler-kultur.acdh.oeaw.ac.at/pmb208182.html
pmb208181,https://www.schnitzler-kultur.acdh.oeaw.ac.at/pmb208181.html
pmb208180,https://www.schnitzler-kultur.acdh.oeaw.ac.at/pmb208180.html
pmb208179,https://www.schnitzler-kultur.acdh.oeaw.ac.at/pmb208179.html
pmb208178,https://www.schnitzler-kultur.acdh.oeaw.ac.at/pmb208178.html
pmb208177,https://www.schnitzler-kultur.acdh.oeaw.ac.at/pmb208177.html
pmb208176,https://www.schnitzler-kultur.acdh.oeaw.ac.at/pmb208176.html
pmb208175,https://www.schnitzler-kultur.acdh.oeaw.ac.at/pmb208175.html
pmb208174,https://www.schnitzler-kultur.acdh.oeaw.ac.at/pmb208174.html
pmb208173,https://www.schnitzler-kultur.acdh.oeaw.ac.at/pmb208173.html
pmb208172,https://www.schnitzler-kultur.acdh.oeaw.ac.at/pmb208172.html
pmb208171,https://www.schnitzler-kultur.acdh.oeaw.ac.at/pmb208171.html
pmb208170,https://www.schnitzler-kultur.acdh.oeaw.ac.at/pmb208170.html
pmb208169,https://www.schnitzler-kultur.acdh.oeaw.ac.at/pmb208169.html
pmb208168,https://www.schnitzler-kultur.acdh.oeaw.ac.at/pmb208168.html
pmb208167,https://www.schnitzler-kultur.acdh.oeaw.ac.at/pmb208167.html
pmb208166,https://www.schnitzler-kultur.acdh.oeaw.ac.at/pmb208166.html
pmb208165,https://www.schnitzler-kultur.acdh.oeaw.ac.at/pmb208165.html
pmb208164,https://www.schnitzler-kultur.acdh.oeaw.ac.at/pmb208164.html
pmb208163,https://www.schnitzler-kultur.acdh.oeaw.ac.at/pmb208163.html
pmb208162,https://www.schnitzler-kultur.acdh.oeaw.ac.at/pmb208162.html
pmb208161,https://www.schnitzler-kultur.acdh.oeaw.ac.at/pmb208161.html
pmb208160,https://www.schnitzler-kultur.acdh.oeaw.ac.at/pmb208160.html
pmb208159,https://www.schnitzler-kultur.acdh.oeaw.ac.at/pmb208159.html
pmb208158,https://www.schnitzler-kultur.acdh.oeaw.ac.at/pmb208158.html
pmb208157,https://www.schnitzler-kultur.acdh.oeaw.ac.at/pmb208157.html
pmb208156,https://www.schnitzler-kultur.acdh.oeaw.ac.at/pmb208156.html
pmb208155,https://www.schnitzler-kultur.acdh.oeaw.ac.at/pmb208155.html
pmb208154,https://www.schnitzler-kultur.acdh.oeaw.ac.at/pmb208154.html
pmb208153,https://www.schnitzler-kultur.acdh.oeaw.ac.at/pmb208153.html
pmb208152,https://www.schnitzler-kultur.acdh.oeaw.ac.at/pmb208152.html
pmb208151,https://www.schnitzler-kultur.acdh.oeaw.ac.at/pmb208151.html
pmb208150,https://www.schnitzler-kultur.acdh.oeaw.ac.at/pmb208150.html
pmb208149,https://www.schnitzler-kultur.acdh.oeaw.ac.at/pmb208149.html
pmb208148,https://www.schnitzler-kultur.acdh.oeaw.ac.at/pmb208148.html
pmb208147,https://www.schnitzler-kultur.acdh.oeaw.ac.at/pmb208147.html
pmb208146,https://www.schnitzler-kultur.acdh.oeaw.ac.at/pmb208146.html
pmb208145,https://www.schnitzler-kultur.acdh.oeaw.ac.at/pmb208145.html
pmb208144,https://www.schnitzler-kultur.acdh.oeaw.ac.at/pmb208144.html
pmb208143,https://www.schnitzler-kultur.acdh.oeaw.ac.at/pmb208143.html
pmb208142,https://www.schnitzler-kultur.acdh.oeaw.ac.at/pmb208142.html
pmb208141,https://www.schnitzler-kultur.acdh.oeaw.ac.at/pmb208141.html
pmb208140,https://www.schnitzler-kultur.acdh.oeaw.ac.at/pmb208140.html
pmb208139,https://www.schnitzler-kultur.acdh.oeaw.ac.at/pmb208139.html
pmb208138,https://www.schnitzler-kultur.acdh.oeaw.ac.at/pmb208138.html
pmb208137,https://www.schnitzler-kultur.acdh.oeaw.ac.at/pmb208137.html
pmb208136,https://www.schnitzler-kultur.acdh.oeaw.ac.at/pmb208136.html
pmb208135,https://www.schnitzler-kultur.acdh.oeaw.ac.at/pmb208135.html
pmb208134,https://www.schnitzler-kultur.acdh.oeaw.ac.at/pmb208134.html
pmb208133,https://www.schnitzler-kultur.acdh.oeaw.ac.at/pmb208133.html
pmb208131,https://www.schnitzler-kultur.acdh.oeaw.ac.at/pmb208131.html
pmb208130,https://www.schnitzler-kultur.acdh.oeaw.ac.at/pmb208130.html
pmb208129,https://www.schnitzler-kultur.acdh.oeaw.ac.at/pmb208129.html
pmb208128,https://www.schnitzler-kultur.acdh.oeaw.ac.at/pmb208128.html
pmb208127,https://www.schnitzler-kultur.acdh.oeaw.ac.at/pmb208127.html
pmb208126,https://www.schnitzler-kultur.acdh.oeaw.ac.at/pmb208126.html
pmb208125,https://www.schnitzler-kultur.acdh.oeaw.ac.at/pmb208125.html
pmb208124,https://www.schnitzler-kultur.acdh.oeaw.ac.at/pmb208124.html
pmb208123,https://www.schnitzler-kultur.acdh.oeaw.ac.at/pmb208123.html
pmb208122,https://www.schnitzler-kultur.acdh.oeaw.ac.at/pmb208122.html
pmb208121,https://www.schnitzler-kultur.acdh.oeaw.ac.at/pmb208121.html
pmb208120,https://www.schnitzler-kultur.acdh.oeaw.ac.at/pmb208120.html
pmb208119,https://www.schnitzler-kultur.acdh.oeaw.ac.at/pmb208119.html
pmb208118,https://www.schnitzler-kultur.acdh.oeaw.ac.at/pmb208118.html
pmb208117,https://www.schnitzler-kultur.acdh.oeaw.ac.at/pmb208117.html
pmb208116,https://www.schnitzler-kultur.acdh.oeaw.ac.at/pmb208116.html
pmb208115,https://www.schnitzler-kultur.acdh.oeaw.ac.at/pmb208115.html
pmb208114,https://www.schnitzler-kultur.acdh.oeaw.ac.at/pmb208114.html
pmb208113,https://www.schnitzler-kultur.acdh.oeaw.ac.at/pmb208113.html
pmb208112,https://www.schnitzler-kultur.acdh.oeaw.ac.at/pmb208112.html
pmb208111,https://www.schnitzler-kultur.acdh.oeaw.ac.at/pmb208111.html
pmb208110,https://www.schnitzler-kultur.acdh.oeaw.ac.at/pmb208110.html
pmb208109,https://www.schnitzler-kultur.acdh.oeaw.ac.at/pmb208109.html
pmb208108,https://www.schnitzler-kultur.acdh.oeaw.ac.at/pmb208108.html
pmb208107,https://www.schnitzler-kultur.acdh.oeaw.ac.at/pmb208107.html
pmb208106,https://www.schnitzler-kultur.acdh.oeaw.ac.at/pmb208106.html
pmb208105,https://www.schnitzler-kultur.acdh.oeaw.ac.at/pmb208105.html
pmb208104,https://www.schnitzler-kultur.acdh.oeaw.ac.at/pmb208104.html
pmb208103,https://www.schnitzler-kultur.acdh.oeaw.ac.at/pmb208103.html
pmb208102,https://www.schnitzler-kultur.acdh.oeaw.ac.at/pmb208102.html
pmb208101,https://www.schnitzler-kultur.acdh.oeaw.ac.at/pmb208101.html
pmb208100,https://www.schnitzler-kultur.acdh.oeaw.ac.at/pmb208100.html
pmb208099,https://www.schnitzler-kultur.acdh.oeaw.ac.at/pmb208099.html
pmb208098,https://www.schnitzler-kultur.acdh.oeaw.ac.at/pmb208098.html
pmb208097,https://www.schnitzler-kultur.acdh.oeaw.ac.at/pmb208097.html
pmb208096,https://www.schnitzler-kultur.acdh.oeaw.ac.at/pmb208096.html
pmb208095,https://www.schnitzler-kultur.acdh.oeaw.ac.at/pmb208095.html
pmb208094,https://www.schnitzler-kultur.acdh.oeaw.ac.at/pmb208094.html
pmb208093,https://www.schnitzler-kultur.acdh.oeaw.ac.at/pmb208093.html
pmb208092,https://www.schnitzler-kultur.acdh.oeaw.ac.at/pmb208092.html
pmb208091,https://www.schnitzler-kultur.acdh.oeaw.ac.at/pmb208091.html
pmb208090,https://www.schnitzler-kultur.acdh.oeaw.ac.at/pmb208090.html
pmb208089,https://www.schnitzler-kultur.acdh.oeaw.ac.at/pmb208089.html
pmb208088,https://www.schnitzler-kultur.acdh.oeaw.ac.at/pmb208088.html
pmb208087,https://www.schnitzler-kultur.acdh.oeaw.ac.at/pmb208087.html
pmb208086,https://www.schnitzler-kultur.acdh.oeaw.ac.at/pmb208086.html
pmb208085,https://www.schnitzler-kultur.acdh.oeaw.ac.at/pmb208085.html
pmb208084,https://www.schnitzler-kultur.acdh.oeaw.ac.at/pmb208084.html
pmb208083,https://www.schnitzler-kultur.acdh.oeaw.ac.at/pmb208083.html
pmb208082,https://www.schnitzler-kultur.acdh.oeaw.ac.at/pmb208082.html
pmb208081,https://www.schnitzler-kultur.acdh.oeaw.ac.at/pmb208081.html
pmb208080,https://www.schnitzler-kultur.acdh.oeaw.ac.at/pmb208080.html
pmb208079,https://www.schnitzler-kultur.acdh.oeaw.ac.at/pmb208079.html
pmb208078,https://www.schnitzler-kultur.acdh.oeaw.ac.at/pmb208078.html
pmb208077,https://www.schnitzler-kultur.acdh.oeaw.ac.at/pmb208077.html
pmb208076,https://www.schnitzler-kultur.acdh.oeaw.ac.at/pmb208076.html
pmb208075,https://www.schnitzler-kultur.acdh.oeaw.ac.at/pmb208075.html
pmb208074,https://www.schnitzler-kultur.acdh.oeaw.ac.at/pmb208074.html
pmb208073,https://www.schnitzler-kultur.acdh.oeaw.ac.at/pmb208073.html
pmb208072,https://www.schnitzler-kultur.acdh.oeaw.ac.at/pmb208072.html
pmb208071,https://www.schnitzler-kultur.acdh.oeaw.ac.at/pmb208071.html
pmb208070,https://www.schnitzler-kultur.acdh.oeaw.ac.at/pmb208070.html
pmb208069,https://www.schnitzler-kultur.acdh.oeaw.ac.at/pmb208069.html
pmb208068,https://www.schnitzler-kultur.acdh.oeaw.ac.at/pmb208068.html
pmb208067,https://www.schnitzler-kultur.acdh.oeaw.ac.at/pmb208067.html
pmb208066,https://www.schnitzler-kultur.acdh.oeaw.ac.at/pmb208066.html
pmb208065,https://www.schnitzler-kultur.acdh.oeaw.ac.at/pmb208065.html
pmb208064,https://www.schnitzler-kultur.acdh.oeaw.ac.at/pmb208064.html
pmb208063,https://www.schnitzler-kultur.acdh.oeaw.ac.at/pmb208063.html
pmb208062,https://www.schnitzler-kultur.acdh.oeaw.ac.at/pmb208062.html
pmb208061,https://www.schnitzler-kultur.acdh.oeaw.ac.at/pmb208061.html
pmb208060,https://www.schnitzler-kultur.acdh.oeaw.ac.at/pmb208060.html
pmb208059,https://www.schnitzler-kultur.acdh.oeaw.ac.at/pmb208059.html
pmb208058,https://www.schnitzler-kultur.acdh.oeaw.ac.at/pmb208058.html
pmb208057,https://www.schnitzler-kultur.acdh.oeaw.ac.at/pmb208057.html
pmb208056,https://www.schnitzler-kultur.acdh.oeaw.ac.at/pmb208056.html
pmb208055,https://www.schnitzler-kultur.acdh.oeaw.ac.at/pmb208055.html
pmb208054,https://www.schnitzler-kultur.acdh.oeaw.ac.at/pmb208054.html
pmb208053,https://www.schnitzler-kultur.acdh.oeaw.ac.at/pmb208053.html
pmb208052,https://www.schnitzler-kultur.acdh.oeaw.ac.at/pmb208052.html
pmb208051,https://www.schnitzler-kultur.acdh.oeaw.ac.at/pmb208051.html
pmb208050,https://www.schnitzler-kultur.acdh.oeaw.ac.at/pmb208050.html
pmb208049,https://www.schnitzler-kultur.acdh.oeaw.ac.at/pmb208049.html
pmb208048,https://www.schnitzler-kultur.acdh.oeaw.ac.at/pmb208048.html
pmb208047,https://www.schnitzler-kultur.acdh.oeaw.ac.at/pmb208047.html
pmb208046,https://www.schnitzler-kultur.acdh.oeaw.ac.at/pmb208046.html
pmb208045,https://www.schnitzler-kultur.acdh.oeaw.ac.at/pmb208045.html
pmb208044,https://www.schnitzler-kultur.acdh.oeaw.ac.at/pmb208044.html
pmb208043,https://www.schnitzler-kultur.acdh.oeaw.ac.at/pmb208043.html
pmb208042,https://www.schnitzler-kultur.acdh.oeaw.ac.at/pmb208042.html
pmb208041,https://www.schnitzler-kultur.acdh.oeaw.ac.at/pmb208041.html
pmb208040,https://www.schnitzler-kultur.acdh.oeaw.ac.at/pmb208040.html
pmb208039,https://www.schnitzler-kultur.acdh.oeaw.ac.at/pmb208039.html
pmb208038,https://www.schnitzler-kultur.acdh.oeaw.ac.at/pmb208038.html
pmb208037,https://www.schnitzler-kultur.acdh.oeaw.ac.at/pmb208037.html
pmb208036,https://www.schnitzler-kultur.acdh.oeaw.ac.at/pmb208036.html
pmb208035,https://www.schnitzler-kultur.acdh.oeaw.ac.at/pmb208035.html
pmb208034,https://www.schnitzler-kultur.acdh.oeaw.ac.at/pmb208034.html
pmb208033,https://www.schnitzler-kultur.acdh.oeaw.ac.at/pmb208033.html
pmb208032,https://www.schnitzler-kultur.acdh.oeaw.ac.at/pmb208032.html
pmb208031,https://www.schnitzler-kultur.acdh.oeaw.ac.at/pmb208031.html
pmb208030,https://www.schnitzler-kultur.acdh.oeaw.ac.at/pmb208030.html
pmb208029,https://www.schnitzler-kultur.acdh.oeaw.ac.at/pmb208029.html
pmb208028,https://www.schnitzler-kultur.acdh.oeaw.ac.at/pmb208028.html
pmb208027,https://www.schnitzler-kultur.acdh.oeaw.ac.at/pmb208027.html
pmb208026,https://www.schnitzler-kultur.acdh.oeaw.ac.at/pmb208026.html
pmb208025,https://www.schnitzler-kultur.acdh.oeaw.ac.at/pmb208025.html
pmb208024,https://www.schnitzler-kultur.acdh.oeaw.ac.at/pmb208024.html
pmb208023,https://www.schnitzler-kultur.acdh.oeaw.ac.at/pmb208023.html
pmb208022,https://www.schnitzler-kultur.acdh.oeaw.ac.at/pmb208022.html
pmb208021,https://www.schnitzler-kultur.acdh.oeaw.ac.at/pmb208021.html
pmb208020,https://www.schnitzler-kultur.acdh.oeaw.ac.at/pmb208020.html
pmb208019,https://www.schnitzler-kultur.acdh.oeaw.ac.at/pmb208019.html
pmb208018,https://www.schnitzler-kultur.acdh.oeaw.ac.at/pmb208018.html
pmb208017,https://www.schnitzler-kultur.acdh.oeaw.ac.at/pmb208017.html
pmb208016,https://www.schnitzler-kultur.acdh.oeaw.ac.at/pmb208016.html
pmb208015,https://www.schnitzler-kultur.acdh.oeaw.ac.at/pmb208015.html
pmb208014,https://www.schnitzler-kultur.acdh.oeaw.ac.at/pmb208014.html
pmb208013,https://www.schnitzler-kultur.acdh.oeaw.ac.at/pmb208013.html
pmb208012,https://www.schnitzler-kultur.acdh.oeaw.ac.at/pmb208012.html
pmb208011,https://www.schnitzler-kultur.acdh.oeaw.ac.at/pmb208011.html
pmb208010,https://www.schnitzler-kultur.acdh.oeaw.ac.at/pmb208010.html
pmb208009,https://www.schnitzler-kultur.acdh.oeaw.ac.at/pmb208009.html
pmb208008,https://www.schnitzler-kultur.acdh.oeaw.ac.at/pmb208008.html
pmb208007,https://www.schnitzler-kultur.acdh.oeaw.ac.at/pmb208007.html
pmb208006,https://www.schnitzler-kultur.acdh.oeaw.ac.at/pmb208006.html
pmb208005,https://www.schnitzler-kultur.acdh.oeaw.ac.at/pmb208005.html
pmb208004,https://www.schnitzler-kultur.acdh.oeaw.ac.at/pmb208004.html
pmb208003,https://www.schnitzler-kultur.acdh.oeaw.ac.at/pmb208003.html
pmb208002,https://www.schnitzler-kultur.acdh.oeaw.ac.at/pmb208002.html
pmb208001,https://www.schnitzler-kultur.acdh.oeaw.ac.at/pmb208001.html
pmb208000,https://www.schnitzler-kultur.acdh.oeaw.ac.at/pmb208000.html
pmb207999,https://www.schnitzler-kultur.acdh.oeaw.ac.at/pmb207999.html
pmb207998,https://www.schnitzler-kultur.acdh.oeaw.ac.at/pmb207998.html
pmb207997,https://www.schnitzler-kultur.acdh.oeaw.ac.at/pmb207997.html
pmb207996,https://www.schnitzler-kultur.acdh.oeaw.ac.at/pmb207996.html
pmb207994,https://www.schnitzler-kultur.acdh.oeaw.ac.at/pmb207994.html
pmb207993,https://www.schnitzler-kultur.acdh.oeaw.ac.at/pmb207993.html
pmb207992,https://www.schnitzler-kultur.acdh.oeaw.ac.at/pmb207992.html
pmb207991,https://www.schnitzler-kultur.acdh.oeaw.ac.at/pmb207991.html
pmb207990,https://www.schnitzler-kultur.acdh.oeaw.ac.at/pmb207990.html
pmb207989,https://www.schnitzler-kultur.acdh.oeaw.ac.at/pmb207989.html
pmb207988,https://www.schnitzler-kultur.acdh.oeaw.ac.at/pmb207988.html
pmb207987,https://www.schnitzler-kultur.acdh.oeaw.ac.at/pmb207987.html
pmb207986,https://www.schnitzler-kultur.acdh.oeaw.ac.at/pmb207986.html
pmb207985,https://www.schnitzler-kultur.acdh.oeaw.ac.at/pmb207985.html
pmb207984,https://www.schnitzler-kultur.acdh.oeaw.ac.at/pmb207984.html
pmb207983,https://www.schnitzler-kultur.acdh.oeaw.ac.at/pmb207983.html
pmb207982,https://www.schnitzler-kultur.acdh.oeaw.ac.at/pmb207982.html
pmb207981,https://www.schnitzler-kultur.acdh.oeaw.ac.at/pmb207981.html
pmb207980,https://www.schnitzler-kultur.acdh.oeaw.ac.at/pmb207980.html
pmb207979,https://www.schnitzler-kultur.acdh.oeaw.ac.at/pmb207979.html
pmb207978,https://www.schnitzler-kultur.acdh.oeaw.ac.at/pmb207978.html
pmb207977,https://www.schnitzler-kultur.acdh.oeaw.ac.at/pmb207977.html
pmb207976,https://www.schnitzler-kultur.acdh.oeaw.ac.at/pmb207976.html
pmb207975,https://www.schnitzler-kultur.acdh.oeaw.ac.at/pmb207975.html
pmb207974,https://www.schnitzler-kultur.acdh.oeaw.ac.at/pmb207974.html
pmb207973,https://www.schnitzler-kultur.acdh.oeaw.ac.at/pmb207973.html
pmb207972,https://www.schnitzler-kultur.acdh.oeaw.ac.at/pmb207972.html
pmb207971,https://www.schnitzler-kultur.acdh.oeaw.ac.at/pmb207971.html
pmb207970,https://www.schnitzler-kultur.acdh.oeaw.ac.at/pmb207970.html
pmb207969,https://www.schnitzler-kultur.acdh.oeaw.ac.at/pmb207969.html
pmb207968,https://www.schnitzler-kultur.acdh.oeaw.ac.at/pmb207968.html
pmb207967,https://www.schnitzler-kultur.acdh.oeaw.ac.at/pmb207967.html
pmb207966,https://www.schnitzler-kultur.acdh.oeaw.ac.at/pmb207966.html
pmb207965,https://www.schnitzler-kultur.acdh.oeaw.ac.at/pmb207965.html
pmb207964,https://www.schnitzler-kultur.acdh.oeaw.ac.at/pmb207964.html
pmb207963,https://www.schnitzler-kultur.acdh.oeaw.ac.at/pmb207963.html
pmb207962,https://www.schnitzler-kultur.acdh.oeaw.ac.at/pmb207962.html
pmb207961,https://www.schnitzler-kultur.acdh.oeaw.ac.at/pmb207961.html
pmb207960,https://www.schnitzler-kultur.acdh.oeaw.ac.at/pmb207960.html
pmb207959,https://www.schnitzler-kultur.acdh.oeaw.ac.at/pmb207959.html
pmb207958,https://www.schnitzler-kultur.acdh.oeaw.ac.at/pmb207958.html
pmb207957,https://www.schnitzler-kultur.acdh.oeaw.ac.at/pmb207957.html
pmb207956,https://www.schnitzler-kultur.acdh.oeaw.ac.at/pmb207956.html
pmb207955,https://www.schnitzler-kultur.acdh.oeaw.ac.at/pmb207955.html
pmb207954,https://www.schnitzler-kultur.acdh.oeaw.ac.at/pmb207954.html
pmb207953,https://www.schnitzler-kultur.acdh.oeaw.ac.at/pmb207953.html
pmb207952,https://www.schnitzler-kultur.acdh.oeaw.ac.at/pmb207952.html
pmb207951,https://www.schnitzler-kultur.acdh.oeaw.ac.at/pmb207951.html
pmb207950,https://www.schnitzler-kultur.acdh.oeaw.ac.at/pmb207950.html
pmb207949,https://www.schnitzler-kultur.acdh.oeaw.ac.at/pmb207949.html
pmb207948,https://www.schnitzler-kultur.acdh.oeaw.ac.at/pmb207948.html
pmb207947,https://www.schnitzler-kultur.acdh.oeaw.ac.at/pmb207947.html
pmb207946,https://www.schnitzler-kultur.acdh.oeaw.ac.at/pmb207946.html
pmb207945,https://www.schnitzler-kultur.acdh.oeaw.ac.at/pmb207945.html
pmb207944,https://www.schnitzler-kultur.acdh.oeaw.ac.at/pmb207944.html
pmb207943,https://www.schnitzler-kultur.acdh.oeaw.ac.at/pmb207943.html
pmb207942,https://www.schnitzler-kultur.acdh.oeaw.ac.at/pmb207942.html
pmb207941,https://www.schnitzler-kultur.acdh.oeaw.ac.at/pmb207941.html
pmb207940,https://www.schnitzler-kultur.acdh.oeaw.ac.at/pmb207940.html
pmb207939,https://www.schnitzler-kultur.acdh.oeaw.ac.at/pmb207939.html
pmb207938,https://www.schnitzler-kultur.acdh.oeaw.ac.at/pmb207938.html
pmb207937,https://www.schnitzler-kultur.acdh.oeaw.ac.at/pmb207937.html
pmb207936,https://www.schnitzler-kultur.acdh.oeaw.ac.at/pmb207936.html
pmb207935,https://www.schnitzler-kultur.acdh.oeaw.ac.at/pmb207935.html
pmb207934,https://www.schnitzler-kultur.acdh.oeaw.ac.at/pmb207934.html
pmb207933,https://www.schnitzler-kultur.acdh.oeaw.ac.at/pmb207933.html
pmb207932,https://www.schnitzler-kultur.acdh.oeaw.ac.at/pmb207932.html
pmb207931,https://www.schnitzler-kultur.acdh.oeaw.ac.at/pmb207931.html
pmb207930,https://www.schnitzler-kultur.acdh.oeaw.ac.at/pmb207930.html
pmb207929,https://www.schnitzler-kultur.acdh.oeaw.ac.at/pmb207929.html
pmb207928,https://www.schnitzler-kultur.acdh.oeaw.ac.at/pmb207928.html
pmb207927,https://www.schnitzler-kultur.acdh.oeaw.ac.at/pmb207927.html
pmb207926,https://www.schnitzler-kultur.acdh.oeaw.ac.at/pmb207926.html
pmb207925,https://www.schnitzler-kultur.acdh.oeaw.ac.at/pmb207925.html
pmb207924,https://www.schnitzler-kultur.acdh.oeaw.ac.at/pmb207924.html
pmb207923,https://www.schnitzler-kultur.acdh.oeaw.ac.at/pmb207923.html
pmb207922,https://www.schnitzler-kultur.acdh.oeaw.ac.at/pmb207922.html
pmb207921,https://www.schnitzler-kultur.acdh.oeaw.ac.at/pmb207921.html
pmb207920,https://www.schnitzler-kultur.acdh.oeaw.ac.at/pmb207920.html
pmb207919,https://www.schnitzler-kultur.acdh.oeaw.ac.at/pmb207919.html
pmb207918,https://www.schnitzler-kultur.acdh.oeaw.ac.at/pmb207918.html
pmb207917,https://www.schnitzler-kultur.acdh.oeaw.ac.at/pmb207917.html
pmb207916,https://www.schnitzler-kultur.acdh.oeaw.ac.at/pmb207916.html
pmb207915,https://www.schnitzler-kultur.acdh.oeaw.ac.at/pmb207915.html
pmb207914,https://www.schnitzler-kultur.acdh.oeaw.ac.at/pmb207914.html
pmb207913,https://www.schnitzler-kultur.acdh.oeaw.ac.at/pmb207913.html
pmb207912,https://www.schnitzler-kultur.acdh.oeaw.ac.at/pmb207912.html
pmb207911,https://www.schnitzler-kultur.acdh.oeaw.ac.at/pmb207911.html
pmb207910,https://www.schnitzler-kultur.acdh.oeaw.ac.at/pmb207910.html
pmb207909,https://www.schnitzler-kultur.acdh.oeaw.ac.at/pmb207909.html
pmb207908,https://www.schnitzler-kultur.acdh.oeaw.ac.at/pmb207908.html
pmb207907,https://www.schnitzler-kultur.acdh.oeaw.ac.at/pmb207907.html
pmb207906,https://www.schnitzler-kultur.acdh.oeaw.ac.at/pmb207906.html
pmb207905,https://www.schnitzler-kultur.acdh.oeaw.ac.at/pmb207905.html
pmb207904,https://www.schnitzler-kultur.acdh.oeaw.ac.at/pmb207904.html
pmb207903,https://www.schnitzler-kultur.acdh.oeaw.ac.at/pmb207903.html
pmb207902,https://www.schnitzler-kultur.acdh.oeaw.ac.at/pmb207902.html
pmb207901,https://www.schnitzler-kultur.acdh.oeaw.ac.at/pmb207901.html
pmb207900,https://www.schnitzler-kultur.acdh.oeaw.ac.at/pmb207900.html
pmb207899,https://www.schnitzler-kultur.acdh.oeaw.ac.at/pmb207899.html
pmb207898,https://www.schnitzler-kultur.acdh.oeaw.ac.at/pmb207898.html
pmb207897,https://www.schnitzler-kultur.acdh.oeaw.ac.at/pmb207897.html
pmb207896,https://www.schnitzler-kultur.acdh.oeaw.ac.at/pmb207896.html
pmb207895,https://www.schnitzler-kultur.acdh.oeaw.ac.at/pmb207895.html
pmb207894,https://www.schnitzler-kultur.acdh.oeaw.ac.at/pmb207894.html
pmb207893,https://www.schnitzler-kultur.acdh.oeaw.ac.at/pmb207893.html
pmb207892,https://www.schnitzler-kultur.acdh.oeaw.ac.at/pmb207892.html
pmb207891,https://www.schnitzler-kultur.acdh.oeaw.ac.at/pmb207891.html
pmb207890,https://www.schnitzler-kultur.acdh.oeaw.ac.at/pmb207890.html
pmb207889,https://www.schnitzler-kultur.acdh.oeaw.ac.at/pmb207889.html
pmb207888,https://www.schnitzler-kultur.acdh.oeaw.ac.at/pmb207888.html
pmb207887,https://www.schnitzler-kultur.acdh.oeaw.ac.at/pmb207887.html
pmb207886,https://www.schnitzler-kultur.acdh.oeaw.ac.at/pmb207886.html
pmb207885,https://www.schnitzler-kultur.acdh.oeaw.ac.at/pmb207885.html
pmb207884,https://www.schnitzler-kultur.acdh.oeaw.ac.at/pmb207884.html
pmb207883,https://www.schnitzler-kultur.acdh.oeaw.ac.at/pmb207883.html
pmb207882,https://www.schnitzler-kultur.acdh.oeaw.ac.at/pmb207882.html
pmb207881,https://www.schnitzler-kultur.acdh.oeaw.ac.at/pmb207881.html
pmb207880,https://www.schnitzler-kultur.acdh.oeaw.ac.at/pmb207880.html
pmb207879,https://www.schnitzler-kultur.acdh.oeaw.ac.at/pmb207879.html
pmb207878,https://www.schnitzler-kultur.acdh.oeaw.ac.at/pmb207878.html
pmb207877,https://www.schnitzler-kultur.acdh.oeaw.ac.at/pmb207877.html
pmb207876,https://www.schnitzler-kultur.acdh.oeaw.ac.at/pmb207876.html
pmb207875,https://www.schnitzler-kultur.acdh.oeaw.ac.at/pmb207875.html
pmb207874,https://www.schnitzler-kultur.acdh.oeaw.ac.at/pmb207874.html
pmb207873,https://www.schnitzler-kultur.acdh.oeaw.ac.at/pmb207873.html
pmb207872,https://www.schnitzler-kultur.acdh.oeaw.ac.at/pmb207872.html
pmb207871,https://www.schnitzler-kultur.acdh.oeaw.ac.at/pmb207871.html
pmb207870,https://www.schnitzler-kultur.acdh.oeaw.ac.at/pmb207870.html
pmb207869,https://www.schnitzler-kultur.acdh.oeaw.ac.at/pmb207869.html
pmb207868,https://www.schnitzler-kultur.acdh.oeaw.ac.at/pmb207868.html
pmb207867,https://www.schnitzler-kultur.acdh.oeaw.ac.at/pmb207867.html
pmb207866,https://www.schnitzler-kultur.acdh.oeaw.ac.at/pmb207866.html
pmb207865,https://www.schnitzler-kultur.acdh.oeaw.ac.at/pmb207865.html
pmb207864,https://www.schnitzler-kultur.acdh.oeaw.ac.at/pmb207864.html
pmb207863,https://www.schnitzler-kultur.acdh.oeaw.ac.at/pmb207863.html
pmb207862,https://www.schnitzler-kultur.acdh.oeaw.ac.at/pmb207862.html
pmb207861,https://www.schnitzler-kultur.acdh.oeaw.ac.at/pmb207861.html
pmb207860,https://www.schnitzler-kultur.acdh.oeaw.ac.at/pmb207860.html
pmb207859,https://www.schnitzler-kultur.acdh.oeaw.ac.at/pmb207859.html
pmb207858,https://www.schnitzler-kultur.acdh.oeaw.ac.at/pmb207858.html
pmb207857,https://www.schnitzler-kultur.acdh.oeaw.ac.at/pmb207857.html
pmb207856,https://www.schnitzler-kultur.acdh.oeaw.ac.at/pmb207856.html
pmb207855,https://www.schnitzler-kultur.acdh.oeaw.ac.at/pmb207855.html
pmb207854,https://www.schnitzler-kultur.acdh.oeaw.ac.at/pmb207854.html
pmb207853,https://www.schnitzler-kultur.acdh.oeaw.ac.at/pmb207853.html
pmb207852,https://www.schnitzler-kultur.acdh.oeaw.ac.at/pmb207852.html
pmb207851,https://www.schnitzler-kultur.acdh.oeaw.ac.at/pmb207851.html
pmb207850,https://www.schnitzler-kultur.acdh.oeaw.ac.at/pmb207850.html
pmb207849,https://www.schnitzler-kultur.acdh.oeaw.ac.at/pmb207849.html
pmb207848,https://www.schnitzler-kultur.acdh.oeaw.ac.at/pmb207848.html
pmb207847,https://www.schnitzler-kultur.acdh.oeaw.ac.at/pmb207847.html
pmb207846,https://www.schnitzler-kultur.acdh.oeaw.ac.at/pmb207846.html
pmb207845,https://www.schnitzler-kultur.acdh.oeaw.ac.at/pmb207845.html
pmb207844,https://www.schnitzler-kultur.acdh.oeaw.ac.at/pmb207844.html
pmb207843,https://www.schnitzler-kultur.acdh.oeaw.ac.at/pmb207843.html
pmb207842,https://www.schnitzler-kultur.acdh.oeaw.ac.at/pmb207842.html
pmb207841,https://www.schnitzler-kultur.acdh.oeaw.ac.at/pmb207841.html
pmb207840,https://www.schnitzler-kultur.acdh.oeaw.ac.at/pmb207840.html
pmb207839,https://www.schnitzler-kultur.acdh.oeaw.ac.at/pmb207839.html
pmb207838,https://www.schnitzler-kultur.acdh.oeaw.ac.at/pmb207838.html
pmb207837,https://www.schnitzler-kultur.acdh.oeaw.ac.at/pmb207837.html
pmb207836,https://www.schnitzler-kultur.acdh.oeaw.ac.at/pmb207836.html
pmb207835,https://www.schnitzler-kultur.acdh.oeaw.ac.at/pmb207835.html
pmb207834,https://www.schnitzler-kultur.acdh.oeaw.ac.at/pmb207834.html
pmb207833,https://www.schnitzler-kultur.acdh.oeaw.ac.at/pmb207833.html
pmb207832,https://www.schnitzler-kultur.acdh.oeaw.ac.at/pmb207832.html
pmb207831,https://www.schnitzler-kultur.acdh.oeaw.ac.at/pmb207831.html
pmb207830,https://www.schnitzler-kultur.acdh.oeaw.ac.at/pmb207830.html
pmb207829,https://www.schnitzler-kultur.acdh.oeaw.ac.at/pmb207829.html
pmb207828,https://www.schnitzler-kultur.acdh.oeaw.ac.at/pmb207828.html
pmb207827,https://www.schnitzler-kultur.acdh.oeaw.ac.at/pmb207827.html
pmb207826,https://www.schnitzler-kultur.acdh.oeaw.ac.at/pmb207826.html
pmb207825,https://www.schnitzler-kultur.acdh.oeaw.ac.at/pmb207825.html
pmb207824,https://www.schnitzler-kultur.acdh.oeaw.ac.at/pmb207824.html
pmb207823,https://www.schnitzler-kultur.acdh.oeaw.ac.at/pmb207823.html
pmb207822,https://www.schnitzler-kultur.acdh.oeaw.ac.at/pmb207822.html
pmb207821,https://www.schnitzler-kultur.acdh.oeaw.ac.at/pmb207821.html
pmb207820,https://www.schnitzler-kultur.acdh.oeaw.ac.at/pmb207820.html
pmb207819,https://www.schnitzler-kultur.acdh.oeaw.ac.at/pmb207819.html
pmb207818,https://www.schnitzler-kultur.acdh.oeaw.ac.at/pmb207818.html
pmb207817,https://www.schnitzler-kultur.acdh.oeaw.ac.at/pmb207817.html
pmb207816,https://www.schnitzler-kultur.acdh.oeaw.ac.at/pmb207816.html
pmb207815,https://www.schnitzler-kultur.acdh.oeaw.ac.at/pmb207815.html
pmb207814,https://www.schnitzler-kultur.acdh.oeaw.ac.at/pmb207814.html
pmb207813,https://www.schnitzler-kultur.acdh.oeaw.ac.at/pmb207813.html
pmb207812,https://www.schnitzler-kultur.acdh.oeaw.ac.at/pmb207812.html
pmb207811,https://www.schnitzler-kultur.acdh.oeaw.ac.at/pmb207811.html
pmb207810,https://www.schnitzler-kultur.acdh.oeaw.ac.at/pmb207810.html
pmb207809,https://www.schnitzler-kultur.acdh.oeaw.ac.at/pmb207809.html
pmb207808,https://www.schnitzler-kultur.acdh.oeaw.ac.at/pmb207808.html
pmb207807,https://www.schnitzler-kultur.acdh.oeaw.ac.at/pmb207807.html
pmb207806,https://www.schnitzler-kultur.acdh.oeaw.ac.at/pmb207806.html
pmb207805,https://www.schnitzler-kultur.acdh.oeaw.ac.at/pmb207805.html
pmb207804,https://www.schnitzler-kultur.acdh.oeaw.ac.at/pmb207804.html
pmb207803,https://www.schnitzler-kultur.acdh.oeaw.ac.at/pmb207803.html
pmb207802,https://www.schnitzler-kultur.acdh.oeaw.ac.at/pmb207802.html
pmb207801,https://www.schnitzler-kultur.acdh.oeaw.ac.at/pmb207801.html
pmb207800,https://www.schnitzler-kultur.acdh.oeaw.ac.at/pmb207800.html
pmb207799,https://www.schnitzler-kultur.acdh.oeaw.ac.at/pmb207799.html
pmb207798,https://www.schnitzler-kultur.acdh.oeaw.ac.at/pmb207798.html
pmb207797,https://www.schnitzler-kultur.acdh.oeaw.ac.at/pmb207797.html
pmb207796,https://www.schnitzler-kultur.acdh.oeaw.ac.at/pmb207796.html
pmb207795,https://www.schnitzler-kultur.acdh.oeaw.ac.at/pmb207795.html
pmb207794,https://www.schnitzler-kultur.acdh.oeaw.ac.at/pmb207794.html
pmb207793,https://www.schnitzler-kultur.acdh.oeaw.ac.at/pmb207793.html
pmb207792,https://www.schnitzler-kultur.acdh.oeaw.ac.at/pmb207792.html
pmb207791,https://www.schnitzler-kultur.acdh.oeaw.ac.at/pmb207791.html
pmb207790,https://www.schnitzler-kultur.acdh.oeaw.ac.at/pmb207790.html
pmb207789,https://www.schnitzler-kultur.acdh.oeaw.ac.at/pmb207789.html
pmb207788,https://www.schnitzler-kultur.acdh.oeaw.ac.at/pmb207788.html
pmb207787,https://www.schnitzler-kultur.acdh.oeaw.ac.at/pmb207787.html
pmb207786,https://www.schnitzler-kultur.acdh.oeaw.ac.at/pmb207786.html
pmb207785,https://www.schnitzler-kultur.acdh.oeaw.ac.at/pmb207785.html
pmb207784,https://www.schnitzler-kultur.acdh.oeaw.ac.at/pmb207784.html
pmb207783,https://www.schnitzler-kultur.acdh.oeaw.ac.at/pmb207783.html
pmb207782,https://www.schnitzler-kultur.acdh.oeaw.ac.at/pmb207782.html
pmb207781,https://www.schnitzler-kultur.acdh.oeaw.ac.at/pmb207781.html
pmb207780,https://www.schnitzler-kultur.acdh.oeaw.ac.at/pmb207780.html
pmb207779,https://www.schnitzler-kultur.acdh.oeaw.ac.at/pmb207779.html
pmb207778,https://www.schnitzler-kultur.acdh.oeaw.ac.at/pmb207778.html
pmb207777,https://www.schnitzler-kultur.acdh.oeaw.ac.at/pmb207777.html
pmb207776,https://www.schnitzler-kultur.acdh.oeaw.ac.at/pmb207776.html
pmb207775,https://www.schnitzler-kultur.acdh.oeaw.ac.at/pmb207775.html
pmb207774,https://www.schnitzler-kultur.acdh.oeaw.ac.at/pmb207774.html
pmb207773,https://www.schnitzler-kultur.acdh.oeaw.ac.at/pmb207773.html
pmb207772,https://www.schnitzler-kultur.acdh.oeaw.ac.at/pmb207772.html
pmb207771,https://www.schnitzler-kultur.acdh.oeaw.ac.at/pmb207771.html
pmb207770,https://www.schnitzler-kultur.acdh.oeaw.ac.at/pmb207770.html
pmb207769,https://www.schnitzler-kultur.acdh.oeaw.ac.at/pmb207769.html
pmb207768,https://www.schnitzler-kultur.acdh.oeaw.ac.at/pmb207768.html
pmb207767,https://www.schnitzler-kultur.acdh.oeaw.ac.at/pmb207767.html
pmb207766,https://www.schnitzler-kultur.acdh.oeaw.ac.at/pmb207766.html
pmb207765,https://www.schnitzler-kultur.acdh.oeaw.ac.at/pmb207765.html
pmb207764,https://www.schnitzler-kultur.acdh.oeaw.ac.at/pmb207764.html
pmb207763,https://www.schnitzler-kultur.acdh.oeaw.ac.at/pmb207763.html
pmb207762,https://www.schnitzler-kultur.acdh.oeaw.ac.at/pmb207762.html
pmb207761,https://www.schnitzler-kultur.acdh.oeaw.ac.at/pmb207761.html
pmb207760,https://www.schnitzler-kultur.acdh.oeaw.ac.at/pmb207760.html
pmb207759,https://www.schnitzler-kultur.acdh.oeaw.ac.at/pmb207759.html
pmb207758,https://www.schnitzler-kultur.acdh.oeaw.ac.at/pmb207758.html
pmb207757,https://www.schnitzler-kultur.acdh.oeaw.ac.at/pmb207757.html
pmb207756,https://www.schnitzler-kultur.acdh.oeaw.ac.at/pmb207756.html
pmb207755,https://www.schnitzler-kultur.acdh.oeaw.ac.at/pmb207755.html
pmb207754,https://www.schnitzler-kultur.acdh.oeaw.ac.at/pmb207754.html
pmb207753,https://www.schnitzler-kultur.acdh.oeaw.ac.at/pmb207753.html
pmb207752,https://www.schnitzler-kultur.acdh.oeaw.ac.at/pmb207752.html
pmb207751,https://www.schnitzler-kultur.acdh.oeaw.ac.at/pmb207751.html
pmb207750,https://www.schnitzler-kultur.acdh.oeaw.ac.at/pmb207750.html
pmb207749,https://www.schnitzler-kultur.acdh.oeaw.ac.at/pmb207749.html
pmb207748,https://www.schnitzler-kultur.acdh.oeaw.ac.at/pmb207748.html
pmb207747,https://www.schnitzler-kultur.acdh.oeaw.ac.at/pmb207747.html
pmb207746,https://www.schnitzler-kultur.acdh.oeaw.ac.at/pmb207746.html
pmb207745,https://www.schnitzler-kultur.acdh.oeaw.ac.at/pmb207745.html
pmb207744,https://www.schnitzler-kultur.acdh.oeaw.ac.at/pmb207744.html
pmb207743,https://www.schnitzler-kultur.acdh.oeaw.ac.at/pmb207743.html
pmb207742,https://www.schnitzler-kultur.acdh.oeaw.ac.at/pmb207742.html
pmb207741,https://www.schnitzler-kultur.acdh.oeaw.ac.at/pmb207741.html
pmb207740,https://www.schnitzler-kultur.acdh.oeaw.ac.at/pmb207740.html
pmb207739,https://www.schnitzler-kultur.acdh.oeaw.ac.at/pmb207739.html
pmb207738,https://www.schnitzler-kultur.acdh.oeaw.ac.at/pmb207738.html
pmb207737,https://www.schnitzler-kultur.acdh.oeaw.ac.at/pmb207737.html
pmb207736,https://www.schnitzler-kultur.acdh.oeaw.ac.at/pmb207736.html
pmb207735,https://www.schnitzler-kultur.acdh.oeaw.ac.at/pmb207735.html
pmb207734,https://www.schnitzler-kultur.acdh.oeaw.ac.at/pmb207734.html
pmb207733,https://www.schnitzler-kultur.acdh.oeaw.ac.at/pmb207733.html
pmb207732,https://www.schnitzler-kultur.acdh.oeaw.ac.at/pmb207732.html
pmb207731,https://www.schnitzler-kultur.acdh.oeaw.ac.at/pmb207731.html
pmb207730,https://www.schnitzler-kultur.acdh.oeaw.ac.at/pmb207730.html
pmb207729,https://www.schnitzler-kultur.acdh.oeaw.ac.at/pmb207729.html
pmb207728,https://www.schnitzler-kultur.acdh.oeaw.ac.at/pmb207728.html
pmb207727,https://www.schnitzler-kultur.acdh.oeaw.ac.at/pmb207727.html
pmb207726,https://www.schnitzler-kultur.acdh.oeaw.ac.at/pmb207726.html
pmb207725,https://www.schnitzler-kultur.acdh.oeaw.ac.at/pmb207725.html
pmb207724,https://www.schnitzler-kultur.acdh.oeaw.ac.at/pmb207724.html
pmb207723,https://www.schnitzler-kultur.acdh.oeaw.ac.at/pmb207723.html
pmb207722,https://www.schnitzler-kultur.acdh.oeaw.ac.at/pmb207722.html
pmb207721,https://www.schnitzler-kultur.acdh.oeaw.ac.at/pmb207721.html
pmb207720,https://www.schnitzler-kultur.acdh.oeaw.ac.at/pmb207720.html
pmb207719,https://www.schnitzler-kultur.acdh.oeaw.ac.at/pmb207719.html
pmb207718,https://www.schnitzler-kultur.acdh.oeaw.ac.at/pmb207718.html
pmb207717,https://www.schnitzler-kultur.acdh.oeaw.ac.at/pmb207717.html
pmb207716,https://www.schnitzler-kultur.acdh.oeaw.ac.at/pmb207716.html
pmb207715,https://www.schnitzler-kultur.acdh.oeaw.ac.at/pmb207715.html
pmb207714,https://www.schnitzler-kultur.acdh.oeaw.ac.at/pmb207714.html
pmb207713,https://www.schnitzler-kultur.acdh.oeaw.ac.at/pmb207713.html
pmb207712,https://www.schnitzler-kultur.acdh.oeaw.ac.at/pmb207712.html
pmb207711,https://www.schnitzler-kultur.acdh.oeaw.ac.at/pmb207711.html
pmb207710,https://www.schnitzler-kultur.acdh.oeaw.ac.at/pmb207710.html
pmb207709,https://www.schnitzler-kultur.acdh.oeaw.ac.at/pmb207709.html
pmb207708,https://www.schnitzler-kultur.acdh.oeaw.ac.at/pmb207708.html
pmb207707,https://www.schnitzler-kultur.acdh.oeaw.ac.at/pmb207707.html
pmb207706,https://www.schnitzler-kultur.acdh.oeaw.ac.at/pmb207706.html
pmb207705,https://www.schnitzler-kultur.acdh.oeaw.ac.at/pmb207705.html
pmb207704,https://www.schnitzler-kultur.acdh.oeaw.ac.at/pmb207704.html
pmb207703,https://www.schnitzler-kultur.acdh.oeaw.ac.at/pmb207703.html
pmb207702,https://www.schnitzler-kultur.acdh.oeaw.ac.at/pmb207702.html
pmb207701,https://www.schnitzler-kultur.acdh.oeaw.ac.at/pmb207701.html
pmb207700,https://www.schnitzler-kultur.acdh.oeaw.ac.at/pmb207700.html
pmb207699,https://www.schnitzler-kultur.acdh.oeaw.ac.at/pmb207699.html
pmb207698,https://www.schnitzler-kultur.acdh.oeaw.ac.at/pmb207698.html
pmb207697,https://www.schnitzler-kultur.acdh.oeaw.ac.at/pmb207697.html
pmb207696,https://www.schnitzler-kultur.acdh.oeaw.ac.at/pmb207696.html
pmb207695,https://www.schnitzler-kultur.acdh.oeaw.ac.at/pmb207695.html
pmb207694,https://www.schnitzler-kultur.acdh.oeaw.ac.at/pmb207694.html
pmb207693,https://www.schnitzler-kultur.acdh.oeaw.ac.at/pmb207693.html
pmb207692,https://www.schnitzler-kultur.acdh.oeaw.ac.at/pmb207692.html
pmb207691,https://www.schnitzler-kultur.acdh.oeaw.ac.at/pmb207691.html
pmb207690,https://www.schnitzler-kultur.acdh.oeaw.ac.at/pmb207690.html
pmb207689,https://www.schnitzler-kultur.acdh.oeaw.ac.at/pmb207689.html
pmb207688,https://www.schnitzler-kultur.acdh.oeaw.ac.at/pmb207688.html
pmb207687,https://www.schnitzler-kultur.acdh.oeaw.ac.at/pmb207687.html
pmb207686,https://www.schnitzler-kultur.acdh.oeaw.ac.at/pmb207686.html
pmb207685,https://www.schnitzler-kultur.acdh.oeaw.ac.at/pmb207685.html
pmb207684,https://www.schnitzler-kultur.acdh.oeaw.ac.at/pmb207684.html
pmb207683,https://www.schnitzler-kultur.acdh.oeaw.ac.at/pmb207683.html
pmb207682,https://www.schnitzler-kultur.acdh.oeaw.ac.at/pmb207682.html
pmb207681,https://www.schnitzler-kultur.acdh.oeaw.ac.at/pmb207681.html
pmb207680,https://www.schnitzler-kultur.acdh.oeaw.ac.at/pmb207680.html
pmb207679,https://www.schnitzler-kultur.acdh.oeaw.ac.at/pmb207679.html
pmb207678,https://www.schnitzler-kultur.acdh.oeaw.ac.at/pmb207678.html
pmb207677,https://www.schnitzler-kultur.acdh.oeaw.ac.at/pmb207677.html
pmb207676,https://www.schnitzler-kultur.acdh.oeaw.ac.at/pmb207676.html
pmb207675,https://www.schnitzler-kultur.acdh.oeaw.ac.at/pmb207675.html
pmb207674,https://www.schnitzler-kultur.acdh.oeaw.ac.at/pmb207674.html
pmb207673,https://www.schnitzler-kultur.acdh.oeaw.ac.at/pmb207673.html
pmb207672,https://www.schnitzler-kultur.acdh.oeaw.ac.at/pmb207672.html
pmb207671,https://www.schnitzler-kultur.acdh.oeaw.ac.at/pmb207671.html
pmb207670,https://www.schnitzler-kultur.acdh.oeaw.ac.at/pmb207670.html
pmb207669,https://www.schnitzler-kultur.acdh.oeaw.ac.at/pmb207669.html
pmb207668,https://www.schnitzler-kultur.acdh.oeaw.ac.at/pmb207668.html
pmb207667,https://www.schnitzler-kultur.acdh.oeaw.ac.at/pmb207667.html
pmb207666,https://www.schnitzler-kultur.acdh.oeaw.ac.at/pmb207666.html
pmb207665,https://www.schnitzler-kultur.acdh.oeaw.ac.at/pmb207665.html
pmb207664,https://www.schnitzler-kultur.acdh.oeaw.ac.at/pmb207664.html
pmb207662,https://www.schnitzler-kultur.acdh.oeaw.ac.at/pmb207662.html
pmb207661,https://www.schnitzler-kultur.acdh.oeaw.ac.at/pmb207661.html
pmb207660,https://www.schnitzler-kultur.acdh.oeaw.ac.at/pmb207660.html
pmb207659,https://www.schnitzler-kultur.acdh.oeaw.ac.at/pmb207659.html
pmb207658,https://www.schnitzler-kultur.acdh.oeaw.ac.at/pmb207658.html
pmb207657,https://www.schnitzler-kultur.acdh.oeaw.ac.at/pmb207657.html
pmb207656,https://www.schnitzler-kultur.acdh.oeaw.ac.at/pmb207656.html
pmb207655,https://www.schnitzler-kultur.acdh.oeaw.ac.at/pmb207655.html
pmb207654,https://www.schnitzler-kultur.acdh.oeaw.ac.at/pmb207654.html
pmb207653,https://www.schnitzler-kultur.acdh.oeaw.ac.at/pmb207653.html
pmb207652,https://www.schnitzler-kultur.acdh.oeaw.ac.at/pmb207652.html
pmb207651,https://www.schnitzler-kultur.acdh.oeaw.ac.at/pmb207651.html
pmb207650,https://www.schnitzler-kultur.acdh.oeaw.ac.at/pmb207650.html
pmb207649,https://www.schnitzler-kultur.acdh.oeaw.ac.at/pmb207649.html
pmb207648,https://www.schnitzler-kultur.acdh.oeaw.ac.at/pmb207648.html
pmb207647,https://www.schnitzler-kultur.acdh.oeaw.ac.at/pmb207647.html
pmb207646,https://www.schnitzler-kultur.acdh.oeaw.ac.at/pmb207646.html
pmb207645,https://www.schnitzler-kultur.acdh.oeaw.ac.at/pmb207645.html
pmb207644,https://www.schnitzler-kultur.acdh.oeaw.ac.at/pmb207644.html
pmb207643,https://www.schnitzler-kultur.acdh.oeaw.ac.at/pmb207643.html
pmb207642,https://www.schnitzler-kultur.acdh.oeaw.ac.at/pmb207642.html
pmb207641,https://www.schnitzler-kultur.acdh.oeaw.ac.at/pmb207641.html
pmb207640,https://www.schnitzler-kultur.acdh.oeaw.ac.at/pmb207640.html
pmb207639,https://www.schnitzler-kultur.acdh.oeaw.ac.at/pmb207639.html
pmb207638,https://www.schnitzler-kultur.acdh.oeaw.ac.at/pmb207638.html
pmb207637,https://www.schnitzler-kultur.acdh.oeaw.ac.at/pmb207637.html
pmb207636,https://www.schnitzler-kultur.acdh.oeaw.ac.at/pmb207636.html
pmb207635,https://www.schnitzler-kultur.acdh.oeaw.ac.at/pmb207635.html
pmb207634,https://www.schnitzler-kultur.acdh.oeaw.ac.at/pmb207634.html
pmb207633,https://www.schnitzler-kultur.acdh.oeaw.ac.at/pmb207633.html
pmb207632,https://www.schnitzler-kultur.acdh.oeaw.ac.at/pmb207632.html
pmb207631,https://www.schnitzler-kultur.acdh.oeaw.ac.at/pmb207631.html
pmb207630,https://www.schnitzler-kultur.acdh.oeaw.ac.at/pmb207630.html
pmb207629,https://www.schnitzler-kultur.acdh.oeaw.ac.at/pmb207629.html
pmb207628,https://www.schnitzler-kultur.acdh.oeaw.ac.at/pmb207628.html
pmb207627,https://www.schnitzler-kultur.acdh.oeaw.ac.at/pmb207627.html
pmb207626,https://www.schnitzler-kultur.acdh.oeaw.ac.at/pmb207626.html
pmb207625,https://www.schnitzler-kultur.acdh.oeaw.ac.at/pmb207625.html
pmb207623,https://www.schnitzler-kultur.acdh.oeaw.ac.at/pmb207623.html
pmb207622,https://www.schnitzler-kultur.acdh.oeaw.ac.at/pmb207622.html
pmb207621,https://www.schnitzler-kultur.acdh.oeaw.ac.at/pmb207621.html
pmb207620,https://www.schnitzler-kultur.acdh.oeaw.ac.at/pmb207620.html
pmb207619,https://www.schnitzler-kultur.acdh.oeaw.ac.at/pmb207619.html
pmb207618,https://www.schnitzler-kultur.acdh.oeaw.ac.at/pmb207618.html
pmb207617,https://www.schnitzler-kultur.acdh.oeaw.ac.at/pmb207617.html
pmb207616,https://www.schnitzler-kultur.acdh.oeaw.ac.at/pmb207616.html
pmb207615,https://www.schnitzler-kultur.acdh.oeaw.ac.at/pmb207615.html
pmb207614,https://www.schnitzler-kultur.acdh.oeaw.ac.at/pmb207614.html
pmb207613,https://www.schnitzler-kultur.acdh.oeaw.ac.at/pmb207613.html
pmb207612,https://www.schnitzler-kultur.acdh.oeaw.ac.at/pmb207612.html
pmb207611,https://www.schnitzler-kultur.acdh.oeaw.ac.at/pmb207611.html
pmb207610,https://www.schnitzler-kultur.acdh.oeaw.ac.at/pmb207610.html
pmb207609,https://www.schnitzler-kultur.acdh.oeaw.ac.at/pmb207609.html
pmb207608,https://www.schnitzler-kultur.acdh.oeaw.ac.at/pmb207608.html
pmb207607,https://www.schnitzler-kultur.acdh.oeaw.ac.at/pmb207607.html
pmb207606,https://www.schnitzler-kultur.acdh.oeaw.ac.at/pmb207606.html
pmb207605,https://www.schnitzler-kultur.acdh.oeaw.ac.at/pmb207605.html
pmb207604,https://www.schnitzler-kultur.acdh.oeaw.ac.at/pmb207604.html
pmb207603,https://www.schnitzler-kultur.acdh.oeaw.ac.at/pmb207603.html
pmb207602,https://www.schnitzler-kultur.acdh.oeaw.ac.at/pmb207602.html
pmb207601,https://www.schnitzler-kultur.acdh.oeaw.ac.at/pmb207601.html
pmb207600,https://www.schnitzler-kultur.acdh.oeaw.ac.at/pmb207600.html
pmb207599,https://www.schnitzler-kultur.acdh.oeaw.ac.at/pmb207599.html
pmb207598,https://www.schnitzler-kultur.acdh.oeaw.ac.at/pmb207598.html
pmb207597,https://www.schnitzler-kultur.acdh.oeaw.ac.at/pmb207597.html
pmb207596,https://www.schnitzler-kultur.acdh.oeaw.ac.at/pmb207596.html
pmb207595,https://www.schnitzler-kultur.acdh.oeaw.ac.at/pmb207595.html
pmb207594,https://www.schnitzler-kultur.acdh.oeaw.ac.at/pmb207594.html
pmb207593,https://www.schnitzler-kultur.acdh.oeaw.ac.at/pmb207593.html
pmb207592,https://www.schnitzler-kultur.acdh.oeaw.ac.at/pmb207592.html
pmb207591,https://www.schnitzler-kultur.acdh.oeaw.ac.at/pmb207591.html
pmb207590,https://www.schnitzler-kultur.acdh.oeaw.ac.at/pmb207590.html
pmb207589,https://www.schnitzler-kultur.acdh.oeaw.ac.at/pmb207589.html
pmb207588,https://www.schnitzler-kultur.acdh.oeaw.ac.at/pmb207588.html
pmb207587,https://www.schnitzler-kultur.acdh.oeaw.ac.at/pmb207587.html
pmb207586,https://www.schnitzler-kultur.acdh.oeaw.ac.at/pmb207586.html
pmb207585,https://www.schnitzler-kultur.acdh.oeaw.ac.at/pmb207585.html
pmb207584,https://www.schnitzler-kultur.acdh.oeaw.ac.at/pmb207584.html
pmb207583,https://www.schnitzler-kultur.acdh.oeaw.ac.at/pmb207583.html
pmb207582,https://www.schnitzler-kultur.acdh.oeaw.ac.at/pmb207582.html
pmb207581,https://www.schnitzler-kultur.acdh.oeaw.ac.at/pmb207581.html
pmb207580,https://www.schnitzler-kultur.acdh.oeaw.ac.at/pmb207580.html
pmb207579,https://www.schnitzler-kultur.acdh.oeaw.ac.at/pmb207579.html
pmb207578,https://www.schnitzler-kultur.acdh.oeaw.ac.at/pmb207578.html
pmb207577,https://www.schnitzler-kultur.acdh.oeaw.ac.at/pmb207577.html
pmb207576,https://www.schnitzler-kultur.acdh.oeaw.ac.at/pmb207576.html
pmb207575,https://www.schnitzler-kultur.acdh.oeaw.ac.at/pmb207575.html
pmb207574,https://www.schnitzler-kultur.acdh.oeaw.ac.at/pmb207574.html
pmb207573,https://www.schnitzler-kultur.acdh.oeaw.ac.at/pmb207573.html
pmb207572,https://www.schnitzler-kultur.acdh.oeaw.ac.at/pmb207572.html
pmb207571,https://www.schnitzler-kultur.acdh.oeaw.ac.at/pmb207571.html
pmb207570,https://www.schnitzler-kultur.acdh.oeaw.ac.at/pmb207570.html
pmb207569,https://www.schnitzler-kultur.acdh.oeaw.ac.at/pmb207569.html
pmb207568,https://www.schnitzler-kultur.acdh.oeaw.ac.at/pmb207568.html
pmb207567,https://www.schnitzler-kultur.acdh.oeaw.ac.at/pmb207567.html
pmb207566,https://www.schnitzler-kultur.acdh.oeaw.ac.at/pmb207566.html
pmb207565,https://www.schnitzler-kultur.acdh.oeaw.ac.at/pmb207565.html
pmb207564,https://www.schnitzler-kultur.acdh.oeaw.ac.at/pmb207564.html
pmb207563,https://www.schnitzler-kultur.acdh.oeaw.ac.at/pmb207563.html
pmb207562,https://www.schnitzler-kultur.acdh.oeaw.ac.at/pmb207562.html
pmb207561,https://www.schnitzler-kultur.acdh.oeaw.ac.at/pmb207561.html
pmb207560,https://www.schnitzler-kultur.acdh.oeaw.ac.at/pmb207560.html
pmb207559,https://www.schnitzler-kultur.acdh.oeaw.ac.at/pmb207559.html
pmb207558,https://www.schnitzler-kultur.acdh.oeaw.ac.at/pmb207558.html
pmb207557,https://www.schnitzler-kultur.acdh.oeaw.ac.at/pmb207557.html
pmb207556,https://www.schnitzler-kultur.acdh.oeaw.ac.at/pmb207556.html
pmb207555,https://www.schnitzler-kultur.acdh.oeaw.ac.at/pmb207555.html
pmb207554,https://www.schnitzler-kultur.acdh.oeaw.ac.at/pmb207554.html
pmb207553,https://www.schnitzler-kultur.acdh.oeaw.ac.at/pmb207553.html
pmb207552,https://www.schnitzler-kultur.acdh.oeaw.ac.at/pmb207552.html
pmb207551,https://www.schnitzler-kultur.acdh.oeaw.ac.at/pmb207551.html
pmb207550,https://www.schnitzler-kultur.acdh.oeaw.ac.at/pmb207550.html
pmb207549,https://www.schnitzler-kultur.acdh.oeaw.ac.at/pmb207549.html
pmb207548,https://www.schnitzler-kultur.acdh.oeaw.ac.at/pmb207548.html
pmb207547,https://www.schnitzler-kultur.acdh.oeaw.ac.at/pmb207547.html
pmb207546,https://www.schnitzler-kultur.acdh.oeaw.ac.at/pmb207546.html
pmb207545,https://www.schnitzler-kultur.acdh.oeaw.ac.at/pmb207545.html
pmb207544,https://www.schnitzler-kultur.acdh.oeaw.ac.at/pmb207544.html
pmb207543,https://www.schnitzler-kultur.acdh.oeaw.ac.at/pmb207543.html
pmb207542,https://www.schnitzler-kultur.acdh.oeaw.ac.at/pmb207542.html
pmb207541,https://www.schnitzler-kultur.acdh.oeaw.ac.at/pmb207541.html
pmb207540,https://www.schnitzler-kultur.acdh.oeaw.ac.at/pmb207540.html
pmb207539,https://www.schnitzler-kultur.acdh.oeaw.ac.at/pmb207539.html
pmb207538,https://www.schnitzler-kultur.acdh.oeaw.ac.at/pmb207538.html
pmb207537,https://www.schnitzler-kultur.acdh.oeaw.ac.at/pmb207537.html
pmb207536,https://www.schnitzler-kultur.acdh.oeaw.ac.at/pmb207536.html
pmb207535,https://www.schnitzler-kultur.acdh.oeaw.ac.at/pmb207535.html
pmb207534,https://www.schnitzler-kultur.acdh.oeaw.ac.at/pmb207534.html
pmb207533,https://www.schnitzler-kultur.acdh.oeaw.ac.at/pmb207533.html
pmb207532,https://www.schnitzler-kultur.acdh.oeaw.ac.at/pmb207532.html
pmb207531,https://www.schnitzler-kultur.acdh.oeaw.ac.at/pmb207531.html
pmb207530,https://www.schnitzler-kultur.acdh.oeaw.ac.at/pmb207530.html
pmb207529,https://www.schnitzler-kultur.acdh.oeaw.ac.at/pmb207529.html
pmb207528,https://www.schnitzler-kultur.acdh.oeaw.ac.at/pmb207528.html
pmb207527,https://www.schnitzler-kultur.acdh.oeaw.ac.at/pmb207527.html
pmb207526,https://www.schnitzler-kultur.acdh.oeaw.ac.at/pmb207526.html
pmb207525,https://www.schnitzler-kultur.acdh.oeaw.ac.at/pmb207525.html
pmb207524,https://www.schnitzler-kultur.acdh.oeaw.ac.at/pmb207524.html
pmb207523,https://www.schnitzler-kultur.acdh.oeaw.ac.at/pmb207523.html
pmb207522,https://www.schnitzler-kultur.acdh.oeaw.ac.at/pmb207522.html
pmb207521,https://www.schnitzler-kultur.acdh.oeaw.ac.at/pmb207521.html
pmb207520,https://www.schnitzler-kultur.acdh.oeaw.ac.at/pmb207520.html
pmb207519,https://www.schnitzler-kultur.acdh.oeaw.ac.at/pmb207519.html
pmb207518,https://www.schnitzler-kultur.acdh.oeaw.ac.at/pmb207518.html
pmb207517,https://www.schnitzler-kultur.acdh.oeaw.ac.at/pmb207517.html
pmb207516,https://www.schnitzler-kultur.acdh.oeaw.ac.at/pmb207516.html
pmb207515,https://www.schnitzler-kultur.acdh.oeaw.ac.at/pmb207515.html
pmb207514,https://www.schnitzler-kultur.acdh.oeaw.ac.at/pmb207514.html
pmb207513,https://www.schnitzler-kultur.acdh.oeaw.ac.at/pmb207513.html
pmb207512,https://www.schnitzler-kultur.acdh.oeaw.ac.at/pmb207512.html
pmb207511,https://www.schnitzler-kultur.acdh.oeaw.ac.at/pmb207511.html
pmb207510,https://www.schnitzler-kultur.acdh.oeaw.ac.at/pmb207510.html
pmb207509,https://www.schnitzler-kultur.acdh.oeaw.ac.at/pmb207509.html
pmb207508,https://www.schnitzler-kultur.acdh.oeaw.ac.at/pmb207508.html
pmb207507,https://www.schnitzler-kultur.acdh.oeaw.ac.at/pmb207507.html
pmb207506,https://www.schnitzler-kultur.acdh.oeaw.ac.at/pmb207506.html
pmb207505,https://www.schnitzler-kultur.acdh.oeaw.ac.at/pmb207505.html
pmb207504,https://www.schnitzler-kultur.acdh.oeaw.ac.at/pmb207504.html
pmb207503,https://www.schnitzler-kultur.acdh.oeaw.ac.at/pmb207503.html
pmb207502,https://www.schnitzler-kultur.acdh.oeaw.ac.at/pmb207502.html
pmb207501,https://www.schnitzler-kultur.acdh.oeaw.ac.at/pmb207501.html
pmb207500,https://www.schnitzler-kultur.acdh.oeaw.ac.at/pmb207500.html
pmb207499,https://www.schnitzler-kultur.acdh.oeaw.ac.at/pmb207499.html
pmb207498,https://www.schnitzler-kultur.acdh.oeaw.ac.at/pmb207498.html
pmb207497,https://www.schnitzler-kultur.acdh.oeaw.ac.at/pmb207497.html
pmb207496,https://www.schnitzler-kultur.acdh.oeaw.ac.at/pmb207496.html
pmb207495,https://www.schnitzler-kultur.acdh.oeaw.ac.at/pmb207495.html
pmb207494,https://www.schnitzler-kultur.acdh.oeaw.ac.at/pmb207494.html
pmb207493,https://www.schnitzler-kultur.acdh.oeaw.ac.at/pmb207493.html
pmb207492,https://www.schnitzler-kultur.acdh.oeaw.ac.at/pmb207492.html
pmb207491,https://www.schnitzler-kultur.acdh.oeaw.ac.at/pmb207491.html
pmb207490,https://www.schnitzler-kultur.acdh.oeaw.ac.at/pmb207490.html
pmb207488,https://www.schnitzler-kultur.acdh.oeaw.ac.at/pmb207488.html
pmb207487,https://www.schnitzler-kultur.acdh.oeaw.ac.at/pmb207487.html
pmb207486,https://www.schnitzler-kultur.acdh.oeaw.ac.at/pmb207486.html
pmb207485,https://www.schnitzler-kultur.acdh.oeaw.ac.at/pmb207485.html
pmb207484,https://www.schnitzler-kultur.acdh.oeaw.ac.at/pmb207484.html
pmb207483,https://www.schnitzler-kultur.acdh.oeaw.ac.at/pmb207483.html
pmb207482,https://www.schnitzler-kultur.acdh.oeaw.ac.at/pmb207482.html
pmb207481,https://www.schnitzler-kultur.acdh.oeaw.ac.at/pmb207481.html
pmb207480,https://www.schnitzler-kultur.acdh.oeaw.ac.at/pmb207480.html
pmb207479,https://www.schnitzler-kultur.acdh.oeaw.ac.at/pmb207479.html
pmb207478,https://www.schnitzler-kultur.acdh.oeaw.ac.at/pmb207478.html
pmb207477,https://www.schnitzler-kultur.acdh.oeaw.ac.at/pmb207477.html
pmb207476,https://www.schnitzler-kultur.acdh.oeaw.ac.at/pmb207476.html
pmb207475,https://www.schnitzler-kultur.acdh.oeaw.ac.at/pmb207475.html
pmb207474,https://www.schnitzler-kultur.acdh.oeaw.ac.at/pmb207474.html
pmb207473,https://www.schnitzler-kultur.acdh.oeaw.ac.at/pmb207473.html
pmb207472,https://www.schnitzler-kultur.acdh.oeaw.ac.at/pmb207472.html
pmb207471,https://www.schnitzler-kultur.acdh.oeaw.ac.at/pmb207471.html
pmb207470,https://www.schnitzler-kultur.acdh.oeaw.ac.at/pmb207470.html
pmb207469,https://www.schnitzler-kultur.acdh.oeaw.ac.at/pmb207469.html
pmb207468,https://www.schnitzler-kultur.acdh.oeaw.ac.at/pmb207468.html
pmb207467,https://www.schnitzler-kultur.acdh.oeaw.ac.at/pmb207467.html
pmb207466,https://www.schnitzler-kultur.acdh.oeaw.ac.at/pmb207466.html
pmb207465,https://www.schnitzler-kultur.acdh.oeaw.ac.at/pmb207465.html
pmb207464,https://www.schnitzler-kultur.acdh.oeaw.ac.at/pmb207464.html
pmb207463,https://www.schnitzler-kultur.acdh.oeaw.ac.at/pmb207463.html
pmb207462,https://www.schnitzler-kultur.acdh.oeaw.ac.at/pmb207462.html
pmb207461,https://www.schnitzler-kultur.acdh.oeaw.ac.at/pmb207461.html
pmb207460,https://www.schnitzler-kultur.acdh.oeaw.ac.at/pmb207460.html
pmb207459,https://www.schnitzler-kultur.acdh.oeaw.ac.at/pmb207459.html
pmb207458,https://www.schnitzler-kultur.acdh.oeaw.ac.at/pmb207458.html
pmb207457,https://www.schnitzler-kultur.acdh.oeaw.ac.at/pmb207457.html
pmb207456,https://www.schnitzler-kultur.acdh.oeaw.ac.at/pmb207456.html
pmb207455,https://www.schnitzler-kultur.acdh.oeaw.ac.at/pmb207455.html
pmb207454,https://www.schnitzler-kultur.acdh.oeaw.ac.at/pmb207454.html
pmb207453,https://www.schnitzler-kultur.acdh.oeaw.ac.at/pmb207453.html
pmb207452,https://www.schnitzler-kultur.acdh.oeaw.ac.at/pmb207452.html
pmb207451,https://www.schnitzler-kultur.acdh.oeaw.ac.at/pmb207451.html
pmb207450,https://www.schnitzler-kultur.acdh.oeaw.ac.at/pmb207450.html
pmb207449,https://www.schnitzler-kultur.acdh.oeaw.ac.at/pmb207449.html
pmb207448,https://www.schnitzler-kultur.acdh.oeaw.ac.at/pmb207448.html
pmb207447,https://www.schnitzler-kultur.acdh.oeaw.ac.at/pmb207447.html
pmb207446,https://www.schnitzler-kultur.acdh.oeaw.ac.at/pmb207446.html
pmb207445,https://www.schnitzler-kultur.acdh.oeaw.ac.at/pmb207445.html
pmb207444,https://www.schnitzler-kultur.acdh.oeaw.ac.at/pmb207444.html
pmb207443,https://www.schnitzler-kultur.acdh.oeaw.ac.at/pmb207443.html
pmb207442,https://www.schnitzler-kultur.acdh.oeaw.ac.at/pmb207442.html
pmb207441,https://www.schnitzler-kultur.acdh.oeaw.ac.at/pmb207441.html
pmb207440,https://www.schnitzler-kultur.acdh.oeaw.ac.at/pmb207440.html
pmb207439,https://www.schnitzler-kultur.acdh.oeaw.ac.at/pmb207439.html
pmb207438,https://www.schnitzler-kultur.acdh.oeaw.ac.at/pmb207438.html
pmb207437,https://www.schnitzler-kultur.acdh.oeaw.ac.at/pmb207437.html
pmb207436,https://www.schnitzler-kultur.acdh.oeaw.ac.at/pmb207436.html
pmb207435,https://www.schnitzler-kultur.acdh.oeaw.ac.at/pmb207435.html
pmb207434,https://www.schnitzler-kultur.acdh.oeaw.ac.at/pmb207434.html
pmb207433,https://www.schnitzler-kultur.acdh.oeaw.ac.at/pmb207433.html
pmb207432,https://www.schnitzler-kultur.acdh.oeaw.ac.at/pmb207432.html
pmb207431,https://www.schnitzler-kultur.acdh.oeaw.ac.at/pmb207431.html
pmb207430,https://www.schnitzler-kultur.acdh.oeaw.ac.at/pmb207430.html
pmb207429,https://www.schnitzler-kultur.acdh.oeaw.ac.at/pmb207429.html
pmb207428,https://www.schnitzler-kultur.acdh.oeaw.ac.at/pmb207428.html
pmb207427,https://www.schnitzler-kultur.acdh.oeaw.ac.at/pmb207427.html
pmb207426,https://www.schnitzler-kultur.acdh.oeaw.ac.at/pmb207426.html
pmb207425,https://www.schnitzler-kultur.acdh.oeaw.ac.at/pmb207425.html
pmb207424,https://www.schnitzler-kultur.acdh.oeaw.ac.at/pmb207424.html
pmb207423,https://www.schnitzler-kultur.acdh.oeaw.ac.at/pmb207423.html
pmb207422,https://www.schnitzler-kultur.acdh.oeaw.ac.at/pmb207422.html
pmb207421,https://www.schnitzler-kultur.acdh.oeaw.ac.at/pmb207421.html
pmb207420,https://www.schnitzler-kultur.acdh.oeaw.ac.at/pmb207420.html
pmb207419,https://www.schnitzler-kultur.acdh.oeaw.ac.at/pmb207419.html
pmb207418,https://www.schnitzler-kultur.acdh.oeaw.ac.at/pmb207418.html
pmb207417,https://www.schnitzler-kultur.acdh.oeaw.ac.at/pmb207417.html
pmb207416,https://www.schnitzler-kultur.acdh.oeaw.ac.at/pmb207416.html
pmb207415,https://www.schnitzler-kultur.acdh.oeaw.ac.at/pmb207415.html
pmb207414,https://www.schnitzler-kultur.acdh.oeaw.ac.at/pmb207414.html
pmb207413,https://www.schnitzler-kultur.acdh.oeaw.ac.at/pmb207413.html
pmb207412,https://www.schnitzler-kultur.acdh.oeaw.ac.at/pmb207412.html
pmb207411,https://www.schnitzler-kultur.acdh.oeaw.ac.at/pmb207411.html
pmb207410,https://www.schnitzler-kultur.acdh.oeaw.ac.at/pmb207410.html
pmb207409,https://www.schnitzler-kultur.acdh.oeaw.ac.at/pmb207409.html
pmb207408,https://www.schnitzler-kultur.acdh.oeaw.ac.at/pmb207408.html
pmb207407,https://www.schnitzler-kultur.acdh.oeaw.ac.at/pmb207407.html
pmb207406,https://www.schnitzler-kultur.acdh.oeaw.ac.at/pmb207406.html
pmb207405,https://www.schnitzler-kultur.acdh.oeaw.ac.at/pmb207405.html
pmb207404,https://www.schnitzler-kultur.acdh.oeaw.ac.at/pmb207404.html
pmb207403,https://www.schnitzler-kultur.acdh.oeaw.ac.at/pmb207403.html
pmb207402,https://www.schnitzler-kultur.acdh.oeaw.ac.at/pmb207402.html
pmb207401,https://www.schnitzler-kultur.acdh.oeaw.ac.at/pmb207401.html
pmb207400,https://www.schnitzler-kultur.acdh.oeaw.ac.at/pmb207400.html
pmb207399,https://www.schnitzler-kultur.acdh.oeaw.ac.at/pmb207399.html
pmb207398,https://www.schnitzler-kultur.acdh.oeaw.ac.at/pmb207398.html
pmb207397,https://www.schnitzler-kultur.acdh.oeaw.ac.at/pmb207397.html
pmb207396,https://www.schnitzler-kultur.acdh.oeaw.ac.at/pmb207396.html
pmb207395,https://www.schnitzler-kultur.acdh.oeaw.ac.at/pmb207395.html
pmb207394,https://www.schnitzler-kultur.acdh.oeaw.ac.at/pmb207394.html
pmb207393,https://www.schnitzler-kultur.acdh.oeaw.ac.at/pmb207393.html
pmb207392,https://www.schnitzler-kultur.acdh.oeaw.ac.at/pmb207392.html
pmb207391,https://www.schnitzler-kultur.acdh.oeaw.ac.at/pmb207391.html
pmb207390,https://www.schnitzler-kultur.acdh.oeaw.ac.at/pmb207390.html
pmb207389,https://www.schnitzler-kultur.acdh.oeaw.ac.at/pmb207389.html
pmb207387,https://www.schnitzler-kultur.acdh.oeaw.ac.at/pmb207387.html
pmb207386,https://www.schnitzler-kultur.acdh.oeaw.ac.at/pmb207386.html
pmb207385,https://www.schnitzler-kultur.acdh.oeaw.ac.at/pmb207385.html
pmb207384,https://www.schnitzler-kultur.acdh.oeaw.ac.at/pmb207384.html
pmb207383,https://www.schnitzler-kultur.acdh.oeaw.ac.at/pmb207383.html
pmb207382,https://www.schnitzler-kultur.acdh.oeaw.ac.at/pmb207382.html
pmb207381,https://www.schnitzler-kultur.acdh.oeaw.ac.at/pmb207381.html
pmb207380,https://www.schnitzler-kultur.acdh.oeaw.ac.at/pmb207380.html
pmb207379,https://www.schnitzler-kultur.acdh.oeaw.ac.at/pmb207379.html
pmb207378,https://www.schnitzler-kultur.acdh.oeaw.ac.at/pmb207378.html
pmb207377,https://www.schnitzler-kultur.acdh.oeaw.ac.at/pmb207377.html
pmb207376,https://www.schnitzler-kultur.acdh.oeaw.ac.at/pmb207376.html
pmb207375,https://www.schnitzler-kultur.acdh.oeaw.ac.at/pmb207375.html
pmb207374,https://www.schnitzler-kultur.acdh.oeaw.ac.at/pmb207374.html
pmb207373,https://www.schnitzler-kultur.acdh.oeaw.ac.at/pmb207373.html
pmb207372,https://www.schnitzler-kultur.acdh.oeaw.ac.at/pmb207372.html
pmb207371,https://www.schnitzler-kultur.acdh.oeaw.ac.at/pmb207371.html
pmb207370,https://www.schnitzler-kultur.acdh.oeaw.ac.at/pmb207370.html
pmb207369,https://www.schnitzler-kultur.acdh.oeaw.ac.at/pmb207369.html
pmb207368,https://www.schnitzler-kultur.acdh.oeaw.ac.at/pmb207368.html
pmb207367,https://www.schnitzler-kultur.acdh.oeaw.ac.at/pmb207367.html
pmb207366,https://www.schnitzler-kultur.acdh.oeaw.ac.at/pmb207366.html
pmb207365,https://www.schnitzler-kultur.acdh.oeaw.ac.at/pmb207365.html
pmb207364,https://www.schnitzler-kultur.acdh.oeaw.ac.at/pmb207364.html
pmb207363,https://www.schnitzler-kultur.acdh.oeaw.ac.at/pmb207363.html
pmb207362,https://www.schnitzler-kultur.acdh.oeaw.ac.at/pmb207362.html
pmb207361,https://www.schnitzler-kultur.acdh.oeaw.ac.at/pmb207361.html
pmb207360,https://www.schnitzler-kultur.acdh.oeaw.ac.at/pmb207360.html
pmb207359,https://www.schnitzler-kultur.acdh.oeaw.ac.at/pmb207359.html
pmb207358,https://www.schnitzler-kultur.acdh.oeaw.ac.at/pmb207358.html
pmb207357,https://www.schnitzler-kultur.acdh.oeaw.ac.at/pmb207357.html
pmb207334,https://www.schnitzler-kultur.acdh.oeaw.ac.at/pmb207334.html
pmb207290,https://www.schnitzler-kultur.acdh.oeaw.ac.at/pmb207290.html
pmb207269,https://www.schnitzler-kultur.acdh.oeaw.ac.at/pmb207269.html
pmb207264,https://www.schnitzler-kultur.acdh.oeaw.ac.at/pmb207264.html
pmb207259,https://www.schnitzler-kultur.acdh.oeaw.ac.at/pmb207259.html
pmb207254,https://www.schnitzler-kultur.acdh.oeaw.ac.at/pmb207254.html
pmb207245,https://www.schnitzler-kultur.acdh.oeaw.ac.at/pmb207245.html
pmb207219,https://www.schnitzler-kultur.acdh.oeaw.ac.at/pmb207219.html
pmb207213,https://www.schnitzler-kultur.acdh.oeaw.ac.at/pmb207213.html
pmb207201,https://www.schnitzler-kultur.acdh.oeaw.ac.at/pmb207201.html
pmb207191,https://www.schnitzler-kultur.acdh.oeaw.ac.at/pmb207191.html
pmb207167,https://www.schnitzler-kultur.acdh.oeaw.ac.at/pmb207167.html
pmb207097,https://www.schnitzler-kultur.acdh.oeaw.ac.at/pmb207097.html
pmb207060,https://www.schnitzler-kultur.acdh.oeaw.ac.at/pmb207060.html
pmb207053,https://www.schnitzler-kultur.acdh.oeaw.ac.at/pmb207053.html
pmb207049,https://www.schnitzler-kultur.acdh.oeaw.ac.at/pmb207049.html
pmb207041,https://www.schnitzler-kultur.acdh.oeaw.ac.at/pmb207041.html
pmb207033,https://www.schnitzler-kultur.acdh.oeaw.ac.at/pmb207033.html
pmb207030,https://www.schnitzler-kultur.acdh.oeaw.ac.at/pmb207030.html
pmb207006,https://www.schnitzler-kultur.acdh.oeaw.ac.at/pmb207006.html
pmb206992,https://www.schnitzler-kultur.acdh.oeaw.ac.at/pmb206992.html
pmb206970,https://www.schnitzler-kultur.acdh.oeaw.ac.at/pmb206970.html
pmb206953,https://www.schnitzler-kultur.acdh.oeaw.ac.at/pmb206953.html
pmb206946,https://www.schnitzler-kultur.acdh.oeaw.ac.at/pmb206946.html
pmb206941,https://www.schnitzler-kultur.acdh.oeaw.ac.at/pmb206941.html
pmb206936,https://www.schnitzler-kultur.acdh.oeaw.ac.at/pmb206936.html
pmb206931,https://www.schnitzler-kultur.acdh.oeaw.ac.at/pmb206931.html
pmb206926,https://www.schnitzler-kultur.acdh.oeaw.ac.at/pmb206926.html
pmb206921,https://www.schnitzler-kultur.acdh.oeaw.ac.at/pmb206921.html
pmb206916,https://www.schnitzler-kultur.acdh.oeaw.ac.at/pmb206916.html
pmb206911,https://www.schnitzler-kultur.acdh.oeaw.ac.at/pmb206911.html
pmb201175,https://www.schnitzler-kultur.acdh.oeaw.ac.at/pmb201175.html
pmb201168,https://www.schnitzler-kultur.acdh.oeaw.ac.at/pmb201168.html
pmb201150,https://www.schnitzler-kultur.acdh.oeaw.ac.at/pmb201150.html
pmb201123,https://www.schnitzler-kultur.acdh.oeaw.ac.at/pmb201123.html
pmb201118,https://www.schnitzler-kultur.acdh.oeaw.ac.at/pmb201118.html
pmb201109,https://www.schnitzler-kultur.acdh.oeaw.ac.at/pmb201109.html
pmb201104,https://www.schnitzler-kultur.acdh.oeaw.ac.at/pmb201104.html
pmb201097,https://www.schnitzler-kultur.acdh.oeaw.ac.at/pmb201097.html
pmb201092,https://www.schnitzler-kultur.acdh.oeaw.ac.at/pmb201092.html
pmb201087,https://www.schnitzler-kultur.acdh.oeaw.ac.at/pmb201087.html
pmb201082,https://www.schnitzler-kultur.acdh.oeaw.ac.at/pmb201082.html
pmb201077,https://www.schnitzler-kultur.acdh.oeaw.ac.at/pmb201077.html
pmb201070,https://www.schnitzler-kultur.acdh.oeaw.ac.at/pmb201070.html
pmb201060,https://www.schnitzler-kultur.acdh.oeaw.ac.at/pmb201060.html
pmb201055,https://www.schnitzler-kultur.acdh.oeaw.ac.at/pmb201055.html
pmb201020,https://www.schnitzler-kultur.acdh.oeaw.ac.at/pmb201020.html
pmb201012,https://www.schnitzler-kultur.acdh.oeaw.ac.at/pmb201012.html
pmb200813,https://www.schnitzler-kultur.acdh.oeaw.ac.at/pmb200813.html
pmb200809,https://www.schnitzler-kultur.acdh.oeaw.ac.at/pmb200809.html
pmb200803,https://www.schnitzler-kultur.acdh.oeaw.ac.at/pmb200803.html
pmb200784,https://www.schnitzler-kultur.acdh.oeaw.ac.at/pmb200784.html
pmb200770,https://www.schnitzler-kultur.acdh.oeaw.ac.at/pmb200770.html
pmb200719,https://www.schnitzler-kultur.acdh.oeaw.ac.at/pmb200719.html
pmb200714,https://www.schnitzler-kultur.acdh.oeaw.ac.at/pmb200714.html
pmb200704,https://www.schnitzler-kultur.acdh.oeaw.ac.at/pmb200704.html
pmb200677,https://www.schnitzler-kultur.acdh.oeaw.ac.at/pmb200677.html
pmb200670,https://www.schnitzler-kultur.acdh.oeaw.ac.at/pmb200670.html
pmb200663,https://www.schnitzler-kultur.acdh.oeaw.ac.at/pmb200663.html
pmb200654,https://www.schnitzler-kultur.acdh.oeaw.ac.at/pmb200654.html
pmb200646,https://www.schnitzler-kultur.acdh.oeaw.ac.at/pmb200646.html
pmb200639,https://www.schnitzler-kultur.acdh.oeaw.ac.at/pmb200639.html
pmb200631,https://www.schnitzler-kultur.acdh.oeaw.ac.at/pmb200631.html
pmb200606,https://www.schnitzler-kultur.acdh.oeaw.ac.at/pmb200606.html
pmb200600,https://www.schnitzler-kultur.acdh.oeaw.ac.at/pmb200600.html
pmb200595,https://www.schnitzler-kultur.acdh.oeaw.ac.at/pmb200595.html
pmb200580,https://www.schnitzler-kultur.acdh.oeaw.ac.at/pmb200580.html
pmb200574,https://www.schnitzler-kultur.acdh.oeaw.ac.at/pmb200574.html
pmb200561,https://www.schnitzler-kultur.acdh.oeaw.ac.at/pmb200561.html
pmb200556,https://www.schnitzler-kultur.acdh.oeaw.ac.at/pmb200556.html
pmb200551,https://www.schnitzler-kultur.acdh.oeaw.ac.at/pmb200551.html
pmb200543,https://www.schnitzler-kultur.acdh.oeaw.ac.at/pmb200543.html
pmb200534,https://www.schnitzler-kultur.acdh.oeaw.ac.at/pmb200534.html
pmb200529,https://www.schnitzler-kultur.acdh.oeaw.ac.at/pmb200529.html
pmb200524,https://www.schnitzler-kultur.acdh.oeaw.ac.at/pmb200524.html
pmb200515,https://www.schnitzler-kultur.acdh.oeaw.ac.at/pmb200515.html
pmb200507,https://www.schnitzler-kultur.acdh.oeaw.ac.at/pmb200507.html
pmb200467,https://www.schnitzler-kultur.acdh.oeaw.ac.at/pmb200467.html
pmb200462,https://www.schnitzler-kultur.acdh.oeaw.ac.at/pmb200462.html
pmb200457,https://www.schnitzler-kultur.acdh.oeaw.ac.at/pmb200457.html
pmb200452,https://www.schnitzler-kultur.acdh.oeaw.ac.at/pmb200452.html
pmb200430,https://www.schnitzler-kultur.acdh.oeaw.ac.at/pmb200430.html
pmb200418,https://www.schnitzler-kultur.acdh.oeaw.ac.at/pmb200418.html
pmb200312,https://www.schnitzler-kultur.acdh.oeaw.ac.at/pmb200312.html
pmb200307,https://www.schnitzler-kultur.acdh.oeaw.ac.at/pmb200307.html
pmb200264,https://www.schnitzler-kultur.acdh.oeaw.ac.at/pmb200264.html
pmb200250,https://www.schnitzler-kultur.acdh.oeaw.ac.at/pmb200250.html
pmb200065,https://www.schnitzler-kultur.acdh.oeaw.ac.at/pmb200065.html
pmb200052,https://www.schnitzler-kultur.acdh.oeaw.ac.at/pmb200052.html
pmb200042,https://www.schnitzler-kultur.acdh.oeaw.ac.at/pmb200042.html
pmb200034,https://www.schnitzler-kultur.acdh.oeaw.ac.at/pmb200034.html
pmb200027,https://www.schnitzler-kultur.acdh.oeaw.ac.at/pmb200027.html
pmb200001,https://www.schnitzler-kultur.acdh.oeaw.ac.at/pmb200001.html
pmb199972,https://www.schnitzler-kultur.acdh.oeaw.ac.at/pmb199972.html
pmb199941,https://www.schnitzler-kultur.acdh.oeaw.ac.at/pmb199941.html
pmb199918,https://www.schnitzler-kultur.acdh.oeaw.ac.at/pmb199918.html
pmb199907,https://www.schnitzler-kultur.acdh.oeaw.ac.at/pmb199907.html
pmb199903,https://www.schnitzler-kultur.acdh.oeaw.ac.at/pmb199903.html
pmb199884,https://www.schnitzler-kultur.acdh.oeaw.ac.at/pmb199884.html
pmb199874,https://www.schnitzler-kultur.acdh.oeaw.ac.at/pmb199874.html
pmb199866,https://www.schnitzler-kultur.acdh.oeaw.ac.at/pmb199866.html
pmb199860,https://www.schnitzler-kultur.acdh.oeaw.ac.at/pmb199860.html
pmb199847,https://www.schnitzler-kultur.acdh.oeaw.ac.at/pmb199847.html
pmb199815,https://www.schnitzler-kultur.acdh.oeaw.ac.at/pmb199815.html
pmb199680,https://www.schnitzler-kultur.acdh.oeaw.ac.at/pmb199680.html
pmb199569,https://www.schnitzler-kultur.acdh.oeaw.ac.at/pmb199569.html
pmb199554,https://www.schnitzler-kultur.acdh.oeaw.ac.at/pmb199554.html
pmb199523,https://www.schnitzler-kultur.acdh.oeaw.ac.at/pmb199523.html
pmb199511,https://www.schnitzler-kultur.acdh.oeaw.ac.at/pmb199511.html
pmb199506,https://www.schnitzler-kultur.acdh.oeaw.ac.at/pmb199506.html
pmb199487,https://www.schnitzler-kultur.acdh.oeaw.ac.at/pmb199487.html
pmb199482,https://www.schnitzler-kultur.acdh.oeaw.ac.at/pmb199482.html
pmb199477,https://www.schnitzler-kultur.acdh.oeaw.ac.at/pmb199477.html
pmb199445,https://www.schnitzler-kultur.acdh.oeaw.ac.at/pmb199445.html
pmb199426,https://www.schnitzler-kultur.acdh.oeaw.ac.at/pmb199426.html
pmb199420,https://www.schnitzler-kultur.acdh.oeaw.ac.at/pmb199420.html
pmb199392,https://www.schnitzler-kultur.acdh.oeaw.ac.at/pmb199392.html
pmb199387,https://www.schnitzler-kultur.acdh.oeaw.ac.at/pmb199387.html
pmb199362,https://www.schnitzler-kultur.acdh.oeaw.ac.at/pmb199362.html
pmb199353,https://www.schnitzler-kultur.acdh.oeaw.ac.at/pmb199353.html
pmb199341,https://www.schnitzler-kultur.acdh.oeaw.ac.at/pmb199341.html
pmb199315,https://www.schnitzler-kultur.acdh.oeaw.ac.at/pmb199315.html
pmb199310,https://www.schnitzler-kultur.acdh.oeaw.ac.at/pmb199310.html
pmb199304,https://www.schnitzler-kultur.acdh.oeaw.ac.at/pmb199304.html
pmb199298,https://www.schnitzler-kultur.acdh.oeaw.ac.at/pmb199298.html
pmb199288,https://www.schnitzler-kultur.acdh.oeaw.ac.at/pmb199288.html
pmb199282,https://www.schnitzler-kultur.acdh.oeaw.ac.at/pmb199282.html
pmb199277,https://www.schnitzler-kultur.acdh.oeaw.ac.at/pmb199277.html
pmb199270,https://www.schnitzler-kultur.acdh.oeaw.ac.at/pmb199270.html
pmb199192,https://www.schnitzler-kultur.acdh.oeaw.ac.at/pmb199192.html
pmb199091,https://www.schnitzler-kultur.acdh.oeaw.ac.at/pmb199091.html
pmb199067,https://www.schnitzler-kultur.acdh.oeaw.ac.at/pmb199067.html
pmb199060,https://www.schnitzler-kultur.acdh.oeaw.ac.at/pmb199060.html
pmb199057,https://www.schnitzler-kultur.acdh.oeaw.ac.at/pmb199057.html
pmb199047,https://www.schnitzler-kultur.acdh.oeaw.ac.at/pmb199047.html
pmb195995,https://www.schnitzler-kultur.acdh.oeaw.ac.at/pmb195995.html
pmb195465,https://www.schnitzler-kultur.acdh.oeaw.ac.at/pmb195465.html
pmb195443,https://www.schnitzler-kultur.acdh.oeaw.ac.at/pmb195443.html
pmb195204,https://www.schnitzler-kultur.acdh.oeaw.ac.at/pmb195204.html
pmb195195,https://www.schnitzler-kultur.acdh.oeaw.ac.at/pmb195195.html
pmb195188,https://www.schnitzler-kultur.acdh.oeaw.ac.at/pmb195188.html
pmb195169,https://www.schnitzler-kultur.acdh.oeaw.ac.at/pmb195169.html
pmb195163,https://www.schnitzler-kultur.acdh.oeaw.ac.at/pmb195163.html
pmb195157,https://www.schnitzler-kultur.acdh.oeaw.ac.at/pmb195157.html
pmb195140,https://www.schnitzler-kultur.acdh.oeaw.ac.at/pmb195140.html
pmb195134,https://www.schnitzler-kultur.acdh.oeaw.ac.at/pmb195134.html
pmb195043,https://www.schnitzler-kultur.acdh.oeaw.ac.at/pmb195043.html
pmb195040,https://www.schnitzler-kultur.acdh.oeaw.ac.at/pmb195040.html
pmb195037,https://www.schnitzler-kultur.acdh.oeaw.ac.at/pmb195037.html
pmb195029,https://www.schnitzler-kultur.acdh.oeaw.ac.at/pmb195029.html
pmb193039,https://www.schnitzler-kultur.acdh.oeaw.ac.at/pmb193039.html
pmb193024,https://www.schnitzler-kultur.acdh.oeaw.ac.at/pmb193024.html
pmb192908,https://www.schnitzler-kultur.acdh.oeaw.ac.at/pmb192908.html
pmb192900,https://www.schnitzler-kultur.acdh.oeaw.ac.at/pmb192900.html
pmb192888,https://www.schnitzler-kultur.acdh.oeaw.ac.at/pmb192888.html
pmb192882,https://www.schnitzler-kultur.acdh.oeaw.ac.at/pmb192882.html
pmb192876,https://www.schnitzler-kultur.acdh.oeaw.ac.at/pmb192876.html
pmb192870,https://www.schnitzler-kultur.acdh.oeaw.ac.at/pmb192870.html
pmb192863,https://www.schnitzler-kultur.acdh.oeaw.ac.at/pmb192863.html
pmb192851,https://www.schnitzler-kultur.acdh.oeaw.ac.at/pmb192851.html
pmb192832,https://www.schnitzler-kultur.acdh.oeaw.ac.at/pmb192832.html
pmb192798,https://www.schnitzler-kultur.acdh.oeaw.ac.at/pmb192798.html
pmb192792,https://www.schnitzler-kultur.acdh.oeaw.ac.at/pmb192792.html
pmb192698,https://www.schnitzler-kultur.acdh.oeaw.ac.at/pmb192698.html
pmb192678,https://www.schnitzler-kultur.acdh.oeaw.ac.at/pmb192678.html
pmb192671,https://www.schnitzler-kultur.acdh.oeaw.ac.at/pmb192671.html
pmb192651,https://www.schnitzler-kultur.acdh.oeaw.ac.at/pmb192651.html
pmb192574,https://www.schnitzler-kultur.acdh.oeaw.ac.at/pmb192574.html
pmb192570,https://www.schnitzler-kultur.acdh.oeaw.ac.at/pmb192570.html
pmb192566,https://www.schnitzler-kultur.acdh.oeaw.ac.at/pmb192566.html
pmb192562,https://www.schnitzler-kultur.acdh.oeaw.ac.at/pmb192562.html
pmb192558,https://www.schnitzler-kultur.acdh.oeaw.ac.at/pmb192558.html
pmb192554,https://www.schnitzler-kultur.acdh.oeaw.ac.at/pmb192554.html
pmb192550,https://www.schnitzler-kultur.acdh.oeaw.ac.at/pmb192550.html
pmb192546,https://www.schnitzler-kultur.acdh.oeaw.ac.at/pmb192546.html
pmb192542,https://www.schnitzler-kultur.acdh.oeaw.ac.at/pmb192542.html
pmb192531,https://www.schnitzler-kultur.acdh.oeaw.ac.at/pmb192531.html
pmb192521,https://www.schnitzler-kultur.acdh.oeaw.ac.at/pmb192521.html
pmb192466,https://www.schnitzler-kultur.acdh.oeaw.ac.at/pmb192466.html
pmb192456,https://www.schnitzler-kultur.acdh.oeaw.ac.at/pmb192456.html
pmb192447,https://www.schnitzler-kultur.acdh.oeaw.ac.at/pmb192447.html
pmb192375,https://www.schnitzler-kultur.acdh.oeaw.ac.at/pmb192375.html
pmb191028,https://www.schnitzler-kultur.acdh.oeaw.ac.at/pmb191028.html
pmb190977,https://www.schnitzler-kultur.acdh.oeaw.ac.at/pmb190977.html
pmb190971,https://www.schnitzler-kultur.acdh.oeaw.ac.at/pmb190971.html
pmb190957,https://www.schnitzler-kultur.acdh.oeaw.ac.at/pmb190957.html
pmb190942,https://www.schnitzler-kultur.acdh.oeaw.ac.at/pmb190942.html
pmb190935,https://www.schnitzler-kultur.acdh.oeaw.ac.at/pmb190935.html
pmb190928,https://www.schnitzler-kultur.acdh.oeaw.ac.at/pmb190928.html
pmb190914,https://www.schnitzler-kultur.acdh.oeaw.ac.at/pmb190914.html
pmb190898,https://www.schnitzler-kultur.acdh.oeaw.ac.at/pmb190898.html
pmb190891,https://www.schnitzler-kultur.acdh.oeaw.ac.at/pmb190891.html
pmb190886,https://www.schnitzler-kultur.acdh.oeaw.ac.at/pmb190886.html
pmb190873,https://www.schnitzler-kultur.acdh.oeaw.ac.at/pmb190873.html
pmb190868,https://www.schnitzler-kultur.acdh.oeaw.ac.at/pmb190868.html
pmb190859,https://www.schnitzler-kultur.acdh.oeaw.ac.at/pmb190859.html
pmb190851,https://www.schnitzler-kultur.acdh.oeaw.ac.at/pmb190851.html
pmb190843,https://www.schnitzler-kultur.acdh.oeaw.ac.at/pmb190843.html
pmb190838,https://www.schnitzler-kultur.acdh.oeaw.ac.at/pmb190838.html
pmb190830,https://www.schnitzler-kultur.acdh.oeaw.ac.at/pmb190830.html
pmb190800,https://www.schnitzler-kultur.acdh.oeaw.ac.at/pmb190800.html
pmb190793,https://www.schnitzler-kultur.acdh.oeaw.ac.at/pmb190793.html
pmb190773,https://www.schnitzler-kultur.acdh.oeaw.ac.at/pmb190773.html
pmb190674,https://www.schnitzler-kultur.acdh.oeaw.ac.at/pmb190674.html
pmb190652,https://www.schnitzler-kultur.acdh.oeaw.ac.at/pmb190652.html
pmb190527,https://www.schnitzler-kultur.acdh.oeaw.ac.at/pmb190527.html
pmb190511,https://www.schnitzler-kultur.acdh.oeaw.ac.at/pmb190511.html
pmb190422,https://www.schnitzler-kultur.acdh.oeaw.ac.at/pmb190422.html
pmb190415,https://www.schnitzler-kultur.acdh.oeaw.ac.at/pmb190415.html
pmb187136,https://www.schnitzler-kultur.acdh.oeaw.ac.at/pmb187136.html
pmb186975,https://www.schnitzler-kultur.acdh.oeaw.ac.at/pmb186975.html
pmb186971,https://www.schnitzler-kultur.acdh.oeaw.ac.at/pmb186971.html
pmb186943,https://www.schnitzler-kultur.acdh.oeaw.ac.at/pmb186943.html
pmb186784,https://www.schnitzler-kultur.acdh.oeaw.ac.at/pmb186784.html
pmb186755,https://www.schnitzler-kultur.acdh.oeaw.ac.at/pmb186755.html
pmb186746,https://www.schnitzler-kultur.acdh.oeaw.ac.at/pmb186746.html
pmb186741,https://www.schnitzler-kultur.acdh.oeaw.ac.at/pmb186741.html
pmb186731,https://www.schnitzler-kultur.acdh.oeaw.ac.at/pmb186731.html
pmb186720,https://www.schnitzler-kultur.acdh.oeaw.ac.at/pmb186720.html
pmb186708,https://www.schnitzler-kultur.acdh.oeaw.ac.at/pmb186708.html
pmb186446,https://www.schnitzler-kultur.acdh.oeaw.ac.at/pmb186446.html
pmb186437,https://www.schnitzler-kultur.acdh.oeaw.ac.at/pmb186437.html
pmb186432,https://www.schnitzler-kultur.acdh.oeaw.ac.at/pmb186432.html
pmb186426,https://www.schnitzler-kultur.acdh.oeaw.ac.at/pmb186426.html
pmb186417,https://www.schnitzler-kultur.acdh.oeaw.ac.at/pmb186417.html
pmb186407,https://www.schnitzler-kultur.acdh.oeaw.ac.at/pmb186407.html
pmb186396,https://www.schnitzler-kultur.acdh.oeaw.ac.at/pmb186396.html
pmb186377,https://www.schnitzler-kultur.acdh.oeaw.ac.at/pmb186377.html
pmb186370,https://www.schnitzler-kultur.acdh.oeaw.ac.at/pmb186370.html
pmb186361,https://www.schnitzler-kultur.acdh.oeaw.ac.at/pmb186361.html
pmb186355,https://www.schnitzler-kultur.acdh.oeaw.ac.at/pmb186355.html
pmb186350,https://www.schnitzler-kultur.acdh.oeaw.ac.at/pmb186350.html
pmb186338,https://www.schnitzler-kultur.acdh.oeaw.ac.at/pmb186338.html
pmb186322,https://www.schnitzler-kultur.acdh.oeaw.ac.at/pmb186322.html
pmb186312,https://www.schnitzler-kultur.acdh.oeaw.ac.at/pmb186312.html
pmb186307,https://www.schnitzler-kultur.acdh.oeaw.ac.at/pmb186307.html
pmb186295,https://www.schnitzler-kultur.acdh.oeaw.ac.at/pmb186295.html
pmb186282,https://www.schnitzler-kultur.acdh.oeaw.ac.at/pmb186282.html
pmb186278,https://www.schnitzler-kultur.acdh.oeaw.ac.at/pmb186278.html
pmb186273,https://www.schnitzler-kultur.acdh.oeaw.ac.at/pmb186273.html
pmb186264,https://www.schnitzler-kultur.acdh.oeaw.ac.at/pmb186264.html
pmb186252,https://www.schnitzler-kultur.acdh.oeaw.ac.at/pmb186252.html
pmb186231,https://www.schnitzler-kultur.acdh.oeaw.ac.at/pmb186231.html
pmb186215,https://www.schnitzler-kultur.acdh.oeaw.ac.at/pmb186215.html
pmb186202,https://www.schnitzler-kultur.acdh.oeaw.ac.at/pmb186202.html
pmb186197,https://www.schnitzler-kultur.acdh.oeaw.ac.at/pmb186197.html
pmb186183,https://www.schnitzler-kultur.acdh.oeaw.ac.at/pmb186183.html
pmb186177,https://www.schnitzler-kultur.acdh.oeaw.ac.at/pmb186177.html
pmb186172,https://www.schnitzler-kultur.acdh.oeaw.ac.at/pmb186172.html
pmb186152,https://www.schnitzler-kultur.acdh.oeaw.ac.at/pmb186152.html
pmb186139,https://www.schnitzler-kultur.acdh.oeaw.ac.at/pmb186139.html
pmb186131,https://www.schnitzler-kultur.acdh.oeaw.ac.at/pmb186131.html
pmb186110,https://www.schnitzler-kultur.acdh.oeaw.ac.at/pmb186110.html
pmb186097,https://www.schnitzler-kultur.acdh.oeaw.ac.at/pmb186097.html
pmb186089,https://www.schnitzler-kultur.acdh.oeaw.ac.at/pmb186089.html
pmb186084,https://www.schnitzler-kultur.acdh.oeaw.ac.at/pmb186084.html
pmb186075,https://www.schnitzler-kultur.acdh.oeaw.ac.at/pmb186075.html
pmb186069,https://www.schnitzler-kultur.acdh.oeaw.ac.at/pmb186069.html
pmb185647,https://www.schnitzler-kultur.acdh.oeaw.ac.at/pmb185647.html
pmb185388,https://www.schnitzler-kultur.acdh.oeaw.ac.at/pmb185388.html
pmb185348,https://www.schnitzler-kultur.acdh.oeaw.ac.at/pmb185348.html
pmb185201,https://www.schnitzler-kultur.acdh.oeaw.ac.at/pmb185201.html
pmb185004,https://www.schnitzler-kultur.acdh.oeaw.ac.at/pmb185004.html
pmb184703,https://www.schnitzler-kultur.acdh.oeaw.ac.at/pmb184703.html
pmb184570,https://www.schnitzler-kultur.acdh.oeaw.ac.at/pmb184570.html
pmb184561,https://www.schnitzler-kultur.acdh.oeaw.ac.at/pmb184561.html
pmb184557,https://www.schnitzler-kultur.acdh.oeaw.ac.at/pmb184557.html
pmb184552,https://www.schnitzler-kultur.acdh.oeaw.ac.at/pmb184552.html
pmb184549,https://www.schnitzler-kultur.acdh.oeaw.ac.at/pmb184549.html
pmb184544,https://www.schnitzler-kultur.acdh.oeaw.ac.at/pmb184544.html
pmb184540,https://www.schnitzler-kultur.acdh.oeaw.ac.at/pmb184540.html
pmb184536,https://www.schnitzler-kultur.acdh.oeaw.ac.at/pmb184536.html
pmb184530,https://www.schnitzler-kultur.acdh.oeaw.ac.at/pmb184530.html
pmb184524,https://www.schnitzler-kultur.acdh.oeaw.ac.at/pmb184524.html
pmb184519,https://www.schnitzler-kultur.acdh.oeaw.ac.at/pmb184519.html
pmb184513,https://www.schnitzler-kultur.acdh.oeaw.ac.at/pmb184513.html
pmb184509,https://www.schnitzler-kultur.acdh.oeaw.ac.at/pmb184509.html
pmb184505,https://www.schnitzler-kultur.acdh.oeaw.ac.at/pmb184505.html
pmb184501,https://www.schnitzler-kultur.acdh.oeaw.ac.at/pmb184501.html
pmb184497,https://www.schnitzler-kultur.acdh.oeaw.ac.at/pmb184497.html
pmb184491,https://www.schnitzler-kultur.acdh.oeaw.ac.at/pmb184491.html
pmb184487,https://www.schnitzler-kultur.acdh.oeaw.ac.at/pmb184487.html
pmb184483,https://www.schnitzler-kultur.acdh.oeaw.ac.at/pmb184483.html
pmb184479,https://www.schnitzler-kultur.acdh.oeaw.ac.at/pmb184479.html
pmb184474,https://www.schnitzler-kultur.acdh.oeaw.ac.at/pmb184474.html
pmb184470,https://www.schnitzler-kultur.acdh.oeaw.ac.at/pmb184470.html
pmb184465,https://www.schnitzler-kultur.acdh.oeaw.ac.at/pmb184465.html
pmb184459,https://www.schnitzler-kultur.acdh.oeaw.ac.at/pmb184459.html
pmb184451,https://www.schnitzler-kultur.acdh.oeaw.ac.at/pmb184451.html
pmb184444,https://www.schnitzler-kultur.acdh.oeaw.ac.at/pmb184444.html
pmb184439,https://www.schnitzler-kultur.acdh.oeaw.ac.at/pmb184439.html
pmb184434,https://www.schnitzler-kultur.acdh.oeaw.ac.at/pmb184434.html
pmb184428,https://www.schnitzler-kultur.acdh.oeaw.ac.at/pmb184428.html
pmb184422,https://www.schnitzler-kultur.acdh.oeaw.ac.at/pmb184422.html
pmb184418,https://www.schnitzler-kultur.acdh.oeaw.ac.at/pmb184418.html
pmb184413,https://www.schnitzler-kultur.acdh.oeaw.ac.at/pmb184413.html
pmb184408,https://www.schnitzler-kultur.acdh.oeaw.ac.at/pmb184408.html
pmb184403,https://www.schnitzler-kultur.acdh.oeaw.ac.at/pmb184403.html
pmb184387,https://www.schnitzler-kultur.acdh.oeaw.ac.at/pmb184387.html
pmb184382,https://www.schnitzler-kultur.acdh.oeaw.ac.at/pmb184382.html
pmb184377,https://www.schnitzler-kultur.acdh.oeaw.ac.at/pmb184377.html
pmb184371,https://www.schnitzler-kultur.acdh.oeaw.ac.at/pmb184371.html
pmb184365,https://www.schnitzler-kultur.acdh.oeaw.ac.at/pmb184365.html
pmb184359,https://www.schnitzler-kultur.acdh.oeaw.ac.at/pmb184359.html
pmb184354,https://www.schnitzler-kultur.acdh.oeaw.ac.at/pmb184354.html
pmb184350,https://www.schnitzler-kultur.acdh.oeaw.ac.at/pmb184350.html
pmb184346,https://www.schnitzler-kultur.acdh.oeaw.ac.at/pmb184346.html
pmb184341,https://www.schnitzler-kultur.acdh.oeaw.ac.at/pmb184341.html
pmb184336,https://www.schnitzler-kultur.acdh.oeaw.ac.at/pmb184336.html
pmb184331,https://www.schnitzler-kultur.acdh.oeaw.ac.at/pmb184331.html
pmb184325,https://www.schnitzler-kultur.acdh.oeaw.ac.at/pmb184325.html
pmb184320,https://www.schnitzler-kultur.acdh.oeaw.ac.at/pmb184320.html
pmb184316,https://www.schnitzler-kultur.acdh.oeaw.ac.at/pmb184316.html
pmb184310,https://www.schnitzler-kultur.acdh.oeaw.ac.at/pmb184310.html
pmb184305,https://www.schnitzler-kultur.acdh.oeaw.ac.at/pmb184305.html
pmb184301,https://www.schnitzler-kultur.acdh.oeaw.ac.at/pmb184301.html
pmb184296,https://www.schnitzler-kultur.acdh.oeaw.ac.at/pmb184296.html
pmb184292,https://www.schnitzler-kultur.acdh.oeaw.ac.at/pmb184292.html
pmb184287,https://www.schnitzler-kultur.acdh.oeaw.ac.at/pmb184287.html
pmb184278,https://www.schnitzler-kultur.acdh.oeaw.ac.at/pmb184278.html
pmb184271,https://www.schnitzler-kultur.acdh.oeaw.ac.at/pmb184271.html
pmb184264,https://www.schnitzler-kultur.acdh.oeaw.ac.at/pmb184264.html
pmb184254,https://www.schnitzler-kultur.acdh.oeaw.ac.at/pmb184254.html
pmb184245,https://www.schnitzler-kultur.acdh.oeaw.ac.at/pmb184245.html
pmb184234,https://www.schnitzler-kultur.acdh.oeaw.ac.at/pmb184234.html
pmb184226,https://www.schnitzler-kultur.acdh.oeaw.ac.at/pmb184226.html
pmb184217,https://www.schnitzler-kultur.acdh.oeaw.ac.at/pmb184217.html
pmb184211,https://www.schnitzler-kultur.acdh.oeaw.ac.at/pmb184211.html
pmb184201,https://www.schnitzler-kultur.acdh.oeaw.ac.at/pmb184201.html
pmb184197,https://www.schnitzler-kultur.acdh.oeaw.ac.at/pmb184197.html
pmb184192,https://www.schnitzler-kultur.acdh.oeaw.ac.at/pmb184192.html
pmb184187,https://www.schnitzler-kultur.acdh.oeaw.ac.at/pmb184187.html
pmb184182,https://www.schnitzler-kultur.acdh.oeaw.ac.at/pmb184182.html
pmb184177,https://www.schnitzler-kultur.acdh.oeaw.ac.at/pmb184177.html
pmb184172,https://www.schnitzler-kultur.acdh.oeaw.ac.at/pmb184172.html
pmb184159,https://www.schnitzler-kultur.acdh.oeaw.ac.at/pmb184159.html
pmb184151,https://www.schnitzler-kultur.acdh.oeaw.ac.at/pmb184151.html
pmb184143,https://www.schnitzler-kultur.acdh.oeaw.ac.at/pmb184143.html
pmb184136,https://www.schnitzler-kultur.acdh.oeaw.ac.at/pmb184136.html
pmb184130,https://www.schnitzler-kultur.acdh.oeaw.ac.at/pmb184130.html
pmb184126,https://www.schnitzler-kultur.acdh.oeaw.ac.at/pmb184126.html
pmb184119,https://www.schnitzler-kultur.acdh.oeaw.ac.at/pmb184119.html
pmb184112,https://www.schnitzler-kultur.acdh.oeaw.ac.at/pmb184112.html
pmb184105,https://www.schnitzler-kultur.acdh.oeaw.ac.at/pmb184105.html
pmb184100,https://www.schnitzler-kultur.acdh.oeaw.ac.at/pmb184100.html
pmb184088,https://www.schnitzler-kultur.acdh.oeaw.ac.at/pmb184088.html
pmb184082,https://www.schnitzler-kultur.acdh.oeaw.ac.at/pmb184082.html
pmb184058,https://www.schnitzler-kultur.acdh.oeaw.ac.at/pmb184058.html
pmb184052,https://www.schnitzler-kultur.acdh.oeaw.ac.at/pmb184052.html
pmb184047,https://www.schnitzler-kultur.acdh.oeaw.ac.at/pmb184047.html
pmb184041,https://www.schnitzler-kultur.acdh.oeaw.ac.at/pmb184041.html
pmb184034,https://www.schnitzler-kultur.acdh.oeaw.ac.at/pmb184034.html
pmb184027,https://www.schnitzler-kultur.acdh.oeaw.ac.at/pmb184027.html
pmb184021,https://www.schnitzler-kultur.acdh.oeaw.ac.at/pmb184021.html
pmb184012,https://www.schnitzler-kultur.acdh.oeaw.ac.at/pmb184012.html
pmb184006,https://www.schnitzler-kultur.acdh.oeaw.ac.at/pmb184006.html
pmb184001,https://www.schnitzler-kultur.acdh.oeaw.ac.at/pmb184001.html
pmb183995,https://www.schnitzler-kultur.acdh.oeaw.ac.at/pmb183995.html
pmb183987,https://www.schnitzler-kultur.acdh.oeaw.ac.at/pmb183987.html
pmb183980,https://www.schnitzler-kultur.acdh.oeaw.ac.at/pmb183980.html
pmb183975,https://www.schnitzler-kultur.acdh.oeaw.ac.at/pmb183975.html
pmb183966,https://www.schnitzler-kultur.acdh.oeaw.ac.at/pmb183966.html
pmb183950,https://www.schnitzler-kultur.acdh.oeaw.ac.at/pmb183950.html
pmb183941,https://www.schnitzler-kultur.acdh.oeaw.ac.at/pmb183941.html
pmb183933,https://www.schnitzler-kultur.acdh.oeaw.ac.at/pmb183933.html
pmb183921,https://www.schnitzler-kultur.acdh.oeaw.ac.at/pmb183921.html
pmb183913,https://www.schnitzler-kultur.acdh.oeaw.ac.at/pmb183913.html
pmb183906,https://www.schnitzler-kultur.acdh.oeaw.ac.at/pmb183906.html
pmb183899,https://www.schnitzler-kultur.acdh.oeaw.ac.at/pmb183899.html
pmb183891,https://www.schnitzler-kultur.acdh.oeaw.ac.at/pmb183891.html
pmb183883,https://www.schnitzler-kultur.acdh.oeaw.ac.at/pmb183883.html
pmb183878,https://www.schnitzler-kultur.acdh.oeaw.ac.at/pmb183878.html
pmb183869,https://www.schnitzler-kultur.acdh.oeaw.ac.at/pmb183869.html
pmb183863,https://www.schnitzler-kultur.acdh.oeaw.ac.at/pmb183863.html
pmb183853,https://www.schnitzler-kultur.acdh.oeaw.ac.at/pmb183853.html
pmb183845,https://www.schnitzler-kultur.acdh.oeaw.ac.at/pmb183845.html
pmb183839,https://www.schnitzler-kultur.acdh.oeaw.ac.at/pmb183839.html
pmb183815,https://www.schnitzler-kultur.acdh.oeaw.ac.at/pmb183815.html
pmb183808,https://www.schnitzler-kultur.acdh.oeaw.ac.at/pmb183808.html
pmb183794,https://www.schnitzler-kultur.acdh.oeaw.ac.at/pmb183794.html
pmb183786,https://www.schnitzler-kultur.acdh.oeaw.ac.at/pmb183786.html
pmb183780,https://www.schnitzler-kultur.acdh.oeaw.ac.at/pmb183780.html
pmb183765,https://www.schnitzler-kultur.acdh.oeaw.ac.at/pmb183765.html
pmb183758,https://www.schnitzler-kultur.acdh.oeaw.ac.at/pmb183758.html
pmb183752,https://www.schnitzler-kultur.acdh.oeaw.ac.at/pmb183752.html
pmb183719,https://www.schnitzler-kultur.acdh.oeaw.ac.at/pmb183719.html
pmb183707,https://www.schnitzler-kultur.acdh.oeaw.ac.at/pmb183707.html
pmb183684,https://www.schnitzler-kultur.acdh.oeaw.ac.at/pmb183684.html
pmb183662,https://www.schnitzler-kultur.acdh.oeaw.ac.at/pmb183662.html
pmb183655,https://www.schnitzler-kultur.acdh.oeaw.ac.at/pmb183655.html
pmb183650,https://www.schnitzler-kultur.acdh.oeaw.ac.at/pmb183650.html
pmb183645,https://www.schnitzler-kultur.acdh.oeaw.ac.at/pmb183645.html
pmb183638,https://www.schnitzler-kultur.acdh.oeaw.ac.at/pmb183638.html
pmb183630,https://www.schnitzler-kultur.acdh.oeaw.ac.at/pmb183630.html
pmb183620,https://www.schnitzler-kultur.acdh.oeaw.ac.at/pmb183620.html
pmb183608,https://www.schnitzler-kultur.acdh.oeaw.ac.at/pmb183608.html
pmb183590,https://www.schnitzler-kultur.acdh.oeaw.ac.at/pmb183590.html
pmb183577,https://www.schnitzler-kultur.acdh.oeaw.ac.at/pmb183577.html
pmb183571,https://www.schnitzler-kultur.acdh.oeaw.ac.at/pmb183571.html
pmb183564,https://www.schnitzler-kultur.acdh.oeaw.ac.at/pmb183564.html
pmb183557,https://www.schnitzler-kultur.acdh.oeaw.ac.at/pmb183557.html
pmb183543,https://www.schnitzler-kultur.acdh.oeaw.ac.at/pmb183543.html
pmb183530,https://www.schnitzler-kultur.acdh.oeaw.ac.at/pmb183530.html
pmb183521,https://www.schnitzler-kultur.acdh.oeaw.ac.at/pmb183521.html
pmb183512,https://www.schnitzler-kultur.acdh.oeaw.ac.at/pmb183512.html
pmb183503,https://www.schnitzler-kultur.acdh.oeaw.ac.at/pmb183503.html
pmb183497,https://www.schnitzler-kultur.acdh.oeaw.ac.at/pmb183497.html
pmb183482,https://www.schnitzler-kultur.acdh.oeaw.ac.at/pmb183482.html
pmb183472,https://www.schnitzler-kultur.acdh.oeaw.ac.at/pmb183472.html
pmb183462,https://www.schnitzler-kultur.acdh.oeaw.ac.at/pmb183462.html
pmb183455,https://www.schnitzler-kultur.acdh.oeaw.ac.at/pmb183455.html
pmb183444,https://www.schnitzler-kultur.acdh.oeaw.ac.at/pmb183444.html
pmb183439,https://www.schnitzler-kultur.acdh.oeaw.ac.at/pmb183439.html
pmb183430,https://www.schnitzler-kultur.acdh.oeaw.ac.at/pmb183430.html
pmb183422,https://www.schnitzler-kultur.acdh.oeaw.ac.at/pmb183422.html
pmb183416,https://www.schnitzler-kultur.acdh.oeaw.ac.at/pmb183416.html
pmb183408,https://www.schnitzler-kultur.acdh.oeaw.ac.at/pmb183408.html
pmb183402,https://www.schnitzler-kultur.acdh.oeaw.ac.at/pmb183402.html
pmb183397,https://www.schnitzler-kultur.acdh.oeaw.ac.at/pmb183397.html
pmb183378,https://www.schnitzler-kultur.acdh.oeaw.ac.at/pmb183378.html
pmb183372,https://www.schnitzler-kultur.acdh.oeaw.ac.at/pmb183372.html
pmb183363,https://www.schnitzler-kultur.acdh.oeaw.ac.at/pmb183363.html
pmb183350,https://www.schnitzler-kultur.acdh.oeaw.ac.at/pmb183350.html
pmb183342,https://www.schnitzler-kultur.acdh.oeaw.ac.at/pmb183342.html
pmb183336,https://www.schnitzler-kultur.acdh.oeaw.ac.at/pmb183336.html
pmb183330,https://www.schnitzler-kultur.acdh.oeaw.ac.at/pmb183330.html
pmb183325,https://www.schnitzler-kultur.acdh.oeaw.ac.at/pmb183325.html
pmb183318,https://www.schnitzler-kultur.acdh.oeaw.ac.at/pmb183318.html
pmb183306,https://www.schnitzler-kultur.acdh.oeaw.ac.at/pmb183306.html
pmb183298,https://www.schnitzler-kultur.acdh.oeaw.ac.at/pmb183298.html
pmb183290,https://www.schnitzler-kultur.acdh.oeaw.ac.at/pmb183290.html
pmb183272,https://www.schnitzler-kultur.acdh.oeaw.ac.at/pmb183272.html
pmb183265,https://www.schnitzler-kultur.acdh.oeaw.ac.at/pmb183265.html
pmb183250,https://www.schnitzler-kultur.acdh.oeaw.ac.at/pmb183250.html
pmb183239,https://www.schnitzler-kultur.acdh.oeaw.ac.at/pmb183239.html
pmb183233,https://www.schnitzler-kultur.acdh.oeaw.ac.at/pmb183233.html
pmb183209,https://www.schnitzler-kultur.acdh.oeaw.ac.at/pmb183209.html
pmb183193,https://www.schnitzler-kultur.acdh.oeaw.ac.at/pmb183193.html
pmb182772,https://www.schnitzler-kultur.acdh.oeaw.ac.at/pmb182772.html
pmb182270,https://www.schnitzler-kultur.acdh.oeaw.ac.at/pmb182270.html
pmb182012,https://www.schnitzler-kultur.acdh.oeaw.ac.at/pmb182012.html
pmb181888,https://www.schnitzler-kultur.acdh.oeaw.ac.at/pmb181888.html
pmb169523,https://www.schnitzler-kultur.acdh.oeaw.ac.at/pmb169523.html
pmb169475,https://www.schnitzler-kultur.acdh.oeaw.ac.at/pmb169475.html
pmb169424,https://www.schnitzler-kultur.acdh.oeaw.ac.at/pmb169424.html
pmb169107,https://www.schnitzler-kultur.acdh.oeaw.ac.at/pmb169107.html
pmb169077,https://www.schnitzler-kultur.acdh.oeaw.ac.at/pmb169077.html
pmb169051,https://www.schnitzler-kultur.acdh.oeaw.ac.at/pmb169051.html
pmb169019,https://www.schnitzler-kultur.acdh.oeaw.ac.at/pmb169019.html
pmb169013,https://www.schnitzler-kultur.acdh.oeaw.ac.at/pmb169013.html
pmb168887,https://www.schnitzler-kultur.acdh.oeaw.ac.at/pmb168887.html
pmb168841,https://www.schnitzler-kultur.acdh.oeaw.ac.at/pmb168841.html
pmb168391,https://www.schnitzler-kultur.acdh.oeaw.ac.at/pmb168391.html
pmb168382,https://www.schnitzler-kultur.acdh.oeaw.ac.at/pmb168382.html
pmb167960,https://www.schnitzler-kultur.acdh.oeaw.ac.at/pmb167960.html
pmb167925,https://www.schnitzler-kultur.acdh.oeaw.ac.at/pmb167925.html
pmb167867,https://www.schnitzler-kultur.acdh.oeaw.ac.at/pmb167867.html
pmb167862,https://www.schnitzler-kultur.acdh.oeaw.ac.at/pmb167862.html
pmb167853,https://www.schnitzler-kultur.acdh.oeaw.ac.at/pmb167853.html
pmb167833,https://www.schnitzler-kultur.acdh.oeaw.ac.at/pmb167833.html
pmb167749,https://www.schnitzler-kultur.acdh.oeaw.ac.at/pmb167749.html
pmb167701,https://www.schnitzler-kultur.acdh.oeaw.ac.at/pmb167701.html
pmb167665,https://www.schnitzler-kultur.acdh.oeaw.ac.at/pmb167665.html
pmb163044,https://www.schnitzler-kultur.acdh.oeaw.ac.at/pmb163044.html
pmb163039,https://www.schnitzler-kultur.acdh.oeaw.ac.at/pmb163039.html
pmb163034,https://www.schnitzler-kultur.acdh.oeaw.ac.at/pmb163034.html
pmb148379,https://www.schnitzler-kultur.acdh.oeaw.ac.at/pmb148379.html
pmb148369,https://www.schnitzler-kultur.acdh.oeaw.ac.at/pmb148369.html
pmb148325,https://www.schnitzler-kultur.acdh.oeaw.ac.at/pmb148325.html
pmb148230,https://www.schnitzler-kultur.acdh.oeaw.ac.at/pmb148230.html
pmb148224,https://www.schnitzler-kultur.acdh.oeaw.ac.at/pmb148224.html
pmb147984,https://www.schnitzler-kultur.acdh.oeaw.ac.at/pmb147984.html
pmb147961,https://www.schnitzler-kultur.acdh.oeaw.ac.at/pmb147961.html
pmb147534,https://www.schnitzler-kultur.acdh.oeaw.ac.at/pmb147534.html
pmb147278,https://www.schnitzler-kultur.acdh.oeaw.ac.at/pmb147278.html
pmb147234,https://www.schnitzler-kultur.acdh.oeaw.ac.at/pmb147234.html
pmb146985,https://www.schnitzler-kultur.acdh.oeaw.ac.at/pmb146985.html
pmb146808,https://www.schnitzler-kultur.acdh.oeaw.ac.at/pmb146808.html
pmb145884,https://www.schnitzler-kultur.acdh.oeaw.ac.at/pmb145884.html
pmb145758,https://www.schnitzler-kultur.acdh.oeaw.ac.at/pmb145758.html
pmb145675,https://www.schnitzler-kultur.acdh.oeaw.ac.at/pmb145675.html
pmb145637,https://www.schnitzler-kultur.acdh.oeaw.ac.at/pmb145637.html
pmb145542,https://www.schnitzler-kultur.acdh.oeaw.ac.at/pmb145542.html
pmb145196,https://www.schnitzler-kultur.acdh.oeaw.ac.at/pmb145196.html
pmb145177,https://www.schnitzler-kultur.acdh.oeaw.ac.at/pmb145177.html
pmb145148,https://www.schnitzler-kultur.acdh.oeaw.ac.at/pmb145148.html
pmb145135,https://www.schnitzler-kultur.acdh.oeaw.ac.at/pmb145135.html
pmb144831,https://www.schnitzler-kultur.acdh.oeaw.ac.at/pmb144831.html
pmb144827,https://www.schnitzler-kultur.acdh.oeaw.ac.at/pmb144827.html
pmb144628,https://www.schnitzler-kultur.acdh.oeaw.ac.at/pmb144628.html
pmb144571,https://www.schnitzler-kultur.acdh.oeaw.ac.at/pmb144571.html
pmb144389,https://www.schnitzler-kultur.acdh.oeaw.ac.at/pmb144389.html
pmb144340,https://www.schnitzler-kultur.acdh.oeaw.ac.at/pmb144340.html
pmb144203,https://www.schnitzler-kultur.acdh.oeaw.ac.at/pmb144203.html
pmb144072,https://www.schnitzler-kultur.acdh.oeaw.ac.at/pmb144072.html
pmb143981,https://www.schnitzler-kultur.acdh.oeaw.ac.at/pmb143981.html
pmb143957,https://www.schnitzler-kultur.acdh.oeaw.ac.at/pmb143957.html
pmb143939,https://www.schnitzler-kultur.acdh.oeaw.ac.at/pmb143939.html
pmb143820,https://www.schnitzler-kultur.acdh.oeaw.ac.at/pmb143820.html
pmb143439,https://www.schnitzler-kultur.acdh.oeaw.ac.at/pmb143439.html
pmb143202,https://www.schnitzler-kultur.acdh.oeaw.ac.at/pmb143202.html
pmb143176,https://www.schnitzler-kultur.acdh.oeaw.ac.at/pmb143176.html
pmb143159,https://www.schnitzler-kultur.acdh.oeaw.ac.at/pmb143159.html
pmb143145,https://www.schnitzler-kultur.acdh.oeaw.ac.at/pmb143145.html
pmb143134,https://www.schnitzler-kultur.acdh.oeaw.ac.at/pmb143134.html
pmb143121,https://www.schnitzler-kultur.acdh.oeaw.ac.at/pmb143121.html
pmb143090,https://www.schnitzler-kultur.acdh.oeaw.ac.at/pmb143090.html
pmb143085,https://www.schnitzler-kultur.acdh.oeaw.ac.at/pmb143085.html
pmb143068,https://www.schnitzler-kultur.acdh.oeaw.ac.at/pmb143068.html
pmb143042,https://www.schnitzler-kultur.acdh.oeaw.ac.at/pmb143042.html
pmb143010,https://www.schnitzler-kultur.acdh.oeaw.ac.at/pmb143010.html
pmb142900,https://www.schnitzler-kultur.acdh.oeaw.ac.at/pmb142900.html
pmb142819,https://www.schnitzler-kultur.acdh.oeaw.ac.at/pmb142819.html
pmb142802,https://www.schnitzler-kultur.acdh.oeaw.ac.at/pmb142802.html
pmb142793,https://www.schnitzler-kultur.acdh.oeaw.ac.at/pmb142793.html
pmb142785,https://www.schnitzler-kultur.acdh.oeaw.ac.at/pmb142785.html
pmb142775,https://www.schnitzler-kultur.acdh.oeaw.ac.at/pmb142775.html
pmb142765,https://www.schnitzler-kultur.acdh.oeaw.ac.at/pmb142765.html
pmb142757,https://www.schnitzler-kultur.acdh.oeaw.ac.at/pmb142757.html
pmb142716,https://www.schnitzler-kultur.acdh.oeaw.ac.at/pmb142716.html
pmb142572,https://www.schnitzler-kultur.acdh.oeaw.ac.at/pmb142572.html
pmb142476,https://www.schnitzler-kultur.acdh.oeaw.ac.at/pmb142476.html
pmb142390,https://www.schnitzler-kultur.acdh.oeaw.ac.at/pmb142390.html
pmb141781,https://www.schnitzler-kultur.acdh.oeaw.ac.at/pmb141781.html
pmb141501,https://www.schnitzler-kultur.acdh.oeaw.ac.at/pmb141501.html
pmb141489,https://www.schnitzler-kultur.acdh.oeaw.ac.at/pmb141489.html
pmb141446,https://www.schnitzler-kultur.acdh.oeaw.ac.at/pmb141446.html
pmb141417,https://www.schnitzler-kultur.acdh.oeaw.ac.at/pmb141417.html
pmb140940,https://www.schnitzler-kultur.acdh.oeaw.ac.at/pmb140940.html
pmb140844,https://www.schnitzler-kultur.acdh.oeaw.ac.at/pmb140844.html
pmb118484,https://www.schnitzler-kultur.acdh.oeaw.ac.at/pmb118484.html
pmb118274,https://www.schnitzler-kultur.acdh.oeaw.ac.at/pmb118274.html
pmb118269,https://www.schnitzler-kultur.acdh.oeaw.ac.at/pmb118269.html
pmb118263,https://www.schnitzler-kultur.acdh.oeaw.ac.at/pmb118263.html
pmb118221,https://www.schnitzler-kultur.acdh.oeaw.ac.at/pmb118221.html
pmb112524,https://www.schnitzler-kultur.acdh.oeaw.ac.at/pmb112524.html
pmb94377,https://www.schnitzler-kultur.acdh.oeaw.ac.at/pmb94377.html
pmb94343,https://www.schnitzler-kultur.acdh.oeaw.ac.at/pmb94343.html
pmb94322,https://www.schnitzler-kultur.acdh.oeaw.ac.at/pmb94322.html
pmb93462,https://www.schnitzler-kultur.acdh.oeaw.ac.at/pmb93462.html
pmb93057,https://www.schnitzler-kultur.acdh.oeaw.ac.at/pmb93057.html
pmb92883,https://www.schnitzler-kultur.acdh.oeaw.ac.at/pmb92883.html
pmb92775,https://www.schnitzler-kultur.acdh.oeaw.ac.at/pmb92775.html
pmb90033,https://www.schnitzler-kultur.acdh.oeaw.ac.at/pmb90033.html
pmb89901,https://www.schnitzler-kultur.acdh.oeaw.ac.at/pmb89901.html
pmb89661,https://www.schnitzler-kultur.acdh.oeaw.ac.at/pmb89661.html
pmb89633,https://www.schnitzler-kultur.acdh.oeaw.ac.at/pmb89633.html
pmb89627,https://www.schnitzler-kultur.acdh.oeaw.ac.at/pmb89627.html
pmb89615,https://www.schnitzler-kultur.acdh.oeaw.ac.at/pmb89615.html
pmb89531,https://www.schnitzler-kultur.acdh.oeaw.ac.at/pmb89531.html
pmb89342,https://www.schnitzler-kultur.acdh.oeaw.ac.at/pmb89342.html
pmb89335,https://www.schnitzler-kultur.acdh.oeaw.ac.at/pmb89335.html
pmb89324,https://www.schnitzler-kultur.acdh.oeaw.ac.at/pmb89324.html
pmb89316,https://www.schnitzler-kultur.acdh.oeaw.ac.at/pmb89316.html
pmb89234,https://www.schnitzler-kultur.acdh.oeaw.ac.at/pmb89234.html
pmb89199,https://www.schnitzler-kultur.acdh.oeaw.ac.at/pmb89199.html
pmb89194,https://www.schnitzler-kultur.acdh.oeaw.ac.at/pmb89194.html
pmb89188,https://www.schnitzler-kultur.acdh.oeaw.ac.at/pmb89188.html
pmb89182,https://www.schnitzler-kultur.acdh.oeaw.ac.at/pmb89182.html
pmb89173,https://www.schnitzler-kultur.acdh.oeaw.ac.at/pmb89173.html
pmb89169,https://www.schnitzler-kultur.acdh.oeaw.ac.at/pmb89169.html
pmb89146,https://www.schnitzler-kultur.acdh.oeaw.ac.at/pmb89146.html
pmb88630,https://www.schnitzler-kultur.acdh.oeaw.ac.at/pmb88630.html
pmb88534,https://www.schnitzler-kultur.acdh.oeaw.ac.at/pmb88534.html
pmb88376,https://www.schnitzler-kultur.acdh.oeaw.ac.at/pmb88376.html
pmb88363,https://www.schnitzler-kultur.acdh.oeaw.ac.at/pmb88363.html
pmb88068,https://www.schnitzler-kultur.acdh.oeaw.ac.at/pmb88068.html
pmb88033,https://www.schnitzler-kultur.acdh.oeaw.ac.at/pmb88033.html
pmb87825,https://www.schnitzler-kultur.acdh.oeaw.ac.at/pmb87825.html
pmb87820,https://www.schnitzler-kultur.acdh.oeaw.ac.at/pmb87820.html
pmb63509,https://www.schnitzler-kultur.acdh.oeaw.ac.at/pmb63509.html
pmb63490,https://www.schnitzler-kultur.acdh.oeaw.ac.at/pmb63490.html
pmb63474,https://www.schnitzler-kultur.acdh.oeaw.ac.at/pmb63474.html
pmb63461,https://www.schnitzler-kultur.acdh.oeaw.ac.at/pmb63461.html
pmb63449,https://www.schnitzler-kultur.acdh.oeaw.ac.at/pmb63449.html
pmb63365,https://www.schnitzler-kultur.acdh.oeaw.ac.at/pmb63365.html
pmb63356,https://www.schnitzler-kultur.acdh.oeaw.ac.at/pmb63356.html
pmb63347,https://www.schnitzler-kultur.acdh.oeaw.ac.at/pmb63347.html
pmb63085,https://www.schnitzler-kultur.acdh.oeaw.ac.at/pmb63085.html
pmb63078,https://www.schnitzler-kultur.acdh.oeaw.ac.at/pmb63078.html
pmb62979,https://www.schnitzler-kultur.acdh.oeaw.ac.at/pmb62979.html
pmb62703,https://www.schnitzler-kultur.acdh.oeaw.ac.at/pmb62703.html
pmb62339,https://www.schnitzler-kultur.acdh.oeaw.ac.at/pmb62339.html
pmb62229,https://www.schnitzler-kultur.acdh.oeaw.ac.at/pmb62229.html
pmb62220,https://www.schnitzler-kultur.acdh.oeaw.ac.at/pmb62220.html
pmb62192,https://www.schnitzler-kultur.acdh.oeaw.ac.at/pmb62192.html
pmb62185,https://www.schnitzler-kultur.acdh.oeaw.ac.at/pmb62185.html
pmb62177,https://www.schnitzler-kultur.acdh.oeaw.ac.at/pmb62177.html
pmb60857,https://www.schnitzler-kultur.acdh.oeaw.ac.at/pmb60857.html
pmb59776,https://www.schnitzler-kultur.acdh.oeaw.ac.at/pmb59776.html
pmb59624,https://www.schnitzler-kultur.acdh.oeaw.ac.at/pmb59624.html
pmb59607,https://www.schnitzler-kultur.acdh.oeaw.ac.at/pmb59607.html
pmb59292,https://www.schnitzler-kultur.acdh.oeaw.ac.at/pmb59292.html
pmb58640,https://www.schnitzler-kultur.acdh.oeaw.ac.at/pmb58640.html
pmb57577,https://www.schnitzler-kultur.acdh.oeaw.ac.at/pmb57577.html
pmb57547,https://www.schnitzler-kultur.acdh.oeaw.ac.at/pmb57547.html
pmb56931,https://www.schnitzler-kultur.acdh.oeaw.ac.at/pmb56931.html
pmb56662,https://www.schnitzler-kultur.acdh.oeaw.ac.at/pmb56662.html
pmb55542,https://www.schnitzler-kultur.acdh.oeaw.ac.at/pmb55542.html
pmb55226,https://www.schnitzler-kultur.acdh.oeaw.ac.at/pmb55226.html
pmb53252,https://www.schnitzler-kultur.acdh.oeaw.ac.at/pmb53252.html
pmb53022,https://www.schnitzler-kultur.acdh.oeaw.ac.at/pmb53022.html
pmb52040,https://www.schnitzler-kultur.acdh.oeaw.ac.at/pmb52040.html
pmb52037,https://www.schnitzler-kultur.acdh.oeaw.ac.at/pmb52037.html
pmb52017,https://www.schnitzler-kultur.acdh.oeaw.ac.at/pmb52017.html
pmb51741,https://www.schnitzler-kultur.acdh.oeaw.ac.at/pmb51741.html
pmb51297,https://www.schnitzler-kultur.acdh.oeaw.ac.at/pmb51297.html
pmb51279,https://www.schnitzler-kultur.acdh.oeaw.ac.at/pmb51279.html
pmb51266,https://www.schnitzler-kultur.acdh.oeaw.ac.at/pmb51266.html
pmb50887,https://www.schnitzler-kultur.acdh.oeaw.ac.at/pmb50887.html
pmb50882,https://www.schnitzler-kultur.acdh.oeaw.ac.at/pmb50882.html
pmb50860,https://www.schnitzler-kultur.acdh.oeaw.ac.at/pmb50860.html
pmb50222,https://www.schnitzler-kultur.acdh.oeaw.ac.at/pmb50222.html
pmb50184,https://www.schnitzler-kultur.acdh.oeaw.ac.at/pmb50184.html
pmb50054,https://www.schnitzler-kultur.acdh.oeaw.ac.at/pmb50054.html
pmb49365,https://www.schnitzler-kultur.acdh.oeaw.ac.at/pmb49365.html
pmb49350,https://www.schnitzler-kultur.acdh.oeaw.ac.at/pmb49350.html
pmb49056,https://www.schnitzler-kultur.acdh.oeaw.ac.at/pmb49056.html
pmb48949,https://www.schnitzler-kultur.acdh.oeaw.ac.at/pmb48949.html
pmb48883,https://www.schnitzler-kultur.acdh.oeaw.ac.at/pmb48883.html
pmb48875,https://www.schnitzler-kultur.acdh.oeaw.ac.at/pmb48875.html
pmb48866,https://www.schnitzler-kultur.acdh.oeaw.ac.at/pmb48866.html
pmb48822,https://www.schnitzler-kultur.acdh.oeaw.ac.at/pmb48822.html
pmb48787,https://www.schnitzler-kultur.acdh.oeaw.ac.at/pmb48787.html
pmb48776,https://www.schnitzler-kultur.acdh.oeaw.ac.at/pmb48776.html
pmb48470,https://www.schnitzler-kultur.acdh.oeaw.ac.at/pmb48470.html
pmb48259,https://www.schnitzler-kultur.acdh.oeaw.ac.at/pmb48259.html
pmb48249,https://www.schnitzler-kultur.acdh.oeaw.ac.at/pmb48249.html
pmb48242,https://www.schnitzler-kultur.acdh.oeaw.ac.at/pmb48242.html
pmb48222,https://www.schnitzler-kultur.acdh.oeaw.ac.at/pmb48222.html
pmb48195,https://www.schnitzler-kultur.acdh.oeaw.ac.at/pmb48195.html
pmb48183,https://www.schnitzler-kultur.acdh.oeaw.ac.at/pmb48183.html
pmb47850,https://www.schnitzler-kultur.acdh.oeaw.ac.at/pmb47850.html
pmb47841,https://www.schnitzler-kultur.acdh.oeaw.ac.at/pmb47841.html
pmb47830,https://www.schnitzler-kultur.acdh.oeaw.ac.at/pmb47830.html
pmb47820,https://www.schnitzler-kultur.acdh.oeaw.ac.at/pmb47820.html
pmb47813,https://www.schnitzler-kultur.acdh.oeaw.ac.at/pmb47813.html
pmb47800,https://www.schnitzler-kultur.acdh.oeaw.ac.at/pmb47800.html
pmb47695,https://www.schnitzler-kultur.acdh.oeaw.ac.at/pmb47695.html
pmb47684,https://www.schnitzler-kultur.acdh.oeaw.ac.at/pmb47684.html
pmb47603,https://www.schnitzler-kultur.acdh.oeaw.ac.at/pmb47603.html
pmb47592,https://www.schnitzler-kultur.acdh.oeaw.ac.at/pmb47592.html
pmb47575,https://www.schnitzler-kultur.acdh.oeaw.ac.at/pmb47575.html
pmb47517,https://www.schnitzler-kultur.acdh.oeaw.ac.at/pmb47517.html
pmb47451,https://www.schnitzler-kultur.acdh.oeaw.ac.at/pmb47451.html
pmb47397,https://www.schnitzler-kultur.acdh.oeaw.ac.at/pmb47397.html
pmb47113,https://www.schnitzler-kultur.acdh.oeaw.ac.at/pmb47113.html
pmb47101,https://www.schnitzler-kultur.acdh.oeaw.ac.at/pmb47101.html
pmb47078,https://www.schnitzler-kultur.acdh.oeaw.ac.at/pmb47078.html
pmb47072,https://www.schnitzler-kultur.acdh.oeaw.ac.at/pmb47072.html
pmb47048,https://www.schnitzler-kultur.acdh.oeaw.ac.at/pmb47048.html
pmb46947,https://www.schnitzler-kultur.acdh.oeaw.ac.at/pmb46947.html
pmb46819,https://www.schnitzler-kultur.acdh.oeaw.ac.at/pmb46819.html
pmb46600,https://www.schnitzler-kultur.acdh.oeaw.ac.at/pmb46600.html
pmb46552,https://www.schnitzler-kultur.acdh.oeaw.ac.at/pmb46552.html
pmb46528,https://www.schnitzler-kultur.acdh.oeaw.ac.at/pmb46528.html
pmb46496,https://www.schnitzler-kultur.acdh.oeaw.ac.at/pmb46496.html
pmb46480,https://www.schnitzler-kultur.acdh.oeaw.ac.at/pmb46480.html
pmb46467,https://www.schnitzler-kultur.acdh.oeaw.ac.at/pmb46467.html
pmb46314,https://www.schnitzler-kultur.acdh.oeaw.ac.at/pmb46314.html
pmb46300,https://www.schnitzler-kultur.acdh.oeaw.ac.at/pmb46300.html
pmb46261,https://www.schnitzler-kultur.acdh.oeaw.ac.at/pmb46261.html
pmb46246,https://www.schnitzler-kultur.acdh.oeaw.ac.at/pmb46246.html
pmb46106,https://www.schnitzler-kultur.acdh.oeaw.ac.at/pmb46106.html
pmb46098,https://www.schnitzler-kultur.acdh.oeaw.ac.at/pmb46098.html
pmb46078,https://www.schnitzler-kultur.acdh.oeaw.ac.at/pmb46078.html
pmb46073,https://www.schnitzler-kultur.acdh.oeaw.ac.at/pmb46073.html
pmb46014,https://www.schnitzler-kultur.acdh.oeaw.ac.at/pmb46014.html
pmb46005,https://www.schnitzler-kultur.acdh.oeaw.ac.at/pmb46005.html
pmb45952,https://www.schnitzler-kultur.acdh.oeaw.ac.at/pmb45952.html
pmb45842,https://www.schnitzler-kultur.acdh.oeaw.ac.at/pmb45842.html
pmb45838,https://www.schnitzler-kultur.acdh.oeaw.ac.at/pmb45838.html
pmb45832,https://www.schnitzler-kultur.acdh.oeaw.ac.at/pmb45832.html
pmb45821,https://www.schnitzler-kultur.acdh.oeaw.ac.at/pmb45821.html
pmb45136,https://www.schnitzler-kultur.acdh.oeaw.ac.at/pmb45136.html
pmb45077,https://www.schnitzler-kultur.acdh.oeaw.ac.at/pmb45077.html
pmb45067,https://www.schnitzler-kultur.acdh.oeaw.ac.at/pmb45067.html
pmb44801,https://www.schnitzler-kultur.acdh.oeaw.ac.at/pmb44801.html
pmb44795,https://www.schnitzler-kultur.acdh.oeaw.ac.at/pmb44795.html
pmb44469,https://www.schnitzler-kultur.acdh.oeaw.ac.at/pmb44469.html
pmb44429,https://www.schnitzler-kultur.acdh.oeaw.ac.at/pmb44429.html
pmb43911,https://www.schnitzler-kultur.acdh.oeaw.ac.at/pmb43911.html
pmb43905,https://www.schnitzler-kultur.acdh.oeaw.ac.at/pmb43905.html
pmb43870,https://www.schnitzler-kultur.acdh.oeaw.ac.at/pmb43870.html
pmb43508,https://www.schnitzler-kultur.acdh.oeaw.ac.at/pmb43508.html
pmb43387,https://www.schnitzler-kultur.acdh.oeaw.ac.at/pmb43387.html
pmb43358,https://www.schnitzler-kultur.acdh.oeaw.ac.at/pmb43358.html
pmb43326,https://www.schnitzler-kultur.acdh.oeaw.ac.at/pmb43326.html
pmb43296,https://www.schnitzler-kultur.acdh.oeaw.ac.at/pmb43296.html
pmb43275,https://www.schnitzler-kultur.acdh.oeaw.ac.at/pmb43275.html
pmb43270,https://www.schnitzler-kultur.acdh.oeaw.ac.at/pmb43270.html
pmb43248,https://www.schnitzler-kultur.acdh.oeaw.ac.at/pmb43248.html
pmb43233,https://www.schnitzler-kultur.acdh.oeaw.ac.at/pmb43233.html
pmb43208,https://www.schnitzler-kultur.acdh.oeaw.ac.at/pmb43208.html
pmb43159,https://www.schnitzler-kultur.acdh.oeaw.ac.at/pmb43159.html
pmb43136,https://www.schnitzler-kultur.acdh.oeaw.ac.at/pmb43136.html
pmb43100,https://www.schnitzler-kultur.acdh.oeaw.ac.at/pmb43100.html
pmb42893,https://www.schnitzler-kultur.acdh.oeaw.ac.at/pmb42893.html
pmb42807,https://www.schnitzler-kultur.acdh.oeaw.ac.at/pmb42807.html
pmb42789,https://www.schnitzler-kultur.acdh.oeaw.ac.at/pmb42789.html
pmb42753,https://www.schnitzler-kultur.acdh.oeaw.ac.at/pmb42753.html
pmb42740,https://www.schnitzler-kultur.acdh.oeaw.ac.at/pmb42740.html
pmb42590,https://www.schnitzler-kultur.acdh.oeaw.ac.at/pmb42590.html
pmb42475,https://www.schnitzler-kultur.acdh.oeaw.ac.at/pmb42475.html
pmb42468,https://www.schnitzler-kultur.acdh.oeaw.ac.at/pmb42468.html
pmb42446,https://www.schnitzler-kultur.acdh.oeaw.ac.at/pmb42446.html
pmb42439,https://www.schnitzler-kultur.acdh.oeaw.ac.at/pmb42439.html
pmb42426,https://www.schnitzler-kultur.acdh.oeaw.ac.at/pmb42426.html
pmb42318,https://www.schnitzler-kultur.acdh.oeaw.ac.at/pmb42318.html
pmb42314,https://www.schnitzler-kultur.acdh.oeaw.ac.at/pmb42314.html
pmb42306,https://www.schnitzler-kultur.acdh.oeaw.ac.at/pmb42306.html
pmb42285,https://www.schnitzler-kultur.acdh.oeaw.ac.at/pmb42285.html
pmb42232,https://www.schnitzler-kultur.acdh.oeaw.ac.at/pmb42232.html
pmb42195,https://www.schnitzler-kultur.acdh.oeaw.ac.at/pmb42195.html
pmb42188,https://www.schnitzler-kultur.acdh.oeaw.ac.at/pmb42188.html
pmb42176,https://www.schnitzler-kultur.acdh.oeaw.ac.at/pmb42176.html
pmb42170,https://www.schnitzler-kultur.acdh.oeaw.ac.at/pmb42170.html
pmb42037,https://www.schnitzler-kultur.acdh.oeaw.ac.at/pmb42037.html
pmb42028,https://www.schnitzler-kultur.acdh.oeaw.ac.at/pmb42028.html
pmb42019,https://www.schnitzler-kultur.acdh.oeaw.ac.at/pmb42019.html
pmb42011,https://www.schnitzler-kultur.acdh.oeaw.ac.at/pmb42011.html
pmb41938,https://www.schnitzler-kultur.acdh.oeaw.ac.at/pmb41938.html
pmb41674,https://www.schnitzler-kultur.acdh.oeaw.ac.at/pmb41674.html
pmb41620,https://www.schnitzler-kultur.acdh.oeaw.ac.at/pmb41620.html
pmb41587,https://www.schnitzler-kultur.acdh.oeaw.ac.at/pmb41587.html
pmb41447,https://www.schnitzler-kultur.acdh.oeaw.ac.at/pmb41447.html
pmb41441,https://www.schnitzler-kultur.acdh.oeaw.ac.at/pmb41441.html
pmb41434,https://www.schnitzler-kultur.acdh.oeaw.ac.at/pmb41434.html
pmb41414,https://www.schnitzler-kultur.acdh.oeaw.ac.at/pmb41414.html
pmb41148,https://www.schnitzler-kultur.acdh.oeaw.ac.at/pmb41148.html
pmb41110,https://www.schnitzler-kultur.acdh.oeaw.ac.at/pmb41110.html
pmb40995,https://www.schnitzler-kultur.acdh.oeaw.ac.at/pmb40995.html
pmb40618,https://www.schnitzler-kultur.acdh.oeaw.ac.at/pmb40618.html
pmb40436,https://www.schnitzler-kultur.acdh.oeaw.ac.at/pmb40436.html
pmb39553,https://www.schnitzler-kultur.acdh.oeaw.ac.at/pmb39553.html
pmb38885,https://www.schnitzler-kultur.acdh.oeaw.ac.at/pmb38885.html
pmb35482,https://www.schnitzler-kultur.acdh.oeaw.ac.at/pmb35482.html
pmb35479,https://www.schnitzler-kultur.acdh.oeaw.ac.at/pmb35479.html
pmb35439,https://www.schnitzler-kultur.acdh.oeaw.ac.at/pmb35439.html
pmb35427,https://www.schnitzler-kultur.acdh.oeaw.ac.at/pmb35427.html
pmb35424,https://www.schnitzler-kultur.acdh.oeaw.ac.at/pmb35424.html
pmb35421,https://www.schnitzler-kultur.acdh.oeaw.ac.at/pmb35421.html
pmb35418,https://www.schnitzler-kultur.acdh.oeaw.ac.at/pmb35418.html
pmb35412,https://www.schnitzler-kultur.acdh.oeaw.ac.at/pmb35412.html
pmb35406,https://www.schnitzler-kultur.acdh.oeaw.ac.at/pmb35406.html
pmb35385,https://www.schnitzler-kultur.acdh.oeaw.ac.at/pmb35385.html
pmb35382,https://www.schnitzler-kultur.acdh.oeaw.ac.at/pmb35382.html
pmb35379,https://www.schnitzler-kultur.acdh.oeaw.ac.at/pmb35379.html
pmb35373,https://www.schnitzler-kultur.acdh.oeaw.ac.at/pmb35373.html
pmb35361,https://www.schnitzler-kultur.acdh.oeaw.ac.at/pmb35361.html
pmb35355,https://www.schnitzler-kultur.acdh.oeaw.ac.at/pmb35355.html
pmb35331,https://www.schnitzler-kultur.acdh.oeaw.ac.at/pmb35331.html
pmb35312,https://www.schnitzler-kultur.acdh.oeaw.ac.at/pmb35312.html
pmb35284,https://www.schnitzler-kultur.acdh.oeaw.ac.at/pmb35284.html
pmb35272,https://www.schnitzler-kultur.acdh.oeaw.ac.at/pmb35272.html
pmb35257,https://www.schnitzler-kultur.acdh.oeaw.ac.at/pmb35257.html
pmb35254,https://www.schnitzler-kultur.acdh.oeaw.ac.at/pmb35254.html
pmb35251,https://www.schnitzler-kultur.acdh.oeaw.ac.at/pmb35251.html
pmb35247,https://www.schnitzler-kultur.acdh.oeaw.ac.at/pmb35247.html
pmb35215,https://www.schnitzler-kultur.acdh.oeaw.ac.at/pmb35215.html
pmb35206,https://www.schnitzler-kultur.acdh.oeaw.ac.at/pmb35206.html
pmb35203,https://www.schnitzler-kultur.acdh.oeaw.ac.at/pmb35203.html
pmb35185,https://www.schnitzler-kultur.acdh.oeaw.ac.at/pmb35185.html
pmb35182,https://www.schnitzler-kultur.acdh.oeaw.ac.at/pmb35182.html
pmb35179,https://www.schnitzler-kultur.acdh.oeaw.ac.at/pmb35179.html
pmb35176,https://www.schnitzler-kultur.acdh.oeaw.ac.at/pmb35176.html
pmb35173,https://www.schnitzler-kultur.acdh.oeaw.ac.at/pmb35173.html
pmb35170,https://www.schnitzler-kultur.acdh.oeaw.ac.at/pmb35170.html
pmb35164,https://www.schnitzler-kultur.acdh.oeaw.ac.at/pmb35164.html
pmb35161,https://www.schnitzler-kultur.acdh.oeaw.ac.at/pmb35161.html
pmb35155,https://www.schnitzler-kultur.acdh.oeaw.ac.at/pmb35155.html
pmb35152,https://www.schnitzler-kultur.acdh.oeaw.ac.at/pmb35152.html
pmb35113,https://www.schnitzler-kultur.acdh.oeaw.ac.at/pmb35113.html
pmb35110,https://www.schnitzler-kultur.acdh.oeaw.ac.at/pmb35110.html
pmb35107,https://www.schnitzler-kultur.acdh.oeaw.ac.at/pmb35107.html
pmb35104,https://www.schnitzler-kultur.acdh.oeaw.ac.at/pmb35104.html
pmb35098,https://www.schnitzler-kultur.acdh.oeaw.ac.at/pmb35098.html
pmb35095,https://www.schnitzler-kultur.acdh.oeaw.ac.at/pmb35095.html
pmb35092,https://www.schnitzler-kultur.acdh.oeaw.ac.at/pmb35092.html
pmb35077,https://www.schnitzler-kultur.acdh.oeaw.ac.at/pmb35077.html
pmb35068,https://www.schnitzler-kultur.acdh.oeaw.ac.at/pmb35068.html
